API_CID,Excipient_CID,Outcome1,API_Smiles,Excipient_Smiles
196,24434,1,C(CCC(=O)O)CC(=O)O,[N+](=O)([O-])[O-].[K+]
196,516875,1,C(CCC(=O)O)CC(=O)O,[O-][Mn](=O)(=O)=O.[K+]
196,24823,1,C(CCC(=O)O)CC(=O)O,[O-][O+]=O
196,14793,1,C(CCC(=O)O)CC(=O)O,O=[Pb]=O
244,516875,1,C1=CC=C(C=C1)CO,[O-][Mn](=O)(=O)=O.[K+]
244,24823,1,C1=CC=C(C=C1)CO,[O-][O+]=O
244,51063134,1,C1=CC=C(C=C1)CO,COCC1C(C(C(C(O1)OC2C(OC(C(C2OC)OC)OC)COC)OC)OC)OC
244,1118,1,C1=CC=C(C=C1)CO,OS(=O)(=O)O
753,516875,1,C(C(CO)O)O,[O-][Mn](=O)(=O)=O.[K+]
753,6426889,1,C(C(CO)O)O,[O-]Cl(=O)=O.[K+]
753,14915,1,C(C(CO)O)O,O=[Cr](=O)=O
1103,751,1,C(CCNCCCN)CNCCCN,C(C(C=O)O)O
1775,56841936,1,C1=CC=C(C=C1)C2(C(=O)NC(=O)N2)C3=CC=CC=C3,O.O.O=[Al]O[Si](=O)O[Si](=O)O[Al]=O
2082,11177,1,CCCSC1=CC2=C(C=C1)N=C(N2)NC(=O)OC,CCCCCCCCCCCCCCCCCC(=O)[O-].CCCCCCCCCCCCCCCCCC(=O)[O-].[Mg+2]
2082,104938,0,CCCSC1=CC2=C(C=C1)N=C(N2)NC(=O)OC,C(C1C(C(C(C(O1)OC2C(OC(C(C2O)O)O)CO)O)O)O)O.O
2082,62698,0,CCCSC1=CC2=C(C=C1)N=C(N2)NC(=O)OC,C(C1C(C(C(C(O1)OC2C(OC(C(C2O)O)OC3C(OC(C(C3O)O)O)CO)CO)O)O)O)O
2082,6251,0,CCCSC1=CC2=C(C=C1)N=C(N2)NC(=O)OC,C(C(C(C(C(CO)O)O)O)O)O
2082,4134690,0,CCCSC1=CC2=C(C=C1)N=C(N2)NC(=O)OC,C(CCCCCCCCCCO)CCCCCCCCCO
2082,6917,0,CCCSC1=CC2=C(C=C1)N=C(N2)NC(=O)OC,C=CN1CCCC1=O
2082,656582,0,CCCSC1=CC2=C(C=C1)N=C(N2)NC(=O)OC,C1=CC=C2C(=C1)C(=O)[N-]S2(=O)=O.[Na+]
2082,131751496,0,CCCSC1=CC2=C(C=C1)N=C(N2)NC(=O)OC,C1CC(=O)N(C1)C(CP)P
2082,23706213,0,CCCSC1=CC2=C(C=C1)N=C(N2)NC(=O)OC,CC(=O)[O-].C(C(C(C(C(C=O)O)O)O)O)O.[Na+]
2082,3423265,0,CCCSC1=CC2=C(C=C1)N=C(N2)NC(=O)OC,CCCCCCCCCCCCOS(=O)(=O)[O-].[Na+]
2082,134601,0,CCCSC1=CC2=C(C=C1)N=C(N2)NC(=O)OC,COC(=O)C(CC1=CC=CC=C1)NC(=O)C(CC(=O)O)N
2082,135350084,0,CCCSC1=CC2=C(C=C1)N=C(N2)NC(=O)OC,COC1=C(C=CC2=C(C=CN=C21)OC3=C(C=C(C=C3)NC(=O)C(=O)NCCC4=CC5=C(C=C4)OCO5)F)OCC6CCNCC6
2082,14055602,0,CCCSC1=CC2=C(C=C1)N=C(N2)NC(=O)OC,COC1C(OC(C(C1O)O)OC2C(OC(C(C2O)O)OC)CO)CO
2082,24261,0,CCCSC1=CC2=C(C=C1)N=C(N2)NC(=O)OC,O=[Si]=O
2130,5234,0,C1C2CC3CC1CC(C2)(C3)N,[Na+].[Cl-]
2130,104938,0,C1C2CC3CC1CC(C2)(C3)N,C(C1C(C(C(C(O1)OC2C(OC(C(C2O)O)O)CO)O)O)O)O.O
2130,174,0,C1C2CC3CC1CC(C2)(C3)N,C(CO)O
2130,17730,0,C1C2CC3CC1CC(C2)(C3)N,C1=CC(=CC=C1N=NC2=C(C=CC3=C2C=CC(=C3)S(=O)(=O)[O-])O)S(=O)(=O)[O-].[Na+].[Na+]
2130,24671,0,C1C2CC3CC1CC(C2)(C3)N,C1=CC=C2C(=C1)C(=O)C(C2=O)C3=NC4=C(C=C(C=C4C=C3)S(=O)(=O)[O-])S(=O)(=O)[O-].[Na+].[Na+]
2130,3705,0,C1C2CC3CC1CC(C2)(C3)N,C1=CC2=C(C=C1S(=O)(=O)O)C(=C(N2)C3=NC4=C(C3=O)C=C(C=C4)S(=O)(=O)O)O
2130,270885,0,C1C2CC3CC1CC(C2)(C3)N,CC(=O)OC=C.C=CN1CCCC1=O
2130,5541,0,C1C2CC3CC1CC(C2)(C3)N,CC(=O)OCC(COC(=O)C)OC(=O)C
2130,1030,0,C1C2CC3CC1CC(C2)(C3)N,CC(CO)O
2130,5284448,0,C1C2CC3CC1CC(C2)(C3)N,CCCCCCCCC=CCCCCCCCC(=O)OCCOCC(C1C(CC(O1)OCCO)OCCO)OCCO
2130,11177,0,C1C2CC3CC1CC(C2)(C3)N,CCCCCCCCCCCCCCCCCC(=O)[O-].CCCCCCCCCCCCCCCCCC(=O)[O-].[Mg+2]
2130,14055602,0,C1C2CC3CC1CC(C2)(C3)N,COC1C(OC(C(C1O)O)OC2C(OC(C(C2O)O)OC)CO)CO
2130,24261,0,C1C2CC3CC1CC(C2)(C3)N,O=[Si]=O
2130,26042,0,C1C2CC3CC1CC(C2)(C3)N,O=[Ti]=O
2132,11177,1,C1CC(CCC1NCC2=C(C(=CC(=C2)Br)Br)N)O,CCCCCCCCCCCCCCCCCC(=O)[O-].CCCCCCCCCCCCCCCCCC(=O)[O-].[Mg+2]
2162,6134,1,CCOC(=O)C1=C(NC(=C(C1C2=CC=CC=C2Cl)C(=O)OC)C)COCCN,C(C1C(C(C(C(O1)OC2C(OC(C(C2O)O)O)CO)O)O)O)O
2244,14055602,1,CC(=O)OC1=CC=CC=C1C(=O)O,COC1C(OC(C(C1O)O)OC2C(OC(C(C2O)O)OC)CO)CO
2244,104805,1,CC(=O)OC1=CC=CC=C1C(=O)O,O.O.OP(=O)([O-])[O-].[Ca+2]
2244,24497,1,CC(=O)OC1=CC=CC=C1C(=O)O,[O-]S(=O)(=O)[O-].[Ca+2]
2244,11177,1,CC(=O)OC1=CC=CC=C1C(=O)O,CCCCCCCCCCCCCCCCCC(=O)[O-].CCCCCCCCCCCCCCCCCC(=O)[O-].[Mg+2]
2249,54670067,1,CC(C)NCC(COC1=CC=C(C=C1)CC(=O)N)O,C(C(C1C(=C(C(=O)O1)O)O)O)O
2249,311,1,CC(C)NCC(COC1=CC=C(C=C1)CC(=O)N)O,C(C(=O)O)C(CC(=O)O)(C(=O)O)O
2249,131751496,1,CC(C)NCC(COC1=CC=C(C=C1)CC(=O)N)O,C1CC(=O)N(C1)C(CP)P
2249,6932,1,CC(C)NCC(COC1=CC=C(C=C1)CC(=O)N)O,CC(C)(C)C1=C(C=CC(=C1)O)OC
2249,4327536,1,CC(C)NCC(COC1=CC=C(C=C1)CC(=O)N)O,CC(COCC1C(C(C(C(O1)OC2C(OC(C(C2OCC(C)O)OCC(C)O)OCC(C)O)COCC(C)O)OCC(C)O)OCC(C)O)OCC(C)O)O
2249,57503849,1,CC(C)NCC(COC1=CC=C(C=C1)CC(=O)N)O,CC(COCC1C(C(C(C(O1)OC2C(OC(C(C2OCC(C)O)OCC(C)O)OCC(C)O)COCC(C)O)OCC(C)O)OCC(C)O)OCC(C)O)O.COCC1C(C(C(C(O1)OC2C(OC(C(C2OC)OC)OC)COC)OC)OC)OC
2249,51063134,1,CC(C)NCC(COC1=CC=C(C=C1)CC(=O)N)O,COCC1C(C(C(C(O1)OC2C(OC(C(C2OC)OC)OC)COC)OC)OC)OC
2249,6134,0,CC(C)NCC(COC1=CC=C(C=C1)CC(=O)N)O,C(C1C(C(C(C(O1)OC2C(OC(C(C2O)O)O)CO)O)O)O)O
2249,10112,0,CC(C)NCC(COC1=CC=C(C=C1)CC(=O)N)O,C(=O)([O-])[O-].[Ca+2]
2249,6581,0,CC(C)NCC(COC1=CC=C(C=C1)CC(=O)N)O,C=CC(=O)O
2249,11177,0,CC(C)NCC(COC1=CC=C(C=C1)CC(=O)N)O,CCCCCCCCCCCCCCCCCC(=O)[O-].CCCCCCCCCCCCCCCCCC(=O)[O-].[Mg+2]
2249,26924,0,CC(C)NCC(COC1=CC=C(C=C1)CC(=O)N)O,O[Si](=O)[O-].O[Si](=O)[O-].[O-][Si](=O)[O-].[O-][Si](=O)[O-].[Mg+2].[Mg+2].[Mg+2]
2249,11178,0,CC(C)NCC(COC1=CC=C(C=C1)CC(=O)N)O,CCCCCCCCCCCCCCCCCC(=O)[O-].CCCCCCCCCCCCCCCCCC(=O)[O-].[Zn+2]
2249,24441,0,CC(C)NCC(COC1=CC=C(C=C1)CC(=O)N)O,OP(=O)([O-])[O-].[Ca+2]
2249,5281,0,CC(C)NCC(COC1=CC=C(C=C1)CC(=O)N)O,CCCCCCCCCCCCCCCCCC(=O)O
2249,14792,0,CC(C)NCC(COC1=CC=C(C=C1)CC(=O)N)O,O=[Mg]
2284,6134,1,C1=CC(=CC=C1C(CC(=O)O)CN)Cl,C(C1C(C(C(C(O1)OC2C(OC(C(C2O)O)O)CO)O)O)O)O
2284,6251,0,C1=CC(=CC=C1C(CC(=O)O)CN)Cl,C(C(C(C(C(CO)O)O)O)O)O
2284,5780,0,C1=CC(=CC=C1C(CC(=O)O)CN)Cl,C(C(C(C(C(CO)O)O)O)O)O
2284,11177,0,C1=CC(=CC=C1C(CC(=O)O)CN)Cl,CCCCCCCCCCCCCCCCCC(=O)[O-].CCCCCCCCCCCCCCCCCC(=O)[O-].[Mg+2]
2284,26924,0,C1=CC(=CC=C1C(CC(=O)O)CN)Cl,O[Si](=O)[O-].O[Si](=O)[O-].[O-][Si](=O)[O-].[O-][Si](=O)[O-].[Mg+2].[Mg+2].[Mg+2]
2284,24441,0,C1=CC(=CC=C1C(CC(=O)O)CN)Cl,OP(=O)([O-])[O-].[Ca+2]
2678,5780,0,C1CN(CCN1CCOCC(=O)O)C(C2=CC=CC=C2)C3=CC=C(C=C3)Cl,C(C(C(C(C(CO)O)O)O)O)O
2678,131751496,0,C1CN(CCN1CCOCC(=O)O)C(C2=CC=CC=C2)C3=CC=C(C=C3)Cl,C1CC(=O)N(C1)C(CP)P
2678,23706213,0,C1CN(CCN1CCOCC(=O)O)C(C2=CC=CC=C2)C3=CC=C(C=C3)Cl,CC(=O)[O-].C(C(C(C(C(C=O)O)O)O)O)O.[Na+]
2678,134601,0,C1CN(CCN1CCOCC(=O)O)C(C2=CC=CC=C2)C3=CC=C(C=C3)Cl,COC(=O)C(CC1=CC=CC=C1)NC(=O)C(CC(=O)O)N
2726,342,1,CN(C)CCCN1C2=CC=CC=C2SC3=C1C=C(C=C3)Cl,CC1=CC(=CC=C1)O
2727,11177,1,CCCNC(=O)NS(=O)(=O)C1=CC=C(C=C1)Cl,CCCCCCCCCCCCCCCCCC(=O)[O-].CCCCCCCCCCCCCCCCCC(=O)[O-].[Mg+2]
2727,3423265,1,CCCNC(=O)NS(=O)(=O)C1=CC=C(C=C1)Cl,CCCCCCCCCCCCOS(=O)(=O)[O-].[Na+]
2756,56841936,1,CC1=C(N=CN1)CSCCNC(=NC)NC#N,O.O.O=[Al]O[Si](=O)O[Si](=O)O[Al]=O
2756,6328154,0,CC1=C(N=CN1)CSCCNC(=NC)NC#N,CC(=O)O.C(C(C(C(C(C=O)O)O)O)O)O.[Na]
2756,11177,0,CC1=C(N=CN1)CSCCNC(=NC)NC#N,CCCCCCCCCCCCCCCCCC(=O)[O-].CCCCCCCCCCCCCCCCCC(=O)[O-].[Mg+2]
2756,134601,0,CC1=C(N=CN1)CSCCNC(=NC)NC#N,COC(=O)C(CC1=CC=CC=C1)NC(=O)C(CC(=O)O)N
2783,6134,1,CC(C)(C)NCC(C1=CC(=C(C(=C1)Cl)N)Cl)O,C(C1C(C(C(C(O1)OC2C(OC(C(C2O)O)O)CO)O)O)O)O
2783,86278134,1,CC(C)(C)NCC(C1=CC(=C(C(=C1)Cl)N)Cl)O,C(C1C(C(C(C(O1)OC2C(OC(C(C2O)O)OCC3C(C(C(C(O3)OC4C(OC(C(C4O)O)OC5C(OC(C(C5O)O)O)CO)CO)O)O)OC6C(C(C(C(O6)CO)OC7C(C(C(C(O7)CO)O)O)O)O)O)CO)O)O)O)O
2783,131751496,1,CC(C)(C)NCC(C1=CC(=C(C(=C1)Cl)N)Cl)O,C1CC(=O)N(C1)C(CP)P
2783,6328154,1,CC(C)(C)NCC(C1=CC(=C(C(=C1)Cl)N)Cl)O,CC(=O)O.C(C(C(C(C(C=O)O)O)O)O)O.[Na]
2783,6932,1,CC(C)(C)NCC(C1=CC(=C(C(=C1)Cl)N)Cl)O,CC(C)(C)C1=C(C=CC(=C1)O)OC
2783,24836924,1,CC(C)(C)NCC(C1=CC(=C(C(=C1)Cl)N)Cl)O,CC1C(C(C(C(O1)CO)OC2C(C(C(C(O2)COC3C(C(C(C(O3)CO)OC)O)O)OC4C(C(C(C(O4)CO)OC)O)O)O)O)O)O
2783,104938,0,CC(C)(C)NCC(C1=CC(=C(C(=C1)Cl)N)Cl)O,C(C1C(C(C(C(O1)OC2C(OC(C(C2O)O)O)CO)O)O)O)O.O
2783,6917,0,CC(C)(C)NCC(C1=CC(=C(C(=C1)Cl)N)Cl)O,C=CN1CCCC1=O
2783,11177,0,CC(C)(C)NCC(C1=CC(=C(C(=C1)Cl)N)Cl)O,CCCCCCCCCCCCCCCCCC(=O)[O-].CCCCCCCCCCCCCCCCCC(=O)[O-].[Mg+2]
3007,6134,1,CC(CC1=CC=CC=C1)N,C(C1C(C(C(C(O1)OC2C(OC(C(C2O)O)O)CO)O)O)O)O
3007,104938,1,CC(CC1=CC=CC=C1)N,C(C1C(C(C(C(O1)OC2C(OC(C(C2O)O)O)CO)O)O)O)O.O
3026,943,1,CCCCOC(=O)C1=CC=CC=C1C(=O)OCCCC,[N+](=O)([O-])[O-]
3026,14798,1,CCCCOC(=O)C1=CC=CC=C1C(=O)OCCCC,[OH-].[Na+]
3026,24526,1,CCCCOC(=O)C1=CC=CC=C1C(=O)OCCCC,ClCl
3026,1118,1,CCCCOC(=O)C1=CC=CC=C1C(=O)OCCCC,OS(=O)(=O)O
3059,104931,1,C1=CC(=C(C=C1C2=C(C=C(C=C2)F)F)C(=O)O)O,CCOC(=O)C=C.CC(=C)C(=O)OC.CC(=C)C(=O)OCC[N+](C)(C)C.[Cl-]
3151,6251,0,C1CN(CCC1N2C3=C(C=C(C=C3)Cl)NC2=O)CCCN4C5=CC=CC=C5NC4=O,C(C(C(C(C(CO)O)O)O)O)O
3151,516892,0,C1CN(CCC1N2C3=C(C=C(C=C3)Cl)NC2=O)CCCN4C5=CC=CC=C5NC4=O,C(=O)(O)[O-].[Na+]
3151,311,0,C1CN(CCC1N2C3=C(C=C(C=C3)Cl)NC2=O)CCCN4C5=CC=CC=C5NC4=O,C(C(=O)O)C(CC(=O)O)(C(=O)O)O
3151,5143,0,C1CN(CCC1N2C3=C(C=C(C=C3)Cl)NC2=O)CCCN4C5=CC=CC=C5NC4=O,C1=CC=C2C(=C1)C(=O)NS2(=O)=O
3151,4764,0,C1CN(CCC1N2C3=C(C=C(C=C3)Cl)NC2=O)CCCN4C5=CC=CC=C5NC4=O,C1=CC=C2C(=C1)C(=O)OC2(C3=CC=C(C=C3)O)C4=CC=C(C=C4)O
3151,23706213,0,C1CN(CCC1N2C3=C(C=C(C=C3)Cl)NC2=O)CCCN4C5=CC=CC=C5NC4=O,CC(=O)[O-].C(C(C(C(C(C=O)O)O)O)O)O.[Na+]
3151,11177,0,C1CN(CCC1N2C3=C(C=C(C=C3)Cl)NC2=O)CCCN4C5=CC=CC=C5NC4=O,CCCCCCCCCCCCCCCCCC(=O)[O-].CCCCCCCCCCCCCCCCCC(=O)[O-].[Mg+2]
3278,131751496,0,CCC(=C)C(=O)C1=C(C(=C(C=C1)OCC(=O)O)Cl)Cl,C1CC(=O)N(C1)C(CP)P
3308,104938,0,CCC1=C2C(=CC=C1)C3=C(N2)C(OCC3)(CC)CC(=O)O,C(C1C(C(C(C(O1)OC2C(OC(C(C2O)O)O)CO)O)O)O)O.O
3308,6344,0,CCC1=C2C(=CC=C1)C3=C(N2)C(OCC3)(CC)CC(=O)O,C(Cl)Cl
3308,174,0,CCC1=C2C(=CC=C1)C3=C(N2)C(OCC3)(CC)CC(=O)O,C(CO)O
3308,6581,0,CCC1=C2C(=CC=C1)C3=C(N2)C(OCC3)(CC)CC(=O)O,C=CC(=O)O
3308,6917,0,CCC1=C2C(=CC=C1)C3=C(N2)C(OCC3)(CC)CC(=O)O,C=CN1CCCC1=O
3308,3776,0,CCC1=C2C(=CC=C1)C3=C(N2)C(OCC3)(CC)CC(=O)O,CC(C)O
3308,11177,0,CCC1=C2C(=CC=C1)C3=C(N2)C(OCC3)(CC)CC(=O)O,CCCCCCCCCCCCCCCCCC(=O)[O-].CCCCCCCCCCCCCCCCCC(=O)[O-].[Mg+2]
3308,26924,0,CCC1=C2C(=CC=C1)C3=C(N2)C(OCC3)(CC)CC(=O)O,O[Si](=O)[O-].O[Si](=O)[O-].[O-][Si](=O)[O-].[O-][Si](=O)[O-].[Mg+2].[Mg+2].[Mg+2]
3308,24261,0,CCC1=C2C(=CC=C1)C3=C(N2)C(OCC3)(CC)CC(=O)O,O=[Si]=O
3308,24441,0,CCC1=C2C(=CC=C1)C3=C(N2)C(OCC3)(CC)CC(=O)O,OP(=O)([O-])[O-].[Ca+2]
3333,6251,0,CCOC(=O)C1=C(NC(=C(C1C2=C(C(=CC=C2)Cl)Cl)C(=O)OC)C)C,C(C(C(C(C(CO)O)O)O)O)O
3333,23665634,0,CCOC(=O)C1=C(NC(=C(C1C2=C(C(=CC=C2)Cl)Cl)C(=O)OC)C)C,CCCCCCCCCCCCCCCCCCOC(=O)C=CC(=O)[O-].[Na+]
3333,134601,0,CCOC(=O)C1=C(NC(=C(C1C2=C(C(=CC=C2)Cl)Cl)C(=O)OC)C)C,COC(=O)C(CC1=CC=CC=C1)NC(=O)C(CC(=O)O)N
3333,14055602,0,CCOC(=O)C1=C(NC(=C(C1C2=C(C(=CC=C2)Cl)Cl)C(=O)OC)C)C,COC1C(OC(C(C1O)O)OC2C(OC(C(C2O)O)OC)CO)CO
3333,26924,0,CCOC(=O)C1=C(NC(=C(C1C2=C(C(=CC=C2)Cl)Cl)C(=O)OC)C)C,O[Si](=O)[O-].O[Si](=O)[O-].[O-][Si](=O)[O-].[O-][Si](=O)[O-].[Mg+2].[Mg+2].[Mg+2]
3476,6134,0,CCC1=C(CN(C1=O)C(=O)NCCC2=CC=C(C=C2)S(=O)(=O)NC(=O)NC3CCC(CC3)C)C,C(C1C(C(C(C(O1)OC2C(OC(C(C2O)O)O)CO)O)O)O)O
3476,6917,0,CCC1=C(CN(C1=O)C(=O)NCCC2=CC=C(C=C2)S(=O)(=O)NC(=O)NC3CCC(CC3)C)C,C=CN1CCCC1=O
3476,23706213,0,CCC1=C(CN(C1=O)C(=O)NCCC2=CC=C(C=C2)S(=O)(=O)NC(=O)NC3CCC(CC3)C)C,CC(=O)[O-].C(C(C(C(C(C=O)O)O)O)O)O.[Na+]
3476,11177,0,CCC1=C(CN(C1=O)C(=O)NCCC2=CC=C(C=C2)S(=O)(=O)NC(=O)NC3CCC(CC3)C)C,CCCCCCCCCCCCCCCCCC(=O)[O-].CCCCCCCCCCCCCCCCCC(=O)[O-].[Mg+2]
3476,5281,0,CCC1=C(CN(C1=O)C(=O)NCCC2=CC=C(C=C2)S(=O)(=O)NC(=O)NC3CCC(CC3)C)C,CCCCCCCCCCCCCCCCCC(=O)O
3476,14055602,0,CCC1=C(CN(C1=O)C(=O)NCCC2=CC=C(C=C2)S(=O)(=O)NC(=O)NC3CCC(CC3)C)C,COC1C(OC(C(C1O)O)OC2C(OC(C(C2O)O)OC)CO)CO
3476,26924,0,CCC1=C(CN(C1=O)C(=O)NCCC2=CC=C(C=C2)S(=O)(=O)NC(=O)NC3CCC(CC3)C)C,O[Si](=O)[O-].O[Si](=O)[O-].[O-][Si](=O)[O-].[O-][Si](=O)[O-].[Mg+2].[Mg+2].[Mg+2]
3478,21257725,1,CC1=CN=C(C=N1)C(=O)NCCC2=CC=C(C=C2)S(=O)(=O)NC(=O)NC3CCCCC3,B(O)(O)O.C(CN(CC(=O)O)CC(=O)O)N(CC(=O)O)CC(=O)O.C(C(CO)(CO)N)O
3478,6134,1,CC1=CN=C(C=N1)C(=O)NCCC2=CC=C(C=C2)S(=O)(=O)NC(=O)NC3CCCCC3,C(C1C(C(C(C(O1)OC2C(OC(C(C2O)O)O)CO)O)O)O)O
3478,24832091,0,CC1=CN=C(C=N1)C(=O)NCCC2=CC=C(C=C2)S(=O)(=O)NC(=O)NC3CCCCC3,CCOCC1C(C(C(C(O1)OC)OCC)OCC)OC2C(C(C(C(O2)CO)OC)O)O
3478,164825,0,CC1=CN=C(C=N1)C(=O)NCCC2=CC=C(C=C2)S(=O)(=O)NC(=O)NC3CCCCC3,C1=CC(=CC=C1N=NC2C(=NN(C2=O)C3=CC=C(C=C3)S(=O)(=O)[O-])C(=O)[O-])S(=O)(=O)[O-].[Na+].[Na+].[Na+]
3478,11177,0,CC1=CN=C(C=N1)C(=O)NCCC2=CC=C(C=C2)S(=O)(=O)NC(=O)NC3CCCCC3,CCCCCCCCCCCCCCCCCC(=O)[O-].CCCCCCCCCCCCCCCCCC(=O)[O-].[Mg+2]
3478,26924,0,CC1=CN=C(C=N1)C(=O)NCCC2=CC=C(C=C2)S(=O)(=O)NC(=O)NC3CCCCC3,O[Si](=O)[O-].O[Si](=O)[O-].[O-][Si](=O)[O-].[O-][Si](=O)[O-].[Mg+2].[Mg+2].[Mg+2]
3478,8567,1,CC1=CN=C(C=N1)C(=O)NCCC2=CC=C(C=C2)S(=O)(=O)NC(=O)NC3CCCCC3,CNCC(C(C(C(CO)O)O)O)O
3488,11177,1,COC1=C(C=C(C=C1)Cl)C(=O)NCCC2=CC=C(C=C2)S(=O)(=O)NC(=O)NC3CCCCC3,CCCCCCCCCCCCCCCCCC(=O)[O-].CCCCCCCCCCCCCCCCCC(=O)[O-].[Mg+2]
3488,104938,0,COC1=C(C=C(C=C1)Cl)C(=O)NCCC2=CC=C(C=C2)S(=O)(=O)NC(=O)NC3CCCCC3,C(C1C(C(C(C(O1)OC2C(OC(C(C2O)O)O)CO)O)O)O)O.O
3488,6917,0,COC1=C(C=C(C=C1)Cl)C(=O)NCCC2=CC=C(C=C2)S(=O)(=O)NC(=O)NC3CCCCC3,C=CN1CCCC1=O
3488,5102882,0,COC1=C(C=C(C=C1)Cl)C(=O)NCCC2=CC=C(C=C2)S(=O)(=O)NC(=O)NC3CCCCC3,C1(C(C(OC(C1O)O)C(=O)[O-])O)O.[Na+]
3488,131751496,0,COC1=C(C=C(C=C1)Cl)C(=O)NCCC2=CC=C(C=C2)S(=O)(=O)NC(=O)NC3CCCCC3,C1CC(=O)N(C1)C(CP)P
3488,24844,0,COC1=C(C=C(C=C1)Cl)C(=O)NCCC2=CC=C(C=C2)S(=O)(=O)NC(=O)NC3CCCCC3,O.O.[Cl-].[Cl-].[Ca+2]
3559,131751496,1,C1CN(CCC1(C2=CC=C(C=C2)Cl)O)CCCC(=O)C3=CC=C(C=C3)F,C1CC(=O)N(C1)C(CP)P
3559,237332,1,C1CN(CCC1(C2=CC=C(C=C2)Cl)O)CCCC(=O)C3=CC=C(C=C3)F,C1=C(OC(=C1)C=O)CO
3599,104938,0,CCCCCCCCCCCCCCCCOP(=O)([O-])OCC[N+](C)(C)C,C(C1C(C(C(C(O1)OC2C(OC(C(C2O)O)O)CO)O)O)O)O.O
3599,11177,0,CCCCCCCCCCCCCCCCOP(=O)([O-])OCC[N+](C)(C)C,CCCCCCCCCCCCCCCCCC(=O)[O-].CCCCCCCCCCCCCCCCCC(=O)[O-].[Mg+2]
3599,14055602,0,CCCCCCCCCCCCCCCCOP(=O)([O-])OCC[N+](C)(C)C,COC1C(OC(C(C1O)O)OC2C(OC(C(C2O)O)OC)CO)CO
3599,26924,0,CCCCCCCCCCCCCCCCOP(=O)([O-])OCC[N+](C)(C)C,O[Si](=O)[O-].O[Si](=O)[O-].[O-][Si](=O)[O-].[O-][Si](=O)[O-].[Mg+2].[Mg+2].[Mg+2]
3599,518696,0,CCCCCCCCCCCCCCCCOP(=O)([O-])OCC[N+](C)(C)C,O=[Fe]O[Fe]=O
3599,24261,0,CCCCCCCCCCCCCCCCOP(=O)([O-])OCC[N+](C)(C)C,O=[Si]=O
3599,26042,0,CCCCCCCCCCCCCCCCOP(=O)([O-])OCC[N+](C)(C)C,O=[Ti]=O
3639,62698,0,C1NC2=CC(=C(C=C2S(=O)(=O)N1)S(=O)(=O)N)Cl,C(C1C(C(C(C(O1)OC2C(OC(C(C2O)O)OC3C(OC(C(C3O)O)O)CO)CO)O)O)O)O
3639,6251,0,C1NC2=CC(=C(C=C2S(=O)(=O)N1)S(=O)(=O)N)Cl,C(C(C(C(C(CO)O)O)O)O)O
3639,134601,0,C1NC2=CC(=C(C=C2S(=O)(=O)N1)S(=O)(=O)N)Cl,COC(=O)C(CC1=CC=CC=C1)NC(=O)C(CC(=O)O)N
3639,26924,0,C1NC2=CC(=C(C=C2S(=O)(=O)N1)S(=O)(=O)N)Cl,O[Si](=O)[O-].O[Si](=O)[O-].[O-][Si](=O)[O-].[O-][Si](=O)[O-].[Mg+2].[Mg+2].[Mg+2]
3672,2682,1,CC(C)CC1=CC=C(C=C1)C(C)C(=O)O,CCCCCCCCCCCCCCCCO
3672,516892,1,CC(C)CC1=CC=C(C=C1)C(C)C(=O)O,C(=O)(O)[O-].[Na+]
3672,5284448,1,CC(C)CC1=CC=C(C=C1)C(C)C(=O)O,CCCCCCCCC=CCCCCCCCC(=O)OCCOCC(C1C(CC(O1)OCCO)OCCO)OCCO
3672,11177,1,CC(C)CC1=CC=C(C=C1)C(C)C(=O)O,CCCCCCCCCCCCCCCCCC(=O)[O-].CCCCCCCCCCCCCCCCCC(=O)[O-].[Mg+2]
3672,104931,1,CC(C)CC1=CC=C(C=C1)C(C)C(=O)O,CCOC(=O)C=C.CC(=C)C(=O)OC.CC(=C)C(=O)OCC[N+](C)(C)C.[Cl-]
3672,14792,1,CC(C)CC1=CC=C(C=C1)C(C)C(=O)O,O=[Mg]
3672,62698,0,CC(C)CC1=CC=C(C=C1)C(C)C(=O)O,C(C1C(C(C(C(O1)OC2C(OC(C(C2O)O)OC3C(OC(C(C3O)O)O)CO)CO)O)O)O)O
3672,174,0,CC(C)CC1=CC=C(C=C1)C(C)C(=O)O,C(CO)O
3672,131751496,0,CC(C)CC1=CC=C(C=C1)C(C)C(=O)O,C1CC(=O)N(C1)C(CP)P
3672,23706213,0,CC(C)CC1=CC=C(C=C1)C(C)C(=O)O,CC(=O)[O-].C(C(C(C(C(C=O)O)O)O)O)O.[Na+]
3672,270885,0,CC(C)CC1=CC=C(C=C1)C(C)C(=O)O,CC(=O)OC=C.C=CN1CCCC1=O
3672,121950,0,CC(C)CC1=CC=C(C=C1)C(C)C(=O)O,CC(CO)O.CC(=O)O.CO.C(CC(=O)O)C(=O)O
3672,24261,0,CC(C)CC1=CC=C(C=C1)C(C)C(=O)O,O=[Si]=O
3715,131751496,1,CC1=C(C2=C(N1C(=O)C3=CC=C(C=C3)Cl)C=CC(=C2)OC)CC(=O)O,C1CC(=O)N(C1)C(CP)P
3715,11177,1,CC1=C(C2=C(N1C(=O)C3=CC=C(C=C3)Cl)C=CC(=C2)OC)CC(=O)O,CCCCCCCCCCCCCCCCCC(=O)[O-].CCCCCCCCCCCCCCCCCC(=O)[O-].[Mg+2]
3715,104805,1,CC1=C(C2=C(N1C(=O)C3=CC=C(C=C3)Cl)C=CC(=C2)OC)CC(=O)O,O.O.OP(=O)([O-])[O-].[Ca+2]
3715,5281,1,CC1=C(C2=C(N1C(=O)C3=CC=C(C=C3)Cl)C=CC(=C2)OC)CC(=O)O,CCCCCCCCCCCCCCCCCC(=O)O
3715,24497,1,CC1=C(C2=C(N1C(=O)C3=CC=C(C=C3)Cl)C=CC(=C2)OC)CC(=O)O,[O-]S(=O)(=O)[O-].[Ca+2]
3715,104938,0,CC1=C(C2=C(N1C(=O)C3=CC=C(C=C3)Cl)C=CC(=C2)OC)CC(=O)O,C(C1C(C(C(C(O1)OC2C(OC(C(C2O)O)O)CO)O)O)O)O.O
3715,6917,0,CC1=C(C2=C(N1C(=O)C3=CC=C(C=C3)Cl)C=CC(=C2)OC)CC(=O)O,C=CN1CCCC1=O
3715,24261,0,CC1=C(C2=C(N1C(=O)C3=CC=C(C=C3)Cl)C=CC(=C2)OC)CC(=O)O,O=[Si]=O
3749,712,1,CCCCC1=NC2(CCCC2)C(=O)N1CC3=CC=C(C=C3)C4=CC=CC=C4C5=NNN=N5,C=O
3784,21584077,0,CC1=C(C(C(=C(N1)C)C(=O)OC(C)C)C2=CC=CC3=NON=C32)C(=O)OC,[O-]P(=O)([O-])[O-].[Ca+2].[Ca+2]
3784,6134,0,CC1=C(C(C(=C(N1)C)C(=O)OC(C)C)C2=CC=CC3=NON=C32)C(=O)OC,C(C1C(C(C(C(O1)OC2C(OC(C(C2O)O)O)CO)O)O)O)O
3784,6917,0,CC1=C(C(C(=C(N1)C)C(=O)OC(C)C)C2=CC=CC3=NON=C32)C(=O)OC,C=CN1CCCC1=O
3784,11177,0,CC1=C(C(C(=C(N1)C)C(=O)OC(C)C)C2=CC=CC3=NON=C32)C(=O)OC,CCCCCCCCCCCCCCCCCC(=O)[O-].CCCCCCCCCCCCCCCCCC(=O)[O-].[Mg+2]
3784,26924,0,CC1=C(C(C(=C(N1)C)C(=O)OC(C)C)C2=CC=CC3=NON=C32)C(=O)OC,O[Si](=O)[O-].O[Si](=O)[O-].[O-][Si](=O)[O-].[O-][Si](=O)[O-].[Mg+2].[Mg+2].[Mg+2]
3884,985,1,CC(=CCC1=C(C2=CC=CC=C2C(=O)C1=O)O)C,CCCCCCCCCCCCCCCC(=O)O
3884,24699,1,CC(=CCC1=C(C2=CC=CC=C2C(=O)C1=O)O)C,CCCCCCCCCCCCCCCCCC(=O)OCC(CO)O
3884,62238,1,CC(=CCC1=C(C2=CC=CC=C2C(=O)C1=O)O)C,CCCCCCCCCCCCCCCCCCO.CCCCCCCCCCCCCCCCO
3884,7456,1,CC(=CCC1=C(C2=CC=CC=C2C(=O)C1=O)O)C,COC(=O)C1=CC=C(C=C1)O
3955,155491311,1,CN(C)C(=O)C(CCN1CCC(CC1)(C2=CC=C(C=C2)Cl)O)(C3=CC=CC=C3)C4=CC=CC=C4,O.O.O.O.[OH-].[O-2].[O-2].[O-2].[O-2].[O-2].[O-2].[O-2].[O-2].[O-2].[O-2].[Mg+2].[Al+3].[Si].[Si].[Si].[Si]
4075,311,1,C1=CC(=C(C=C1N)C(=O)O)O,C(C(=O)O)C(CC(=O)O)(C(=O)O)O
4075,4093,0,C1=CC(=C(C=C1N)C(=O)O)O,CC(=C)C(=O)O
4075,4134690,0,C1=CC(=C(C=C1N)C(=O)O)O,C(CCCCCCCCCCO)CCCCCCCCCO
4075,174,0,C1=CC(=C(C=C1N)C(=O)O)O,C(CO)O
4075,24748,0,C1=CC(=C(C=C1N)C(=O)O)O,CC(=O)O.C(C(C(C(C(C=O)O)O)O)O)O
4075,11177,0,C1=CC(=C(C=C1N)C(=O)O)O,CCCCCCCCCCCCCCCCCC(=O)[O-].CCCCCCCCCCCCCCCCCC(=O)[O-].[Mg+2]
4075,5281,0,C1=CC(=C(C=C1N)C(=O)O)O,CCCCCCCCCCCCCCCCCC(=O)O
4075,6506,0,C1=CC(=C(C=C1N)C(=O)O)O,CCOC(=O)CC(CC(=O)OCC)(C(=O)OCC)O
4075,26924,0,C1=CC(=C(C=C1N)C(=O)O)O,O[Si](=O)[O-].O[Si](=O)[O-].[O-][Si](=O)[O-].[O-][Si](=O)[O-].[Mg+2].[Mg+2].[Mg+2]
4075,24261,0,C1=CC(=C(C=C1N)C(=O)O)O,O=[Si]=O
4075,26042,0,C1=CC(=C(C=C1N)C(=O)O)O,O=[Ti]=O
4091,6134,1,CN(C)C(=N)N=C(N)N,C(C1C(C(C(C(O1)OC2C(OC(C(C2O)O)O)CO)O)O)O)O
4091,23706213,1,CN(C)C(=N)N=C(N)N,CC(=O)[O-].C(C(C(C(C(C=O)O)O)O)O)O.[Na+]
4168,16211032,0,CCN(CC)CCNC(=O)C1=CC(=C(C=C1OC)N)Cl,C(C1C(C(C(C(O1)OC2C(OC(C(C2O)O)O)CO)O)O)O)O
4168,57503849,0,CCN(CC)CCNC(=O)C1=CC(=C(C=C1OC)N)Cl,CC(COCC1C(C(C(C(O1)OC2C(OC(C(C2OCC(C)O)OCC(C)O)OCC(C)O)COCC(C)O)OCC(C)O)OCC(C)O)OCC(C)O)O.COCC1C(C(C(C(O1)OC2C(OC(C(C2OC)OC)OC)COC)OC)OC)OC
4168,11177,0,CCN(CC)CCNC(=O)C1=CC(=C(C=C1OC)N)Cl,CCCCCCCCCCCCCCCCCC(=O)[O-].CCCCCCCCCCCCCCCCCC(=O)[O-].[Mg+2]
4168,24832091,0,CCN(CC)CCNC(=O)C1=CC(=C(C=C1OC)N)Cl,CCOCC1C(C(C(C(O1)OC)OCC)OCC)OC2C(C(C(C(O2)CO)OC)O)O
4168,26924,0,CCN(CC)CCNC(=O)C1=CC(=C(C=C1OC)N)Cl,O[Si](=O)[O-].O[Si](=O)[O-].[O-][Si](=O)[O-].[O-][Si](=O)[O-].[Mg+2].[Mg+2].[Mg+2]
4173,21862903,1,CC1=NC=C(N1CCO)[N+](=O)[O-],O.O.[O-]P(=O)([O-])[O-].[Ca+2].[Ca+2]
4173,516892,0,CC1=NC=C(N1CCO)[N+](=O)[O-],C(=O)(O)[O-].[Na+]
4173,11177,0,CC1=NC=C(N1CCO)[N+](=O)[O-],CCCCCCCCCCCCCCCCCC(=O)[O-].CCCCCCCCCCCCCCCCCC(=O)[O-].[Mg+2]
4173,5780,0,CC1=NC=C(N1CCO)[N+](=O)[O-],C(C(C(C(C(CO)O)O)O)O)O
4173,875,0,CC1=NC=C(N1CCO)[N+](=O)[O-],C(C(C(=O)O)O)(C(=O)O)O
4173,174,0,CC1=NC=C(N1CCO)[N+](=O)[O-],C(CO)O
4173,6917,0,CC1=NC=C(N1CCO)[N+](=O)[O-],C=CN1CCCC1=O
4173,131751496,0,CC1=NC=C(N1CCO)[N+](=O)[O-],C1CC(=O)N(C1)C(CP)P
4173,3776,0,CC1=NC=C(N1CCO)[N+](=O)[O-],CC(C)O
4173,24882991,0,CC1=NC=C(N1CCO)[N+](=O)[O-],CCCCCCCCCCCCCCCCCCCC(=O)[O-].CCCCCCCCCCCCCCCCCCCC(=O)[O-].[Ca+2]
4173,14055602,0,CC1=NC=C(N1CCO)[N+](=O)[O-],COC1C(OC(C(C1O)O)OC2C(OC(C(C2O)O)OC)CO)CO
4173,26924,0,CC1=NC=C(N1CCO)[N+](=O)[O-],O[Si](=O)[O-].O[Si](=O)[O-].[O-][Si](=O)[O-].[O-][Si](=O)[O-].[Mg+2].[Mg+2].[Mg+2]
4173,24261,0,CC1=NC=C(N1CCO)[N+](=O)[O-],O=[Si]=O
4409,11177,0,CC(=O)CCC1=CC2=C(C=C1)C=C(C=C2)OC,CCCCCCCCCCCCCCCCCC(=O)[O-].CCCCCCCCCCCCCCCCCC(=O)[O-].[Mg+2]
4409,14055602,0,CC(=O)CCC1=CC2=C(C=C1)C=C(C=C2)OC,COC1C(OC(C(C1O)O)OC2C(OC(C(C2O)O)OC)CO)CO
4409,26924,0,CC(=O)CCC1=CC2=C(C=C1)C=C(C=C2)OC,O[Si](=O)[O-].O[Si](=O)[O-].[O-][Si](=O)[O-].[O-][Si](=O)[O-].[Mg+2].[Mg+2].[Mg+2]
4421,11177,1,CCN1C=C(C(=O)C2=C1N=C(C=C2)C)C(=O)O,CCCCCCCCCCCCCCCCCC(=O)[O-].CCCCCCCCCCCCCCCCCC(=O)[O-].[Mg+2]
4463,104938,0,CC1=C2C(=NC=C1)N(C3=C(C=CC=N3)C(=O)N2)C4CC4,C(C1C(C(C(C(O1)OC2C(OC(C(C2O)O)O)CO)O)O)O)O.O
4463,11177,0,CC1=C2C(=NC=C1)N(C3=C(C=CC=N3)C(=O)N2)C4CC4,CCCCCCCCCCCCCCCCCC(=O)[O-].CCCCCCCCCCCCCCCCCC(=O)[O-].[Mg+2]
4495,6134,0,CS(=O)(=O)NC1=C(C=C(C=C1)[N+](=O)[O-])OC2=CC=CC=C2,C(C1C(C(C(C(O1)OC2C(OC(C(C2O)O)O)CO)O)O)O)O
4495,131751496,0,CS(=O)(=O)NC1=C(C=C(C=C1)[N+](=O)[O-])OC2=CC=CC=C2,C1CC(=O)N(C1)C(CP)P
4495,14109413,0,CS(=O)(=O)NC1=C(C=C(C=C1)[N+](=O)[O-])OC2=CC=CC=C2,CC(=O)C1CC(=O)C2(C1(CC(=O)C3=C2C(CC4C3(CCC(C4(C)C)O)C)O)C)C
4495,11177,0,CS(=O)(=O)NC1=C(C=C(C=C1)[N+](=O)[O-])OC2=CC=CC=C2,CCCCCCCCCCCCCCCCCC(=O)[O-].CCCCCCCCCCCCCCCCCC(=O)[O-].[Mg+2]
4495,26924,0,CS(=O)(=O)NC1=C(C=C(C=C1)[N+](=O)[O-])OC2=CC=CC=C2,O[Si](=O)[O-].O[Si](=O)[O-].[O-][Si](=O)[O-].[O-][Si](=O)[O-].[Mg+2].[Mg+2].[Mg+2]
4495,24441,0,CS(=O)(=O)NC1=C(C=C(C=C1)[N+](=O)[O-])OC2=CC=CC=C2,OP(=O)([O-])[O-].[Ca+2]
4539,11177,1,CCN1C=C(C(=O)C2=CC(=C(C=C21)N3CCNCC3)F)C(=O)O,CCCCCCCCCCCCCCCCCC(=O)[O-].CCCCCCCCCCCCCCCCCC(=O)[O-].[Mg+2]
4539,16211032,0,CCN1C=C(C(=O)C2=CC(=C(C=C21)N3CCNCC3)F)C(=O)O,C(C1C(C(C(C(O1)OC2C(OC(C(C2O)O)O)CO)O)O)O)O
4539,6328154,0,CCN1C=C(C(=O)C2=CC(=C(C=C21)N3CCNCC3)F)C(=O)O,CC(=O)O.C(C(C(C(C(C=O)O)O)O)O)O.[Na]
4539,71306830,0,CCN1C=C(C(=O)C2=CC(=C(C=C21)N3CCNCC3)F)C(=O)O,CC(COCC1C(C(C(C(O1)OC2C(OC(C(C2OCC(C)O)OCC(C)O)OCC(C)O)COCC(C)O)OCC(C)O)OCC(C)O)OCC(C)O)O
4539,6049,0,CCN1C=C(C(=O)C2=CC(=C(C=C21)N3CCNCC3)F)C(=O)O,C(CN(CC(=O)O)CC(=O)O)N(CC(=O)O)CC(=O)O
4539,26042,0,CCN1C=C(C(=O)C2=CC(=C(C=C21)N3CCNCC3)F)C(=O)O,O=[Ti]=O
4583,104938,0,CC1COC2=C3N1C=C(C(=O)C3=CC(=C2N4CCN(CC4)C)F)C(=O)O,C(C1C(C(C(C(O1)OC2C(OC(C(C2O)O)O)CO)O)O)O)O.O
4583,16211032,0,CC1COC2=C3N1C=C(C(=O)C3=CC(=C2N4CCN(CC4)C)F)C(=O)O,C(C1C(C(C(C(O1)OC2C(OC(C(C2O)O)O)CO)O)O)O)O
4583,11177,0,CC1COC2=C3N1C=C(C(=O)C3=CC(=C2N4CCN(CC4)C)F)C(=O)O,CCCCCCCCCCCCCCCCCC(=O)[O-].CCCCCCCCCCCCCCCCCC(=O)[O-].[Mg+2]
4583,24261,0,CC1COC2=C3N1C=C(C(=O)C3=CC(=C2N4CCN(CC4)C)F)C(=O)O,O=[Si]=O
4614,7456,0,C1=CC=C(C=C1)C2=C(OC(=N2)CCC(=O)O)C3=CC=CC=C3,COC(=O)C1=CC=C(C=C1)O
4614,102601050,0,C1=CC=C(C=C1)C2=C(OC(=N2)CCC(=O)O)C3=CC=CC=C3,CC1=CCC2C(CC2(C)C)C(=C)CCC1OC(=O)C
4614,6581,0,C1=CC=C(C=C1)C2=C(OC(=N2)CCC(=O)O)C3=CC=CC=C3,C=CC(=O)O
4614,68245,0,C1=CC=C(C=C1)C2=C(OC(=N2)CCC(=O)O)C3=CC=CC=C3,C1=C(C=C(C(=C1O)O)O)C2=[O+]C3=CC(=CC(=C3C=C2O)O)O.[Cl-]
4614,1030,0,C1=CC=C(C=C1)C2=C(OC(=N2)CCC(=O)O)C3=CC=CC=C3,CC(CO)O
4614,7439,0,C1=CC=C(C=C1)C2=C(OC(=N2)CCC(=O)O)C3=CC=CC=C3,CC1=CCC(CC1=O)C(=C)C
4614,11046239,0,C1=CC=C(C=C1)C2=C(OC(=N2)CCC(=O)O)C3=CC=CC=C3,CCCCCCCCCCCC(=O)OCC(C1C(C(CO1)O)O)O
4614,443314,0,C1=CC=C(C=C1)C2=C(OC(=N2)CCC(=O)O)C3=CC=CC=C3,CCCCCCCCCCCC(=O)OCCOCC(C1C(C(CO1)OCCO)OCCO)OCCO
4614,702,0,C1=CC=C(C=C1)C2=C(OC(=N2)CCC(=O)O)C3=CC=CC=C3,CCO
4614,8434,0,C1=CC=C(C=C1)C2=C(OC(=N2)CCC(=O)O)C3=CC=CC=C3,CCOC(=O)C1=CC=C(C=C1)O
4763,6251,0,CCC1(C(=O)NC(=O)NC1=O)C2=CC=CC=C2,C(C(C(C(C(CO)O)O)O)O)O
4763,16211032,0,CCC1(C(=O)NC(=O)NC1=O)C2=CC=CC=C2,C(C1C(C(C(C(O1)OC2C(OC(C(C2O)O)O)CO)O)O)O)O
4763,6635,0,CCC1(C(=O)NC(=O)NC1=O)C2=CC=CC=C2,C1=CC(=CC=C1OS(=O)(=O)C2=CC=C(C=C2)Cl)Cl
4763,11177,0,CCC1(C(=O)NC(=O)NC1=O)C2=CC=CC=C2,CCCCCCCCCCCCCCCCCC(=O)[O-].CCCCCCCCCCCCCCCCCC(=O)[O-].[Mg+2]
4763,134601,0,CCC1(C(=O)NC(=O)NC1=O)C2=CC=CC=C2,COC(=O)C(CC1=CC=CC=C1)NC(=O)C(CC(=O)O)N
4763,26924,0,CCC1(C(=O)NC(=O)NC1=O)C2=CC=CC=C2,O[Si](=O)[O-].O[Si](=O)[O-].[O-][Si](=O)[O-].[O-][Si](=O)[O-].[Mg+2].[Mg+2].[Mg+2]
4814,6134,1,COC1=C(C=C(C=C1)C(=O)NCC2=CN=CC=C2)C(=O)NCC3=CN=CC=C3,C(C1C(C(C(C(O1)OC2C(OC(C(C2O)O)O)CO)O)O)O)O
4927,6134,1,CC(CN1C2=CC=CC=C2SC3=CC=CC=C31)N(C)C,C(C1C(C(C(C(O1)OC2C(OC(C(C2O)O)O)CO)O)O)O)O
4927,6251,1,CC(CN1C2=CC=CC=C2SC3=CC=CC=C31)N(C)C,C(C(C(C(C(CO)O)O)O)O)O
4927,11177,1,CC(CN1C2=CC=CC=C2SC3=CC=CC=C31)N(C)C,CCCCCCCCCCCCCCCCCC(=O)[O-].CCCCCCCCCCCCCCCCCC(=O)[O-].[Mg+2]
5311,14055602,0,C1=CC=C(C=C1)NC(=O)CCCCCCC(=O)NO,COC1C(OC(C(C1O)O)OC2C(OC(C(C2O)O)OC)CO)CO
5311,6328154,0,C1=CC=C(C=C1)NC(=O)CCCCCCC(=O)NO,CC(=O)O.C(C(C(C(C(C=O)O)O)O)O)O.[Na]
5311,11177,0,C1=CC=C(C=C1)NC(=O)CCCCCCC(=O)NO,CCCCCCCCCCCCCCCCCC(=O)[O-].CCCCCCCCCCCCCCCCCC(=O)[O-].[Mg+2]
5311,3423265,0,C1=CC=C(C=C1)NC(=O)CCCCCCC(=O)NO,CCCCCCCCCCCCOS(=O)(=O)[O-].[Na+]
5311,26042,0,C1=CC=C(C=C1)NC(=O)CCCCCCC(=O)NO,O=[Ti]=O
5340,131751496,1,C1=CC(=CC=C1N)S(=O)(=O)NC2=NC=CS2,C1CC(=O)N(C1)C(CP)P
5483,104938,0,CC(C(=O)NCC(=O)O)S,C(C1C(C(C(C(O1)OC2C(OC(C(C2O)O)O)CO)O)O)O)O.O
5483,4093,0,CC(C(=O)NCC(=O)O)S,CC(=C)C(=O)O
5483,123706,0,CC(C(=O)NCC(=O)O)S,CCC(C1=C(C=C(C=C1)N(C)C)C)N
5483,11177,0,CC(C(=O)NCC(=O)O)S,CCCCCCCCCCCCCCCCCC(=O)[O-].CCCCCCCCCCCCCCCCCC(=O)[O-].[Mg+2]
5483,107665,0,CC(C(=O)NCC(=O)O)S,CCOC(=O)C=C.CC(=C)C(=O)O
5483,6506,0,CC(C(=O)NCC(=O)O)S,CCOC(=O)CC(CC(=O)OCC)(C(=O)OCC)O
5483,26924,0,CC(C(=O)NCC(=O)O)S,O[Si](=O)[O-].O[Si](=O)[O-].[O-][Si](=O)[O-].[O-][Si](=O)[O-].[Mg+2].[Mg+2].[Mg+2]
5509,104938,0,CC1=CC=C(C=C1)C(=O)C2=CC=C(N2C)CC(=O)O,C(C1C(C(C(C(O1)OC2C(OC(C(C2O)O)O)CO)O)O)O)O.O
5509,6917,0,CC1=CC=C(C=C1)C(=O)C2=CC=C(N2C)CC(=O)O,C=CN1CCCC1=O
5509,4327536,0,CC1=CC=C(C=C1)C(=O)C2=CC=C(N2C)CC(=O)O,CC(COCC1C(C(C(C(O1)OC2C(OC(C(C2OCC(C)O)OCC(C)O)OCC(C)O)COCC(C)O)OCC(C)O)OCC(C)O)OCC(C)O)O
5509,11177,0,CC1=CC=C(C=C1)C(=O)C2=CC=C(N2C)CC(=O)O,CCCCCCCCCCCCCCCCCC(=O)[O-].CCCCCCCCCCCCCCCCCC(=O)[O-].[Mg+2]
5509,24832091,0,CC1=CC=C(C=C1)C(=O)C2=CC=C(N2C)CC(=O)O,CCOCC1C(C(C(C(O1)OC)OCC)OCC)OC2C(C(C(C(O2)CO)OC)O)O
5509,14055602,0,CC1=CC=C(C=C1)C(=O)C2=CC=C(N2C)CC(=O)O,COC1C(OC(C(C1O)O)OC2C(OC(C(C2O)O)OC)CO)CO
5509,24261,0,CC1=CC=C(C=C1)C(=O)C2=CC=C(N2C)CC(=O)O,O=[Si]=O
5560,121950,1,C1=C2C(=CC(=C1Cl)S(=O)(=O)N)S(=O)(=O)NC(N2)C(Cl)Cl,CC(CO)O.CC(=O)O.CO.C(CC(=O)O)C(=O)O
5665,237332,1,C=CC(CCC(=O)O)N,C1=C(OC(=C1)C=O)CO
5717,6251,0,CC1=CC=CC=C1S(=O)(=O)NC(=O)C2=CC(=C(C=C2)CC3=CN(C4=C3C=C(C=C4)NC(=O)OC5CCCC5)C)OC,C(C(C(C(C(CO)O)O)O)O)O
5717,62551,0,CC1=CC=CC=C1S(=O)(=O)NC(=O)C2=CC(=C(C=C2)CC3=CN(C4=C3C=C(C=C4)NC(=O)OC5CCCC5)C)OC,C(COCCOCCOCCOCCO)O
5717,44134661,0,CC1=CC=CC=C1S(=O)(=O)NC(=O)C2=CC(=C(C=C2)CC3=CN(C4=C3C=C(C=C4)NC(=O)OC5CCCC5)C)OC,C1C(C(OC1N2C=NC3=C(N=CN=C32)N)COP(=O)(O)OP(=O)([O-])OP(=O)(O)[O-])O.[Na+].[Na+]
5717,70519829,0,CC1=CC=CC=C1S(=O)(=O)NC(=O)C2=CC(=C(C=C2)CC3=CN(C4=C3C=C(C=C4)NC(=O)OC5CCCC5)C)OC,CCCCCCCC[N+](C)(C)C1=CC=CC=C1.[Cl-]
5750,62698,0,CCOC(=O)C1(CCN(CC1)C)C2=CC=CC=C2.Cl,C(C1C(C(C(C(O1)OC2C(OC(C(C2O)O)OC3C(OC(C(C3O)O)O)CO)CO)O)O)O)O
5750,5281,0,CCOC(=O)C1(CCN(CC1)C)C2=CC=CC=C2.Cl,CCCCCCCCCCCCCCCCCC(=O)O
5754,444041,1,CC12CCC(=O)C=C1CCC3C2C(CC4(C3CCC4(C(=O)CO)O)C)O,C(C1C2C(C(C(O1)OC3C(OC(C(C3O)O)OC4C(OC(C(C4O)O)OC5C(OC(C(C5O)O)OC6C(OC(C(C6O)O)OC7C(OC(C(C7O)O)OC8C(OC(O2)C(C8O)O)CO)CO)CO)CO)CO)CO)O)O)O
5754,11177,1,CC12CCC(=O)C=C1CCC3C2C(CC4(C3CCC4(C(=O)CO)O)C)O,CCCCCCCCCCCCCCCCCC(=O)[O-].CCCCCCCCCCCCCCCCCC(=O)[O-].[Mg+2]
5833,11177,1,CC(=O)SC1CC2=CC(=O)CCC2(C3C1C4CCC5(C4(CC3)C)CCC(=O)O5)C,CCCCCCCCCCCCCCCCCC(=O)[O-].CCCCCCCCCCCCCCCCCC(=O)[O-].[Mg+2]
5833,517055,1,CC(=O)SC1CC2=CC(=O)CCC2(C3C1C4CCC5(C4(CC3)C)CCC(=O)O5)C,C1=CC=C(C=C1)C(=O)[O-].[Na+]
5977,5311266,1,CC(C)(C(Cl)(Cl)Cl)O,[O-][Si](=O)O[Si]([O-])([O-])O[Si](=O)[O-].[Mg+2].[Mg+2]
5977,72941614,1,CC(C)(C(Cl)(Cl)Cl)O,O.[O-2].[O-2].[O-2].[O-2].[O-2].[O-2].[O-2].[O-2].[O-2].[O-2].[O-2].[O-2].[Na+].[Na+].[Al+3].[Al+3].[Si+4].[Si+4].[Si+4].[Si+4]
6014,6251,0,CC(CN1C2=CC=CC=C2SC3=CC=CC=C31)N(C)C.Cl,C(C(C(C(C(CO)O)O)O)O)O
6014,6224,0,CC(CN1C2=CC=CC=C2SC3=CC=CC=C31)N(C)C.Cl,C(C(=O)[O-])C(CC(=O)[O-])(C(=O)[O-])O.[Na+].[Na+].[Na+]
6014,311,0,CC(CN1C2=CC=CC=C2SC3=CC=CC=C31)N(C)C.Cl,C(C(=O)O)C(CC(=O)O)(C(=O)O)O
6014,753,0,CC(CN1C2=CC=CC=C2SC3=CC=CC=C31)N(C)C.Cl,C(C(CO)O)O
6014,17730,0,CC(CN1C2=CC=CC=C2SC3=CC=CC=C31)N(C)C.Cl,C1=CC(=CC=C1N=NC2=C(C=CC3=C2C=CC(=C3)S(=O)(=O)[O-])O)S(=O)(=O)[O-].[Na+].[Na+]
6014,517055,0,CC(CN1C2=CC=CC=C2SC3=CC=CC=C31)N(C)C.Cl,C1=CC=C(C=C1)C(=O)[O-].[Na+]
6014,19116,0,CC(CN1C2=CC=CC=C2SC3=CC=CC=C31)N(C)C.Cl,C1=CC=C(C=C1)N=NC2=C(C3=C(C=C(C=C3C=C2S(=O)(=O)[O-])S(=O)(=O)[O-])N)O.[Na+].[Na+]
6014,656582,0,CC(CN1C2=CC=CC=C2SC3=CC=CC=C31)N(C)C.Cl,C1=CC=C2C(=C1)C(=O)[N-]S2(=O)=O.[Na+]
6014,11177,0,CC(CN1C2=CC=CC=C2SC3=CC=CC=C31)N(C)C.Cl,CCCCCCCCCCCCCCCCCC(=O)[O-].CCCCCCCCCCCCCCCCCC(=O)[O-].[Mg+2]
6014,6731,0,CC(CN1C2=CC=CC=C2SC3=CC=CC=C31)N(C)C.Cl,C1=CC=C2C(=C1)C=CC(=N2)C3C(=O)C4=CC=CC=C4C3=O
6014,23706213,0,CC(CN1C2=CC=CC=C2SC3=CC=CC=C31)N(C)C.Cl,CC(=O)[O-].C(C(C(C(C(C=O)O)O)O)O)O.[Na+]
6014,2537,0,CC(CN1C2=CC=CC=C2SC3=CC=CC=C31)N(C)C.Cl,CC1(C2CCC1(C(=O)C2)C)C
6014,2723816,0,CC(CN1C2=CC=CC=C2SC3=CC=CC=C31)N(C)C.Cl,CCC(=O)[O-].[Na+]
6014,19700,0,CC(CN1C2=CC=CC=C2SC3=CC=CC=C31)N(C)C.Cl,CCN(CC1=CC(=CC=C1)S(=O)(=O)[O-])C2=CC=C(C=C2)C(=C3C=CC(=[N+](CC)CC4=CC(=CC=C4)S(=O)(=O)[O-])C=C3)C5=CC=CC=C5S(=O)(=O)[O-].[Na+].[Na+]
6014,4448381,0,CC(CN1C2=CC=CC=C2SC3=CC=CC=C31)N(C)C.Cl,CSCCC(C(=O)NC(CO)C(=O)O)N
6014,26924,0,CC(CN1C2=CC=CC=C2SC3=CC=CC=C31)N(C)C.Cl,O[Si](=O)[O-].O[Si](=O)[O-].[O-][Si](=O)[O-].[O-][Si](=O)[O-].[Mg+2].[Mg+2].[Mg+2]
6018,104938,0,CC(C)CC1CN2CCC3=CC(=C(C=C3C2CC1=O)OC)OC,C(C1C(C(C(C(O1)OC2C(OC(C(C2O)O)O)CO)O)O)O)O.O
6018,11177,0,CC(C)CC1CN2CCC3=CC(=C(C=C3C2CC1=O)OC)OC,CCCCCCCCCCCCCCCCCC(=O)[O-].CCCCCCCCCCCCCCCCCC(=O)[O-].[Mg+2]
6018,445709,0,CC(C)CC1CN2CCC3=CC(=C(C=C3C2CC1=O)OC)OC,O.O.O.[Fe]
6018,26924,0,CC(C)CC1CN2CCC3=CC(=C(C=C3C2CC1=O)OC)OC,O[Si](=O)[O-].O[Si](=O)[O-].[O-][Si](=O)[O-].[O-][Si](=O)[O-].[Mg+2].[Mg+2].[Mg+2]
6112,10960,1,C1CSSC1CCCCC(=O)O,CC(=O)OCCO
6112,31404,1,C1CSSC1CCCCC(=O)O,CC1=CC(=C(C(=C1)C(C)(C)C)O)C(C)(C)C
6112,7175,1,C1CSSC1CCCCC(=O)O,CCCOC(=O)C1=CC=C(C=C1)O
6112,7456,1,C1CSSC1CCCCC(=O)O,COC(=O)C1=CC=C(C=C1)O
6196,11177,1,CC1=C(C(=NO1)C2=CC=CC=C2)C(=O)NC3C4N(C3=O)C(C(S4)(C)C)C(=O)O,CCCCCCCCCCCCCCCCCC(=O)[O-].CCCCCCCCCCCCCCCCCC(=O)[O-].[Mg+2]
6249,56841936,1,CC1(C(N2C(S1)C(C2=O)NC(=O)C(C3=CC=CC=C3)N)C(=O)O)C,O.O.O=[Al]O[Si](=O)O[Si](=O)O[Al]=O
6249,104805,1,CC1(C(N2C(S1)C(C2=O)NC(=O)C(C3=CC=CC=C3)N)C(=O)O)C,O.O.OP(=O)([O-])[O-].[Ca+2]
6249,24497,1,CC1(C(N2C(S1)C(C2=O)NC(=O)C(C3=CC=CC=C3)N)C(=O)O)C,[O-]S(=O)(=O)[O-].[Ca+2]
6253,5234,0,C1=CN(C(=O)N=C1N)C2C(C(C(O2)CO)O)O,[Na+].[Cl-]
6253,31296,0,C1=CN(C(=O)N=C1N)C2C(C(C(O2)CO)O)O,C(Cl)(Br)Br
6253,107689,0,C1=CN(C(=O)N=C1N)C2C(C(C(O2)CO)O)O,CC(C(=O)O)O
6253,3082248,0,C1=CN(C(=O)N=C1N)C2C(C(C(O2)CO)O)O,C=CN1CCCC1=O.C=CO
6354,9989226,1,C1CO1,[O-2].[O-2].[O-2].[Al+3].[Al+3]
6917,996,1,C=CN1CCCC1=O,C1=CC=C(C=C1)O
9280,6251,0,COC(=O)C(C1CCCCN1)C2=CC=CC=C2.Cl,C(C(C(C(C(CO)O)O)O)O)O
9280,311,0,COC(=O)C(C1CCCCN1)C2=CC=CC=C2.Cl,C(C(=O)O)C(CC(=O)O)(C(=O)O)O
9280,75905,0,COC(=O)C(C1CCCCN1)C2=CC=CC=C2.Cl,C=CC1=CC=C(C=C1)S(=O)(=O)O
9280,6917,0,COC(=O)C(C1CCCCN1)C2=CC=CC=C2.Cl,C=CN1CCCC1=O
9280,11199,0,COC(=O)C(C1CCCCN1)C2=CC=CC=C2.Cl,C=CO
9280,47932,0,COC(=O)C(C1CCCCN1)C2=CC=CC=C2.Cl,C1=CC(=C(C=C1N)N)OCCO.Cl.Cl
9280,131751496,0,COC(=O)C(C1CCCCN1)C2=CC=CC=C2.Cl,C1CC(=O)N(C1)C(CP)P
9280,7904,0,COC(=O)C(C1CCCCN1)C2=CC=CC=C2.Cl,CC(=O)OC=C
9280,5541,0,COC(=O)C(C1CCCCN1)C2=CC=CC=C2.Cl,CC(=O)OCC(COC(=O)C)OC(=O)C
9280,11177,0,COC(=O)C(C1CCCCN1)C2=CC=CC=C2.Cl,CCCCCCCCCCCCCCCCCC(=O)[O-].CCCCCCCCCCCCCCCCCC(=O)[O-].[Mg+2]
9280,134601,0,COC(=O)C(C1CCCCN1)C2=CC=CC=C2.Cl,COC(=O)C(CC1=CC=CC=C1)NC(=O)C(CC(=O)O)N
9280,14055602,0,COC(=O)C(C1CCCCN1)C2=CC=CC=C2.Cl,COC1C(OC(C(C1O)O)OC2C(OC(C(C2O)O)OC)CO)CO
9280,154724046,0,COC(=O)C(C1CCCCN1)C2=CC=CC=C2.Cl,COP(=O)(OC1C(CC(O1)N2C=NC3=C(N=CN=C32)N)O)OP(=O)([O-])OP(=O)(O)[O-].[Na+].[Na+]
9280,26924,0,COC(=O)C(C1CCCCN1)C2=CC=CC=C2.Cl,O[Si](=O)[O-].O[Si](=O)[O-].[O-][Si](=O)[O-].[O-][Si](=O)[O-].[Mg+2].[Mg+2].[Mg+2]
9280,24261,0,COC(=O)C(C1CCCCN1)C2=CC=CC=C2.Cl,O=[Si]=O
9351,6049,1,C1=CC=C2C(=C1)C=NN=C2NN.Cl,C(CN(CC(=O)O)CC(=O)O)N(CC(=O)O)CC(=O)O
9351,6144,1,C1=CC=C2C(=C1)C=NN=C2NN.Cl,C(CN(CC(=O)[O-])CC(=O)[O-])N(CC(=O)[O-])CC(=O)[O-].[Na+].[Na+].[Na+].[Na+]
9351,516919,1,C1=CC=C2C(=C1)C=NN=C2NN.Cl,OS(=O)(=O)[O-].[Na+]
9351,23665763,1,C1=CC=C2C(=C1)C=NN=C2NN.Cl,OS(=O)[O-].[Na+]
9433,6134,1,CN1C2=C(C(=O)N(C1=O)C)NC=N2.CN1C2=C(C(=O)N(C1=O)C)NC=N2.C(CN)N,C(C1C(C(C(C(O1)OC2C(OC(C(C2O)O)O)CO)O)O)O)O
9433,104938,0,CN1C2=C(C(=O)N(C1=O)C)NC=N2.CN1C2=C(C(=O)N(C1=O)C)NC=N2.C(CN)N,C(C1C(C(C(C(O1)OC2C(OC(C(C2O)O)O)CO)O)O)O)O.O
9433,6917,0,CN1C2=C(C(=O)N(C1=O)C)NC=N2.CN1C2=C(C(=O)N(C1=O)C)NC=N2.C(CN)N,C=CN1CCCC1=O
9433,131751496,0,CN1C2=C(C(=O)N(C1=O)C)NC=N2.CN1C2=C(C(=O)N(C1=O)C)NC=N2.C(CN)N,C1CC(=O)N(C1)C(CP)P
9433,270885,0,CN1C2=C(C(=O)N(C1=O)C)NC=N2.CN1C2=C(C(=O)N(C1=O)C)NC=N2.C(CN)N,CC(=O)OC=C.C=CN1CCCC1=O
9433,11177,0,CN1C2=C(C(=O)N(C1=O)C)NC=N2.CN1C2=C(C(=O)N(C1=O)C)NC=N2.C(CN)N,CCCCCCCCCCCCCCCCCC(=O)[O-].CCCCCCCCCCCCCCCCCC(=O)[O-].[Mg+2]
9433,24261,0,CN1C2=C(C(=O)N(C1=O)C)NC=N2.CN1C2=C(C(=O)N(C1=O)C)NC=N2.C(CN)N,O=[Si]=O
9444,104938,0,C1=NC(=NC(=O)N1C2C(C(C(O2)CO)O)O)N,C(C1C(C(C(C(O1)OC2C(OC(C(C2O)O)O)CO)O)O)O)O.O
9444,6251,0,C1=NC(=NC(=O)N1C2C(C(C(O2)CO)O)O)N,C(C(C(C(C(CO)O)O)O)O)O
9444,294,0,C1=NC(=NC(=O)N1C2C(C(C(O2)CO)O)O)N,C(C1C(C(C(C(O1)OC2C(OC(C(C2O)O)O)CO)O)O)O)O
9444,174,0,C1=NC(=NC(=O)N1C2C(C(C(O2)CO)O)O)N,C(CO)O
9444,6328154,0,C1=NC(=NC(=O)N1C2C(C(C(O2)CO)O)O)N,CC(=O)O.C(C(C(C(C(C=O)O)O)O)O)O.[Na]
9444,5541,0,C1=NC(=NC(=O)N1C2C(C(C(O2)CO)O)O)N,CC(=O)OCC(COC(=O)C)OC(=O)C
9444,11177,0,C1=NC(=NC(=O)N1C2C(C(C(O2)CO)O)O)N,CCCCCCCCCCCCCCCCCC(=O)[O-].CCCCCCCCCCCCCCCCCC(=O)[O-].[Mg+2]
9444,56841934,0,C1=NC(=NC(=O)N1C2C(C(C(O2)CO)O)O)N,O.O.O.[Fe].[Fe]
9444,26042,0,C1=NC(=NC(=O)N1C2C(C(C(O2)CO)O)O)N,O=[Ti]=O
10112,1118,1,C(=O)([O-])[O-].[Ca+2],OS(=O)(=O)O
12035,516892,0,CC(=O)NC(CS)C(=O)O,C(=O)(O)[O-].[Na+]
12035,71485,0,CC(=O)NC(CS)C(=O)O,C(C1C(C(C(C(O1)OC2(C(C(C(O2)CCl)O)O)CCl)O)O)Cl)O
12035,62698,0,CC(=O)NC(CS)C(=O)O,C(C1C(C(C(C(O1)OC2C(OC(C(C2O)O)OC3C(OC(C(C3O)O)O)CO)CO)O)O)O)O
12035,6144,0,CC(=O)NC(CS)C(=O)O,C(CN(CC(=O)[O-])CC(=O)[O-])N(CC(=O)[O-])CC(=O)[O-].[Na+].[Na+].[Na+].[Na+]
12560,6251,1,CCC1C(C(C(C(=O)C(CC(C(C(C(C(C(=O)O1)C)OC2CC(C(C(O2)C)O)(C)OC)C)OC3C(C(CC(O3)C)N(C)C)O)(C)O)C)C)O)(C)O,C(C(C(C(C(CO)O)O)O)O)O
12560,11177,1,CCC1C(C(C(C(=O)C(CC(C(C(C(C(C(=O)O1)C)OC2CC(C(C(O2)C)O)(C)OC)C)OC3C(C(CC(O3)C)N(C)C)O)(C)O)C)C)O)(C)O,CCCCCCCCCCCCCCCCCC(=O)[O-].CCCCCCCCCCCCCCCCCC(=O)[O-].[Mg+2]
12560,104805,1,CCC1C(C(C(C(=O)C(CC(C(C(C(C(C(=O)O1)C)OC2CC(C(C(O2)C)O)(C)OC)C)OC3C(C(CC(O3)C)N(C)C)O)(C)O)C)C)O)(C)O,O.O.OP(=O)([O-])[O-].[Ca+2]
12560,24497,1,CCC1C(C(C(C(=O)C(CC(C(C(C(C(C(=O)O1)C)OC2CC(C(C(O2)C)O)(C)OC)C)OC3C(C(CC(O3)C)N(C)C)O)(C)O)C)C)O)(C)O,[O-]S(=O)(=O)[O-].[Ca+2]
14219,131751496,0,CN(C)C(=N)N=C(N)N.Cl,C1CC(=O)N(C1)C(CP)P
14219,14055602,0,CN(C)C(=N)N=C(N)N.Cl,COC1C(OC(C(C1O)O)OC2C(OC(C(C2O)O)OC)CO)CO
14219,24441,0,CN(C)C(=N)N=C(N)N.Cl,OP(=O)([O-])[O-].[Ca+2]
14250,14798,1,CCCCCCCCCCCCCC[N+](C)(C)C.[Br-],[OH-].[Na+]
14250,9840857,1,CCCCCCCCCCCCCC[N+](C)(C)C.[Br-],C1=CC=C(C=C1)[Hg+].[N+](=O)([O-])[O-]
14250,807,1,CCCCCCCCCCCCCC[N+](C)(C)C.[Br-],II
14250,72941614,1,CCCCCCCCCCCCCC[N+](C)(C)C.[Br-],O.[O-2].[O-2].[O-2].[O-2].[O-2].[O-2].[O-2].[O-2].[O-2].[O-2].[O-2].[O-2].[Na+].[Na+].[Al+3].[Al+3].[Si+4].[Si+4].[Si+4].[Si+4]
14985,104755,1,CC1=C(C2=C(CCC(O2)(C)CCCC(C)CCCC(C)CCCC(C)C)C(=C1O)C)C,[Ag+]
14985,27099,1,CC1=C(C2=C(CCC(O2)(C)CCCC(C)CCCC(C)CCCC(C)C)C(=C1O)C)C,[Cu+2]
14985,27284,1,CC1=C(C2=C(CCC(O2)(C)CCCC(C)CCCC(C)CCCC(C)C)C(=C1O)C)C,[Fe+2]
14985,29936,1,CC1=C(C2=C(CCC(O2)(C)CCCC(C)CCCC(C)CCCC(C)C)C(=C1O)C)C,[Fe+3]
14986,23954,1,CC1=C(C=C2CCC(OC2=C1C)(C)CCCC(C)CCCC(C)CCCC(C)C)O,[Ag]
14986,23978,1,CC1=C(C=C2CCC(OC2=C1C)(C)CCCC(C)CCCC(C)CCCC(C)C)O,[Cu]
14986,15908632,1,CC1=C(C=C2CCC(OC2=C1C)(C)CCCC(C)CCCC(C)CCCC(C)C)O,CC(C)(OO)OO
14986,105075,1,CC1=C(C=C2CCC(OC2=C1C)(C)CCCC(C)CCCC(C)CCCC(C)C)O,OS(=O)(=O)O.[Fe]
16078,20353,1,CCCCCC1=CC(=C2C3C=C(CCC3C(OC2=C1)(C)C)C)O,CC1=C(C(=C(C2=C1OC(CC2)(C)CCCC(C)CCCC(C)CCCC(C)C)C)OC(=O)CCC(=O)O)C
17506,6134,1,CCNCC.C1=CC(=C(C=C1O)S(=O)(=O)O)O,C(C1C(C(C(C(O1)OC2C(OC(C(C2O)O)O)CO)O)O)O)O
18283,6134,0,CC1=CN(C(=O)NC1=O)C2C=CC(O2)CO,C(C1C(C(C(C(O1)OC2C(OC(C(C2O)O)O)CO)O)O)O)O
18283,516892,0,CC1=CN(C(=O)NC1=O)C2C=CC(O2)CO,C(=O)(O)[O-].[Na+]
18283,6917,0,CC1=CN(C(=O)NC1=O)C2C=CC(O2)CO,C=CN1CCCC1=O
18283,8314,0,CC1=CN(C(=O)NC1=O)C2C=CC(O2)CO,CCC(C)C(=O)O
18283,11177,0,CC1=CN(C(=O)NC1=O)C2C=CC(O2)CO,CCCCCCCCCCCCCCCCCC(=O)[O-].CCCCCCCCCCCCCCCCCC(=O)[O-].[Mg+2]
18283,24832091,0,CC1=CN(C(=O)NC1=O)C2C=CC(O2)CO,CCOCC1C(C(C(C(O1)OC)OCC)OCC)OC2C(C(C(C(O2)CO)OC)O)O
18283,26924,0,CC1=CN(C(=O)NC1=O)C2C=CC(O2)CO,O[Si](=O)[O-].O[Si](=O)[O-].[O-][Si](=O)[O-].[O-][Si](=O)[O-].[Mg+2].[Mg+2].[Mg+2]
20279,5780,0,C1C(C(OC1N2C=NC3=C(N=C(N=C32)Cl)N)CO)O,C(C(C(C(C(CO)O)O)O)O)O
20279,146156863,0,C1C(C(OC1N2C=NC3=C(N=C(N=C32)Cl)N)CO)O,CC(COCC1C2C(C(C(O1)OC3C(OC(C(C3O)O)OC4C(OC(C(C4O)O)OC5C(OC(C(C5O)O)OC6C(OC(C(C6O)O)OC7C(OC(C(C7O)O)OC8C(OC(O2)C(C8O)O)CO)CO)COCC(C)O)CO)COCC(C)O)CO)O)O)O
20279,11177,0,C1C(C(OC1N2C=NC3=C(N=C(N=C32)Cl)N)CO)O,CCCCCCCCCCCCCCCCCC(=O)[O-].CCCCCCCCCCCCCCCCCC(=O)[O-].[Mg+2]
24497,5359268,1,[O-]S(=O)(=O)[O-].[Ca+2],[Al]
24497,5462309,1,[O-]S(=O)(=O)[O-].[Ca+2],[P]
27447,24497,1,CC1=C(N2C(C(C2=O)NC(=O)C(C3=CC=CC=C3)N)SC1)C(=O)O,[O-]S(=O)(=O)[O-].[Ca+2]
27447,11177,1,CC1=C(N2C(C(C2=O)NC(=O)C(C3=CC=CC=C3)N)SC1)C(=O)O,CCCCCCCCCCCCCCCCCC(=O)[O-].CCCCCCCCCCCCCCCCCC(=O)[O-].[Mg+2]
27447,104805,1,CC1=C(N2C(C(C2=O)NC(=O)C(C3=CC=CC=C3)N)SC1)C(=O)O,O.O.OP(=O)([O-])[O-].[Ca+2]
27447,174,0,CC1=C(N2C(C(C2=O)NC(=O)C(C3=CC=CC=C3)N)SC1)C(=O)O,C(CO)O
27447,5284448,0,CC1=C(N2C(C(C2=O)NC(=O)C(C3=CC=CC=C3)N)SC1)C(=O)O,CCCCCCCCC=CCCCCCCCC(=O)OCCOCC(C1C(CC(O1)OCCO)OCCO)OCCO
27447,135350084,0,CC1=C(N2C(C(C2=O)NC(=O)C(C3=CC=CC=C3)N)SC1)C(=O)O,COC1=C(C=CC2=C(C=CN=C21)OC3=C(C=C(C=C3)NC(=O)C(=O)NCCC4=CC5=C(C=C4)OCO5)F)OCC6CCNCC6
27447,14055602,0,CC1=C(N2C(C(C2=O)NC(=O)C(C3=CC=CC=C3)N)SC1)C(=O)O,COC1C(OC(C(C1O)O)OC2C(OC(C(C2O)O)OC)CO)CO
27447,26042,0,CC1=C(N2C(C(C2=O)NC(=O)C(C3=CC=CC=C3)N)SC1)C(=O)O,O=[Ti]=O
30667,104938,0,CC(C1=NCCN1)OC2=C(C=CC=C2Cl)Cl.Cl,C(C1C(C(C(C(O1)OC2C(OC(C(C2O)O)O)CO)O)O)O)O.O
30667,311,0,CC(C1=NCCN1)OC2=C(C=CC=C2Cl)Cl.Cl,C(C(=O)O)C(CC(=O)O)(C(=O)O)O
30667,6917,0,CC(C1=NCCN1)OC2=C(C=CC=C2Cl)Cl.Cl,C=CN1CCCC1=O
30667,17730,0,CC(C1=NCCN1)OC2=C(C=CC=C2Cl)Cl.Cl,C1=CC(=CC=C1N=NC2=C(C=CC3=C2C=CC(=C3)S(=O)(=O)[O-])O)S(=O)(=O)[O-].[Na+].[Na+]
30667,2723854,0,CC(C1=NCCN1)OC2=C(C=CC=C2Cl)Cl.Cl,C1=CC2=C(C=C1S(=O)(=O)[O-])C(=C(N2)C3=NC4=C(C3=O)C=C(C=C4)S(=O)(=O)[O-])O.[Na+].[Na+]
30667,15324,0,CC(C1=NCCN1)OC2=C(C=CC=C2Cl)Cl.Cl,CCCCCCCCCCCCCCCCCC(=O)[O-].CCCCCCCCCCCCCCCCCC(=O)[O-].[Ca+2]
30667,3423265,0,CC(C1=NCCN1)OC2=C(C=CC=C2Cl)Cl.Cl,CCCCCCCCCCCCOS(=O)(=O)[O-].[Na+]
30667,14055602,0,CC(C1=NCCN1)OC2=C(C=CC=C2Cl)Cl.Cl,COC1C(OC(C(C1O)O)OC2C(OC(C(C2O)O)OC)CO)CO
31404,24401,1,CC1=CC(=C(C(=C1)C(C)(C)C)O)C(C)(C)C,[O-][Mn](=O)(=O)=O
31404,784,1,CC1=CC(=C(C(=C1)C(C)(C)C)O)C(C)(C)C,OO
31703,31296,0,CC1C(C(CC(O1)OC2CC(CC3=C2C(=C4C(=C3O)C(=O)C5=C(C4=O)C(=CC=C5)OC)O)(C(=O)CO)O)N)O,C(Cl)(Br)Br
31703,3082248,0,CC1C(C(CC(O1)OC2CC(CC3=C2C(=C4C(=C3O)C(=O)C5=C(C4=O)C(=CC=C5)OC)O)(C(=O)CO)O)N)O,C=CN1CCCC1=O.C=CO
31703,3082361,0,CC1C(C(CC(O1)OC2CC(CC3=C2C(=C4C(=C3O)C(=O)C5=C(C4=O)C(=CC=C5)OC)O)(C(=O)CO)O)N)O,CC(=C)C(=O)OC.C1=CC=C(C=C1)COC(=O)CCC(C(=O)O)N
31703,24832091,0,CC1C(C(CC(O1)OC2CC(CC3=C2C(=C4C(=C3O)C(=O)C5=C(C4=O)C(=CC=C5)OC)O)(C(=O)CO)O)N)O,CCOCC1C(C(C(C(O1)OC)OCC)OCC)OC2C(C(C(C(O2)CO)OC)O)O
34312,174,0,C1C2=CC=CC=C2N(C3=CC=CC=C3C1=O)C(=O)N,C(CO)O
34312,131751496,0,C1C2=CC=CC=C2N(C3=CC=CC=C3C1=O)C(=O)N,C1CC(=O)N(C1)C(CP)P
34312,11177,0,C1C2=CC=CC=C2N(C3=CC=CC=C3C1=O)C(=O)N,CCCCCCCCCCCCCCCCCC(=O)[O-].CCCCCCCCCCCCCCCCCC(=O)[O-].[Mg+2]
34312,14055602,0,C1C2=CC=CC=C2N(C3=CC=CC=C3C1=O)C(=O)N,COC1C(OC(C(C1O)O)OC2C(OC(C(C2O)O)OC)CO)CO
34312,26924,0,C1C2=CC=CC=C2N(C3=CC=CC=C3C1=O)C(=O)N,O[Si](=O)[O-].O[Si](=O)[O-].[O-][Si](=O)[O-].[O-][Si](=O)[O-].[Mg+2].[Mg+2].[Mg+2]
34312,24261,0,C1C2=CC=CC=C2N(C3=CC=CC=C3C1=O)C(=O)N,O=[Si]=O
34312,26042,0,C1C2=CC=CC=C2N(C3=CC=CC=C3C1=O)C(=O)N,O=[Ti]=O
34359,439195,1,CC(CC1=CC(=C(C=C1)O)O)(C(=O)O)NN,C1C(C(C(C(O1)O)O)O)O
34359,261,1,CC(CC1=CC(=C(C=C1)O)O)(C(=O)O)NN,CCCC=O
34359,16211032,0,CC(CC1=CC(=C(C=C1)O)O)(C(=O)O)NN,C(C1C(C(C(C(O1)OC2C(OC(C(C2O)O)O)CO)O)O)O)O
34359,17730,0,CC(CC1=CC(=C(C=C1)O)O)(C(=O)O)NN,C1=CC(=CC=C1N=NC2=C(C=CC3=C2C=CC(=C3)S(=O)(=O)[O-])O)S(=O)(=O)[O-].[Na+].[Na+]
34359,11177,0,CC(CC1=CC(=C(C=C1)O)O)(C(=O)O)NN,CCCCCCCCCCCCCCCCCC(=O)[O-].CCCCCCCCCCCCCCCCCC(=O)[O-].[Mg+2]
35370,6134,0,CC1=CN(C(=O)NC1=O)C2CC(C(O2)CO)N=[N+]=[N-],C(C1C(C(C(C(O1)OC2C(OC(C(C2O)O)O)CO)O)O)O)O
35370,5988,0,CC1=CN(C(=O)NC1=O)C2CC(C(O2)CO)N=[N+]=[N-],C(C1C(C(C(C(O1)OC2(C(C(C(O2)CO)O)O)CO)O)O)O)O
35370,6917,0,CC1=CN(C(=O)NC1=O)C2CC(C(O2)CO)N=[N+]=[N-],C=CN1CCCC1=O
35370,23706213,0,CC1=CN(C(=O)NC1=O)C2CC(C(O2)CO)N=[N+]=[N-],CC(=O)[O-].C(C(C(C(C(C=O)O)O)O)O)O.[Na+]
35370,14109413,0,CC1=CN(C(=O)NC1=O)C2CC(C(O2)CO)N=[N+]=[N-],CC(=O)C1CC(=O)C2(C1(CC(=O)C3=C2C(CC4C3(CCC(C4(C)C)O)C)O)C)C
35370,11177,0,CC1=CN(C(=O)NC1=O)C2CC(C(O2)CO)N=[N+]=[N-],CCCCCCCCCCCCCCCCCC(=O)[O-].CCCCCCCCCCCCCCCCCC(=O)[O-].[Mg+2]
35370,26924,0,CC1=CN(C(=O)NC1=O)C2CC(C(O2)CO)N=[N+]=[N-],O[Si](=O)[O-].O[Si](=O)[O-].[O-][Si](=O)[O-].[O-][Si](=O)[O-].[Mg+2].[Mg+2].[Mg+2]
41684,11199,0,CC(=O)OC1=CC=CC=C1C(=O)NC2=NC=C(S2)[N+](=O)[O-],C=CO
41684,6134,0,CC(=O)OC1=CC=CC=C1C(=O)NC2=NC=C(S2)[N+](=O)[O-],C(C1C(C(C(C(O1)OC2C(OC(C(C2O)O)O)CO)O)O)O)O
41684,5988,0,CC(=O)OC1=CC=CC=C1C(=O)NC2=NC=C(S2)[N+](=O)[O-],C(C1C(C(C(C(O1)OC2(C(C(C(O2)CO)O)O)CO)O)O)O)O
41684,6917,0,CC(=O)OC1=CC=CC=C1C(=O)NC2=NC=C(S2)[N+](=O)[O-],C=CN1CCCC1=O
41684,47932,0,CC(=O)OC1=CC=CC=C1C(=O)NC2=NC=C(S2)[N+](=O)[O-],C1=CC(=C(C=C1N)N)OCCO.Cl.Cl
41684,61817,0,CC(=O)OC1=CC=CC=C1C(=O)NC2=NC=C(S2)[N+](=O)[O-],C1=CC(=CC=C1N=NC2=C(C=CC3=C2C=CC(=C3)S(=O)(=O)[O-])[O-])S(=O)(=O)[O-].[Al+3]
41684,24671,0,CC(=O)OC1=CC=CC=C1C(=O)NC2=NC=C(S2)[N+](=O)[O-],C1=CC=C2C(=C1)C(=O)C(C2=O)C3=NC4=C(C=C(C=C4C=C3)S(=O)(=O)[O-])S(=O)(=O)[O-].[Na+].[Na+]
41684,135436515,0,CC(=O)OC1=CC=CC=C1C(=O)NC2=NC=C(S2)[N+](=O)[O-],C1=CC2=C(C=C1S(=O)(=O)O)C(=C(N2)C3=NC4=C(C3=O)C=C(C=C4)S(=O)(=O)O)O.[Na+]
41684,11177,0,CC(=O)OC1=CC=CC=C1C(=O)NC2=NC=C(S2)[N+](=O)[O-],CCCCCCCCCCCCCCCCCC(=O)[O-].CCCCCCCCCCCCCCCCCC(=O)[O-].[Mg+2]
41684,14055602,0,CC(=O)OC1=CC=CC=C1C(=O)NC2=NC=C(S2)[N+](=O)[O-],COC1C(OC(C(C1O)O)OC2C(OC(C(C2O)O)OC)CO)CO
41684,26924,0,CC(=O)OC1=CC=CC=C1C(=O)NC2=NC=C(S2)[N+](=O)[O-],O[Si](=O)[O-].O[Si](=O)[O-].[O-][Si](=O)[O-].[O-][Si](=O)[O-].[Mg+2].[Mg+2].[Mg+2]
41684,24261,0,CC(=O)OC1=CC=CC=C1C(=O)NC2=NC=C(S2)[N+](=O)[O-],O=[Si]=O
41684,26042,0,CC(=O)OC1=CC=CC=C1C(=O)NC2=NC=C(S2)[N+](=O)[O-],O=[Ti]=O
41693,6251,0,CCC(=O)N(C1=CC=CC=C1)C2(CCN(CC2)CCC3=CC=CS3)COC,C(C(C(C(C(CO)O)O)O)O)O
41693,2723854,0,CCC(=O)N(C1=CC=CC=C1)C2(CCN(CC2)CCC3=CC=CS3)COC,C1=CC2=C(C=C1S(=O)(=O)[O-])C(=C(N2)C3=NC4=C(C3=O)C=C(C=C4)S(=O)(=O)[O-])O.[Na+].[Na+]
41693,6328154,0,CCC(=O)N(C1=CC=CC=C1)C2(CCN(CC2)CCC3=CC=CS3)COC,CC(=O)O.C(C(C(C(C(C=O)O)O)O)O)O.[Na]
41693,11177,0,CCC(=O)N(C1=CC=CC=C1)C2(CCN(CC2)CCC3=CC=CS3)COC,CCCCCCCCCCCCCCCCCC(=O)[O-].CCCCCCCCCCCCCCCCCC(=O)[O-].[Mg+2]
41693,5281,0,CCC(=O)N(C1=CC=CC=C1)C2(CCN(CC2)CCC3=CC=CS3)COC,CCCCCCCCCCCCCCCCCC(=O)O
41693,24441,0,CCC(=O)N(C1=CC=CC=C1)C2(CCN(CC2)CCC3=CC=CS3)COC,OP(=O)([O-])[O-].[Ca+2]
47576,24261,1,CC(=O)N1CCN(CC1)C2=CC=C(C=C2)OCC3COC(O3)(CN4C=CN=C4)C5=C(C=C(C=C5)Cl)Cl,O=[Si]=O
51039,6134,0,C1C(=C(N2C(S1)C(C2=O)NC(=O)C(C3=CC=CC=C3)N)C(=O)O)Cl,C(C1C(C(C(C(O1)OC2C(OC(C(C2O)O)O)CO)O)O)O)O
51039,5988,0,C1C(=C(N2C(S1)C(C2=O)NC(=O)C(C3=CC=CC=C3)N)C(=O)O)Cl,C(C1C(C(C(C(O1)OC2(C(C(C(O2)CO)O)O)CO)O)O)O)O
51039,6917,0,C1C(=C(N2C(S1)C(C2=O)NC(=O)C(C3=CC=CC=C3)N)C(=O)O)Cl,C=CN1CCCC1=O
51039,14109413,0,C1C(=C(N2C(S1)C(C2=O)NC(=O)C(C3=CC=CC=C3)N)C(=O)O)Cl,CC(=O)C1CC(=O)C2(C1(CC(=O)C3=C2C(CC4C3(CCC(C4(C)C)O)C)O)C)C
51039,26924,0,C1C(=C(N2C(S1)C(C2=O)NC(=O)C(C3=CC=CC=C3)N)C(=O)O)Cl,O[Si](=O)[O-].O[Si](=O)[O-].[O-][Si](=O)[O-].[O-][Si](=O)[O-].[Mg+2].[Mg+2].[Mg+2]
51634,6917,0,CCCCN1CC(C(C(C1CO)O)O)O,C=CN1CCCC1=O
51634,11177,0,CCCCN1CC(C(C(C1CO)O)O)O,CCCCCCCCCCCCCCCCCC(=O)[O-].CCCCCCCCCCCCCCCCCC(=O)[O-].[Mg+2]
51634,16211978,0,CCCCN1CC(C(C(C1CO)O)O)O,O=[Fe].O=[Fe]O[Fe]=O
51634,26042,0,CCCCN1CC(C(C(C1CO)O)O)O,O=[Ti]=O
54840,6134,0,CC1=CC=CC=C1OC(CCNC)C2=CC=CC=C2.Cl,C(C1C(C(C(C(O1)OC2C(OC(C(C2O)O)O)CO)O)O)O)O
54840,6850749,0,CC1=CC=CC=C1OC(CCNC)C2=CC=CC=C2.Cl,CC1(C2CCC(C23CC1C(=CC3O)C(=O)O)C(=O)O)CO.C(CCCC(C(CCCCCO)O)O)CCCC(=O)O
54840,24705,0,CC1=CC=CC=C1OC(CCNC)C2=CC=CC=C2.Cl,C[Si](C)(C)O[Si](C)(C)O[Si](C)(C)C
54840,6917,0,CC1=CC=CC=C1OC(CCNC)C2=CC=CC=C2.Cl,C=CN1CCCC1=O
54840,104804,0,CC1=CC=CC=C1OC(CCNC)C2=CC=CC=C2.Cl,CC(=C)C(=O)O.CC(=C)C(=O)O.CN(C)C
54840,11177,0,CC1=CC=CC=C1OC(CCNC)C2=CC=CC=C2.Cl,CCCCCCCCCCCCCCCCCC(=O)[O-].CCCCCCCCCCCCCCCCCC(=O)[O-].[Mg+2]
54840,3423265,0,CC1=CC=CC=C1OC(CCNC)C2=CC=CC=C2.Cl,CCCCCCCCCCCCOS(=O)(=O)[O-].[Na+]
54840,24832091,0,CC1=CC=CC=C1OC(CCNC)C2=CC=CC=C2.Cl,CCOCC1C(C(C(C(O1)OC)OCC)OCC)OC2C(C(C(C(O2)CO)OC)O)O
54840,91502,0,CC1=CC=CC=C1OC(CCNC)C2=CC=CC=C2.Cl,O[Fe]=O
54840,26924,0,CC1=CC=CC=C1OC(CCNC)C2=CC=CC=C2.Cl,O[Si](=O)[O-].O[Si](=O)[O-].[O-][Si](=O)[O-].[O-][Si](=O)[O-].[Mg+2].[Mg+2].[Mg+2]
54840,16211978,0,CC1=CC=CC=C1OC(CCNC)C2=CC=CC=C2.Cl,O=[Fe].O=[Fe]O[Fe]=O
54840,26042,0,CC1=CC=CC=C1OC(CCNC)C2=CC=CC=C2.Cl,O=[Ti]=O
55245,86278134,0,CC#CC1(CCC2C1(CC(C3=C4CCC(=O)C=C4CCC23)C5=CC=C(C=C5)N(C)C)C)O,C(C1C(C(C(C(O1)OC2C(OC(C(C2O)O)OCC3C(C(C(C(O3)OC4C(OC(C(C4O)O)OC5C(OC(C(C5O)O)O)CO)CO)O)O)OC6C(C(C(C(O6)CO)OC7C(C(C(C(O7)CO)O)O)O)O)O)CO)O)O)O)O
55245,294,0,CC#CC1(CCC2C1(CC(C3=C4CCC(=O)C=C4CCC23)C5=CC=C(C=C5)N(C)C)C)O,C(C1C(C(C(C(O1)OC2C(OC(C(C2O)O)O)CO)O)O)O)O
55245,6917,0,CC#CC1(CCC2C1(CC(C3=C4CCC(=O)C=C4CCC23)C5=CC=C(C=C5)N(C)C)C)O,C=CN1CCCC1=O
55245,61817,0,CC#CC1(CCC2C1(CC(C3=C4CCC(=O)C=C4CCC23)C5=CC=C(C=C5)N(C)C)C)O,C1=CC(=CC=C1N=NC2=C(C=CC3=C2C=CC(=C3)S(=O)(=O)[O-])[O-])S(=O)(=O)[O-].[Al+3]
55245,24671,0,CC#CC1(CCC2C1(CC(C3=C4CCC(=O)C=C4CCC23)C5=CC=C(C=C5)N(C)C)C)O,C1=CC=C2C(=C1)C(=O)C(C2=O)C3=NC4=C(C=C(C=C4C=C3)S(=O)(=O)[O-])S(=O)(=O)[O-].[Na+].[Na+]
55245,5541,0,CC#CC1(CCC2C1(CC(C3=C4CCC(=O)C=C4CCC23)C5=CC=C(C=C5)N(C)C)C)O,CC(=O)OCC(COC(=O)C)OC(=O)C
55245,123706,0,CC#CC1(CCC2C1(CC(C3=C4CCC(=O)C=C4CCC23)C5=CC=C(C=C5)N(C)C)C)O,CCC(C1=C(C=C(C=C1)N(C)C)C)N
55245,5281955,0,CC#CC1(CCC2C1(CC(C3=C4CCC(=O)C=C4CCC23)C5=CC=C(C=C5)N(C)C)C)O,CCCCCCCCC=CCCCCCCCC(=O)OCCOCC(C1C(C(CO1)OCCO)OCCO)OCCO
55245,11177,0,CC#CC1(CCC2C1(CC(C3=C4CCC(=O)C=C4CCC23)C5=CC=C(C=C5)N(C)C)C)O,CCCCCCCCCCCCCCCCCC(=O)[O-].CCCCCCCCCCCCCCCCCC(=O)[O-].[Mg+2]
55245,3423265,0,CC#CC1(CCC2C1(CC(C3=C4CCC(=O)C=C4CCC23)C5=CC=C(C=C5)N(C)C)C)O,CCCCCCCCCCCCOS(=O)(=O)[O-].[Na+]
55245,14055602,0,CC#CC1(CCC2C1(CC(C3=C4CCC(=O)C=C4CCC23)C5=CC=C(C=C5)N(C)C)C)O,COC1C(OC(C(C1O)O)OC2C(OC(C(C2O)O)OC)CO)CO
55245,24261,0,CC#CC1(CCC2C1(CC(C3=C4CCC(=O)C=C4CCC23)C5=CC=C(C=C5)N(C)C)C)O,O=[Si]=O
55245,26042,0,CC#CC1(CCC2C1(CC(C3=C4CCC(=O)C=C4CCC23)C5=CC=C(C=C5)N(C)C)C)O,O=[Ti]=O
55891,11177,1,CCC(=O)OC(C(C)C)OP(=O)(CCCCC1=CC=CC=C1)CC(=O)N2CC(CC2C(=O)O)C3CCCCC3,CCCCCCCCCCCCCCCCCC(=O)[O-].CCCCCCCCCCCCCCCCCC(=O)[O-].[Mg+2]
59248,104938,0,CC[NH+](CC)CCN(CC(=O)NC1=C(C=CC=C1C)C)C(=O)C.[Cl-],C(C1C(C(C(C(O1)OC2C(OC(C(C2O)O)O)CO)O)O)O)O.O
59248,11177,0,CC[NH+](CC)CCN(CC(=O)NC1=C(C=CC=C1C)C)C(=O)C.[Cl-],CCCCCCCCCCCCCCCCCC(=O)[O-].CCCCCCCCCCCCCCCCCC(=O)[O-].[Mg+2]
59248,56841934,0,CC[NH+](CC)CCN(CC(=O)NC1=C(C=CC=C1C)C)C(=O)C.[Cl-],O.O.O.[Fe].[Fe]
59248,24261,0,CC[NH+](CC)CCN(CC(=O)NC1=C(C=CC=C1C)C)C(=O)C.[Cl-],O=[Si]=O
59768,6255,1,CC(C)NCC(COC1=CC=C(C=C1)CCC(=O)OC)O,C(C1C(C(C(C(O1)OC2C(OC(C(C2O)O)O)CO)O)O)O)O
59768,637511,1,CC(C)NCC(COC1=CC=C(C=C1)CCC(=O)OC)O,C1=CC=C(C=C1)C=CC=O
59772,6251,0,CNS(=O)(=O)CC1=CC2=C(C=C1)NC=C2CCN(C)C.C(CC(=O)O)C(=O)O,C(C(C(C(C(CO)O)O)O)O)O
59772,6581,0,CNS(=O)(=O)CC1=CC2=C(C=C1)NC=C2CCN(C)C.C(CC(=O)O)C(=O)O,C=CC(=O)O
59772,5102882,0,CNS(=O)(=O)CC1=CC2=C(C=C1)NC=C2CCN(C)C.C(CC(=O)O)C(=O)O,C1(C(C(OC(C1O)O)C(=O)[O-])O)O.[Na+]
59772,23706213,0,CNS(=O)(=O)CC1=CC2=C(C=C1)NC=C2CCN(C)C.C(CC(=O)O)C(=O)O,CC(=O)[O-].C(C(C(C(C(C=O)O)O)O)O)O.[Na+]
59772,11177,0,CNS(=O)(=O)CC1=CC2=C(C=C1)NC=C2CCN(C)C.C(CC(=O)O)C(=O)O,CCCCCCCCCCCCCCCCCC(=O)[O-].CCCCCCCCCCCCCCCCCC(=O)[O-].[Mg+2]
59772,134601,0,CNS(=O)(=O)CC1=CC2=C(C=C1)NC=C2CCN(C)C.C(CC(=O)O)C(=O)O,COC(=O)C(CC1=CC=CC=C1)NC(=O)C(CC(=O)O)N
59772,14055602,0,CNS(=O)(=O)CC1=CC2=C(C=C1)NC=C2CCN(C)C.C(CC(=O)O)C(=O)O,COC1C(OC(C(C1O)O)OC2C(OC(C(C2O)O)OC)CO)CO
59772,26924,0,CNS(=O)(=O)CC1=CC2=C(C=C1)NC=C2CCN(C)C.C(CC(=O)O)C(=O)O,O[Si](=O)[O-].O[Si](=O)[O-].[O-][Si](=O)[O-].[O-][Si](=O)[O-].[Mg+2].[Mg+2].[Mg+2]
60560,16211032,0,CCC1=CN=C(C=C1)CCOC2=CC=C(C=C2)CC3C(=O)NC(=O)S3.Cl,C(C1C(C(C(C(O1)OC2C(OC(C(C2O)O)O)CO)O)O)O)O
60560,6917,0,CCC1=CN=C(C=C1)CCOC2=CC=C(C=C2)CC3C(=O)NC(=O)S3.Cl,C=CN1CCCC1=O
60560,11177,0,CCC1=CN=C(C=C1)CCOC2=CC=C(C=C2)CC3C(=O)NC(=O)S3.Cl,CCCCCCCCCCCCCCCCCC(=O)[O-].CCCCCCCCCCCCCCCCCC(=O)[O-].[Mg+2]
60560,14055602,0,CCC1=CN=C(C=C1)CCOC2=CC=C(C=C2)CC3C(=O)NC(=O)S3.Cl,COC1C(OC(C(C1O)O)OC2C(OC(C(C2O)O)OC)CO)CO
60560,24261,0,CCC1=CN=C(C=C1)CCOC2=CC=C(C=C2)CC3C(=O)NC(=O)S3.Cl,O=[Si]=O
60606,62551,1,COC(=O)C(C1=CC=CC=C1Cl)N2CCC3=C(C2)C=CS3,C(COCCOCCOCCOCCO)O
60606,11177,1,COC(=O)C(C1=CC=CC=C1Cl)N2CCC3=C(C2)C=CS3,CCCCCCCCCCCCCCCCCC(=O)[O-].CCCCCCCCCCCCCCCCCC(=O)[O-].[Mg+2]
60606,23706213,0,COC(=O)C(C1=CC=CC=C1Cl)N2CCC3=C(C2)C=CS3,CC(=O)[O-].C(C(C(C(C(C=O)O)O)O)O)O.[Na+]
60606,6251,0,COC(=O)C(C1=CC=CC=C1Cl)N2CCC3=C(C2)C=CS3,C(C(C(C(C(CO)O)O)O)O)O
60606,6917,0,COC(=O)C(C1=CC=CC=C1Cl)N2CCC3=C(C2)C=CS3,C=CN1CCCC1=O
60606,3082248,0,COC(=O)C(C1=CC=CC=C1Cl)N2CCC3=C(C2)C=CS3,C=CN1CCCC1=O.C=CO
60606,102503,0,COC(=O)C(C1=CC=CC=C1Cl)N2CCC3=C(C2)C=CS3,C1=CC=C(C=C1)C(=O)NC(CCCN=C(N)N)C(=O)NC2=CC3=CC=CC=C3C=C2.Cl
60606,24751,0,COC(=O)C(C1=CC=CC=C1Cl)N2CCC3=C(C2)C=CS3,CC1CO1.C1CO1
60606,5284448,0,COC(=O)C(C1=CC=CC=C1Cl)N2CCC3=C(C2)C=CS3,CCCCCCCCC=CCCCCCCCC(=O)OCCOCC(C1C(CC(O1)OCCO)OCCO)OCCO
60606,26924,0,COC(=O)C(C1=CC=CC=C1Cl)N2CCC3=C(C2)C=CS3,O[Si](=O)[O-].O[Si](=O)[O-].[O-][Si](=O)[O-].[O-][Si](=O)[O-].[Mg+2].[Mg+2].[Mg+2]
60795,104938,0,C1CC(=O)NC2=C1C=CC(=C2)OCCCCN3CCN(CC3)C4=C(C(=CC=C4)Cl)Cl,C(C1C(C(C(C(O1)OC2C(OC(C(C2O)O)O)CO)O)O)O)O.O
60795,6134,0,C1CC(=O)NC2=C1C=CC(=C2)OCCCCN3CCN(CC3)C4=C(C(=CC=C4)Cl)Cl,C(C1C(C(C(C(O1)OC2C(OC(C(C2O)O)O)CO)O)O)O)O
60795,86278134,0,C1CC(=O)NC2=C1C=CC(=C2)OCCCCN3CCN(CC3)C4=C(C(=CC=C4)Cl)Cl,C(C1C(C(C(C(O1)OC2C(OC(C(C2O)O)OCC3C(C(C(C(O3)OC4C(OC(C(C4O)O)OC5C(OC(C(C5O)O)O)CO)CO)O)O)OC6C(C(C(C(O6)CO)OC7C(C(C(C(O7)CO)O)O)O)O)O)CO)O)O)O)O
60795,6251,0,C1CC(=O)NC2=C1C=CC(=C2)OCCCCN3CCN(CC3)C4=C(C(=CC=C4)Cl)Cl,C(C(C(C(C(CO)O)O)O)O)O
60795,6917,0,C1CC(=O)NC2=C1C=CC(=C2)OCCCCN3CCN(CC3)C4=C(C(=CC=C4)Cl)Cl,C=CN1CCCC1=O
60795,2723854,0,C1CC(=O)NC2=C1C=CC(=C2)OCCCCN3CCN(CC3)C4=C(C(=CC=C4)Cl)Cl,C1=CC2=C(C=C1S(=O)(=O)[O-])C(=C(N2)C3=NC4=C(C3=O)C=C(C=C4)S(=O)(=O)[O-])O.[Na+].[Na+]
60795,23706213,0,C1CC(=O)NC2=C1C=CC(=C2)OCCCCN3CCN(CC3)C4=C(C(=CC=C4)Cl)Cl,CC(=O)[O-].C(C(C(C(C(C=O)O)O)O)O)O.[Na+]
60795,89597,0,C1CC(=O)NC2=C1C=CC(=C2)OCCCCN3CCN(CC3)C4=C(C(=CC=C4)Cl)Cl,CC1=CC(=C(C=C1)NC(=O)C(C(=O)C)N=NC2=C(C=C(C(=C2)Cl)C3=CC(=C(C=C3Cl)N=NC(C(=O)C)C(=O)NC4=C(C=C(C=C4)C)C)Cl)Cl)C
60795,123706,0,C1CC(=O)NC2=C1C=CC(=C2)OCCCCN3CCN(CC3)C4=C(C(=CC=C4)Cl)Cl,CCC(C1=C(C=C(C=C1)N(C)C)C)N
60795,11177,0,C1CC(=O)NC2=C1C=CC(=C2)OCCCCN3CCN(CC3)C4=C(C(=CC=C4)Cl)Cl,CCCCCCCCCCCCCCCCCC(=O)[O-].CCCCCCCCCCCCCCCCCC(=O)[O-].[Mg+2]
60795,134601,0,C1CC(=O)NC2=C1C=CC(=C2)OCCCCN3CCN(CC3)C4=C(C(=CC=C4)Cl)Cl,COC(=O)C(CC1=CC=CC=C1)NC(=O)C(CC(=O)O)N
60795,14055602,0,C1CC(=O)NC2=C1C=CC(=C2)OCCCCN3CCN(CC3)C4=C(C(=CC=C4)Cl)Cl,COC1C(OC(C(C1O)O)OC2C(OC(C(C2O)O)OC)CO)CO
60795,445709,0,C1CC(=O)NC2=C1C=CC(=C2)OCCCCN3CCN(CC3)C4=C(C(=CC=C4)Cl)Cl,O.O.O.[Fe]
60795,56841934,0,C1CC(=O)NC2=C1C=CC(=C2)OCCCCN3CCN(CC3)C4=C(C(=CC=C4)Cl)Cl,O.O.O.[Fe].[Fe]
60834,3423265,0,CNCCC(C1=CC=CS1)OC2=CC=CC3=CC=CC=C32.Cl,CCCCCCCCCCCCOS(=O)(=O)[O-].[Na+]
60834,5988,0,CNCCC(C1=CC=CS1)OC2=CC=CC3=CC=CC=C32.Cl,C(C1C(C(C(C(O1)OC2(C(C(C(O2)CO)O)O)CO)O)O)O)O
60834,135436515,0,CNCCC(C1=CC=CS1)OC2=CC=CC3=CC=CC=C32.Cl,C1=CC2=C(C=C1S(=O)(=O)O)C(=C(N2)C3=NC4=C(C3=O)C=C(C=C4)S(=O)(=O)O)O.[Na+]
60834,121950,0,CNCCC(C1=CC=CS1)OC2=CC=CC3=CC=CC=C32.Cl,CC(CO)O.CC(=O)O.CO.C(CC(=O)O)C(=O)O
60834,6506,0,CNCCC(C1=CC=CS1)OC2=CC=CC3=CC=CC=C32.Cl,CCOC(=O)CC(CC(=O)OCC)(C(=O)OCC)O
60834,26924,0,CNCCC(C1=CC=CS1)OC2=CC=CC3=CC=CC=C32.Cl,O[Si](=O)[O-].O[Si](=O)[O-].[O-][Si](=O)[O-].[O-][Si](=O)[O-].[Mg+2].[Mg+2].[Mg+2]
60834,518696,0,CNCCC(C1=CC=CS1)OC2=CC=CC3=CC=CC=C32.Cl,O=[Fe]O[Fe]=O
60834,26042,0,CNCCC(C1=CC=CS1)OC2=CC=CC3=CC=CC=C32.Cl,O=[Ti]=O
60877,104938,0,C1C(OC(S1)CO)N2C=C(C(=NC2=O)N)F,C(C1C(C(C(C(O1)OC2C(OC(C(C2O)O)O)CO)O)O)O)O.O
60877,6917,0,C1C(OC(S1)CO)N2C=C(C(=NC2=O)N)F,C=CN1CCCC1=O
60877,135436515,0,C1C(OC(S1)CO)N2C=C(C(=NC2=O)N)F,C1=CC2=C(C=C1S(=O)(=O)O)C(=C(N2)C3=NC4=C(C3=O)C=C(C=C4)S(=O)(=O)O)O.[Na+]
60877,131751496,0,C1C(OC(S1)CO)N2C=C(C(=NC2=O)N)F,C1CC(=O)N(C1)C(CP)P
60877,23706213,0,C1C(OC(S1)CO)N2C=C(C(=NC2=O)N)F,CC(=O)[O-].C(C(C(C(C(C=O)O)O)O)O)O.[Na+]
60877,11177,0,C1C(OC(S1)CO)N2C=C(C(=NC2=O)N)F,CCCCCCCCCCCCCCCCCC(=O)[O-].CCCCCCCCCCCCCCCCCC(=O)[O-].[Mg+2]
60877,14055602,0,C1C(OC(S1)CO)N2C=C(C(=NC2=O)N)F,COC1C(OC(C(C1O)O)OC2C(OC(C(C2O)O)OC)CO)CO
60877,26042,0,C1C(OC(S1)CO)N2C=C(C(=NC2=O)N)F,O=[Ti]=O
62698,516875,1,C(C1C(C(C(C(O1)OC2C(OC(C(C2O)O)OC3C(OC(C(C3O)O)O)CO)CO)O)O)O)O,[O-][Mn](=O)(=O)=O.[K+]
62698,24823,1,C(C1C(C(C(C(O1)OC2C(OC(C(C2O)O)OC3C(OC(C(C3O)O)O)CO)CO)O)O)O)O,[O-][O+]=O
62882,44630049,1,CC(C)NCC(COC1=CC=CC2=CC=CC=C21)O.Cl,C1(C(C(OC(C1O)OC2C(C(C(OC2C(=O)O)OC3C(C(C(OC3C(=O)[O-])O)O)O)O)O)C(=O)[O-])O)O.[Ca+2]
62923,6134,0,CN(C)CC(C1=CC=C(C=C1)OC)C2(CCCCC2)O.Cl,C(C1C(C(C(C(O1)OC2C(OC(C(C2O)O)O)CO)O)O)O)O
62923,5281,0,CN(C)CC(C1=CC=C(C=C1)OC)C2(CCCCC2)O.Cl,CCCCCCCCCCCCCCCCCC(=O)O
62923,2682,0,CN(C)CC(C1=CC=C(C=C1)OC)C2(CCCCC2)O.Cl,CCCCCCCCCCCCCCCCO
62923,26924,0,CN(C)CC(C1=CC=C(C=C1)OC)C2(CCCCC2)O.Cl,O[Si](=O)[O-].O[Si](=O)[O-].[O-][Si](=O)[O-].[O-][Si](=O)[O-].[Mg+2].[Mg+2].[Mg+2]
62969,6251,0,CC(C)C(CCCN(C)CCC1=CC(=C(C=C1)OC)OC)(C#N)C2=CC(=C(C=C2)OC)OC.Cl,C(C(C(C(C(CO)O)O)O)O)O
62969,6917,0,CC(C)C(CCCN(C)CCC1=CC(=C(C=C1)OC)OC)(C#N)C2=CC(=C(C=C2)OC)OC.Cl,C=CN1CCCC1=O
62969,23706213,0,CC(C)C(CCCN(C)CCC1=CC(=C(C=C1)OC)OC)(C#N)C2=CC(=C(C=C2)OC)OC.Cl,CC(=O)[O-].C(C(C(C(C(C=O)O)O)O)O)O.[Na+]
62969,11177,0,CC(C)C(CCCN(C)CCC1=CC(=C(C=C1)OC)OC)(C#N)C2=CC(=C(C=C2)OC)OC.Cl,CCCCCCCCCCCCCCCCCC(=O)[O-].CCCCCCCCCCCCCCCCCC(=O)[O-].[Mg+2]
62969,26924,0,CC(C)C(CCCN(C)CCC1=CC(=C(C=C1)OC)OC)(C#N)C2=CC(=C(C=C2)OC)OC.Cl,O[Si](=O)[O-].O[Si](=O)[O-].[O-][Si](=O)[O-].[O-][Si](=O)[O-].[Mg+2].[Mg+2].[Mg+2]
66370,441374,1,C(C1C(C(C(C(O1)O)O)O)O)O.O,C1C(C(C(C(C1N)OC2C(C(C(C(O2)CN)O)O)O)O)OC3C(C(C(C(O3)CO)O)N)O)N.OS(=O)(=O)O
66370,16204922,1,C(C1C(C(C(C(O1)O)O)O)O)O.O,CC(=O)CC(C1=CC=CC=C1)C2=C(C3=CC=CC=C3OC2=O)[O-].[Na+]
66370,23663939,1,C(C1C(C(C(C(O1)O)O)O)O)O.O,CC1=C(C=CC2=C1OC(=O)C(=C2[O-])NC(=O)C3=CC(=C(C=C3)O)CC=C(C)C)OC4C(C(C(C(O4)(C)C)OC)OC(=O)N)O.[Na+]
66370,5311498,1,C(C1C(C(C(C(O1)O)O)O)O)O.O,CC1=CC2=C(C=C1C)N(C=N2)C3C(C(C(O3)CO)OP(=O)([O-])OC(C)CNC(=O)CCC4(C(C5C6(C(C(C(=C(C7=NC(=CC8=NC(=C(C4=N5)C)C(C8(C)C)CCC(=O)N)C(C7(C)CC(=O)N)CCC(=O)N)C)[N-]6)CCC(=O)N)(C)CC(=O)N)C)CC(=O)N)C)O.[C-]#N.[Co+3]
68844,174,1,CCNC1CN(S(=O)(=O)C2=C1C=C(S2)S(=O)(=O)N)CCCOC,C(CO)O
71329,86278134,0,CN(CCC1=CC=C(C=C1)NS(=O)(=O)C)CCOC2=CC=C(C=C2)NS(=O)(=O)C,C(C1C(C(C(C(O1)OC2C(OC(C(C2O)O)OCC3C(C(C(C(O3)OC4C(OC(C(C4O)O)OC5C(OC(C(C5O)O)O)CO)CO)O)O)OC6C(C(C(C(O6)CO)OC7C(C(C(C(O7)CO)O)O)O)O)O)CO)O)O)O)O
71329,11177,0,CN(CCC1=CC=C(C=C1)NS(=O)(=O)C)CCOC2=CC=C(C=C2)NS(=O)(=O)C,CCCCCCCCCCCCCCCCCC(=O)[O-].CCCCCCCCCCCCCCCCCC(=O)[O-].[Mg+2]
71329,14055602,0,CN(CCC1=CC=C(C=C1)NS(=O)(=O)C)CCOC2=CC=C(C=C2)NS(=O)(=O)C,COC1C(OC(C(C1O)O)OC2C(OC(C(C2O)O)OC)CO)CO
71329,24261,0,CN(CCC1=CC=C(C=C1)NS(=O)(=O)C)CCOC2=CC=C(C=C2)NS(=O)(=O)C,O=[Si]=O
71360,104938,0,CC(=O)C1=CC(=C(C=C1)OCCCN2CCC(CC2)C3=NOC4=C3C=CC(=C4)F)OC,C(C1C(C(C(C(O1)OC2C(OC(C(C2O)O)O)CO)O)O)O)O.O
71360,131751496,0,CC(=O)C1=CC(=C(C=C1)OCCCN2CCC(CC2)C3=NOC4=C3C=CC(=C4)F)OC,C1CC(=O)N(C1)C(CP)P
71360,11177,0,CC(=O)C1=CC(=C(C=C1)OCCCN2CCC(CC2)C3=NOC4=C3C=CC(=C4)F)OC,CCCCCCCCCCCCCCCCCC(=O)[O-].CCCCCCCCCCCCCCCCCC(=O)[O-].[Mg+2]
71360,14055602,0,CC(=O)C1=CC(=C(C=C1)OCCCN2CCC(CC2)C3=NOC4=C3C=CC(=C4)F)OC,COC1C(OC(C(C1O)O)OC2C(OC(C(C2O)O)OC)CO)CO
71360,24261,0,CC(=O)C1=CC(=C(C=C1)OCCCN2CCC(CC2)C3=NOC4=C3C=CC(=C4)F)OC,O=[Si]=O
71412,138843,0,CC(CCC1=CC=CC=C1)NCC(C2=CC(=C(C=C2)O)C(=O)N)O.Cl,C#P
71412,516892,0,CC(CCC1=CC=CC=C1)NCC(C2=CC(=C(C=C2)O)C(=O)N)O.Cl,C(=O)(O)[O-].[Na+]
71412,6917,0,CC(CCC1=CC=CC=C1)NCC(C2=CC(=C(C=C2)O)C(=O)N)O.Cl,C=CN1CCCC1=O
71412,11177,0,CC(CCC1=CC=CC=C1)NCC(C2=CC(=C(C=C2)O)C(=O)N)O.Cl,CCCCCCCCCCCCCCCCCC(=O)[O-].CCCCCCCCCCCCCCCCCC(=O)[O-].[Mg+2]
71412,14055602,0,CC(CCC1=CC=CC=C1)NCC(C2=CC(=C(C=C2)O)C(=O)N)O.Cl,COC1C(OC(C(C1O)O)OC2C(OC(C(C2O)O)OC)CO)CO
71412,26924,0,CC(CCC1=CC=CC=C1)NCC(C2=CC(=C(C=C2)O)C(=O)N)O.Cl,O[Si](=O)[O-].O[Si](=O)[O-].[O-][Si](=O)[O-].[O-][Si](=O)[O-].[Mg+2].[Mg+2].[Mg+2]
71424,14923,0,CCOC1=CC=CC=C1OCC2CNCCO2.Cl,[NH4+].[OH-]
71424,14797,0,CCOC1=CC=CC=C1OCC2CNCCO2.Cl,[OH-].[K+]
71424,104938,0,CCOC1=CC=CC=C1OCC2CNCCO2.Cl,C(C1C(C(C(C(O1)OC2C(OC(C(C2O)O)O)CO)O)O)O)O.O
71424,174,0,CCOC1=CC=CC=C1OCC2CNCCO2.Cl,C(CO)O
71424,5541,0,CCOC1=CC=CC=C1OCC2CNCCO2.Cl,CC(=O)OCC(COC(=O)C)OC(=O)C
71424,3776,0,CCOC1=CC=CC=C1OCC2CNCCO2.Cl,CC(C)O
71424,1030,0,CCOC1=CC=CC=C1OCC2CNCCO2.Cl,CC(CO)O
71424,445639,0,CCOC1=CC=CC=C1OCC2CNCCO2.Cl,CCCCCCCCC=CCCCCCCCC(=O)O
71424,263,0,CCOC1=CC=CC=C1OCC2CNCCO2.Cl,CCCCO
71424,24832091,0,CCOC1=CC=CC=C1OCC2CNCCO2.Cl,CCOCC1C(C(C(C(O1)OC)OCC)OCC)OC2C(C(C(C(O2)CO)OC)O)O
71424,222,0,CCOC1=CC=CC=C1OCC2CNCCO2.Cl,N
71424,26924,0,CCOC1=CC=CC=C1OCC2CNCCO2.Cl,O[Si](=O)[O-].O[Si](=O)[O-].[O-][Si](=O)[O-].[O-][Si](=O)[O-].[Mg+2].[Mg+2].[Mg+2]
71616,6328154,0,CC(C1=NC=NC=C1F)C(CN2C=NC=N2)(C3=C(C=C(C=C3)F)F)O,CC(=O)O.C(C(C(C(C(C=O)O)O)O)O)O.[Na]
71616,104938,0,CC(C1=NC=NC=C1F)C(CN2C=NC=N2)(C3=C(C=C(C=C3)F)F)O,C(C1C(C(C(C(O1)OC2C(OC(C(C2O)O)O)CO)O)O)O)O.O
71616,6134,0,CC(C1=NC=NC=C1F)C(CN2C=NC=N2)(C3=C(C=C(C=C3)F)F)O,C(C1C(C(C(C(O1)OC2C(OC(C(C2O)O)O)CO)O)O)O)O
71616,6917,0,CC(C1=NC=NC=C1F)C(CN2C=NC=N2)(C3=C(C=C(C=C3)F)F)O,C=CN1CCCC1=O
71616,5541,0,CC(C1=NC=NC=C1F)C(CN2C=NC=N2)(C3=C(C=C(C=C3)F)F)O,CC(=O)OCC(COC(=O)C)OC(=O)C
71616,131750926,0,CC(C1=NC=NC=C1F)C(CN2C=NC=N2)(C3=C(C=C(C=C3)F)F)O,CC(=O)OCC1C(C(C(C(O1)OC2C(C(OC(C2OC3C(C(C(C(O3)CO)OP)O)O)CO)CP)O)OC4C(C(C(C(O4)C(=O)O)OC5C(C(C6C(O5)COC(O6)(C)C(=O)O)O)O)O)O)O)O
71616,11177,0,CC(C1=NC=NC=C1F)C(CN2C=NC=N2)(C3=C(C=C(C=C3)F)F)O,CCCCCCCCCCCCCCCCCC(=O)[O-].CCCCCCCCCCCCCCCCCC(=O)[O-].[Mg+2]
71616,14055602,0,CC(C1=NC=NC=C1F)C(CN2C=NC=N2)(C3=C(C=C(C=C3)F)F)O,COC1C(OC(C(C1O)O)OC2C(OC(C(C2O)O)OC)CO)CO
71616,26924,0,CC(C1=NC=NC=C1F)C(CN2C=NC=N2)(C3=C(C=C(C=C3)F)F)O,O[Si](=O)[O-].O[Si](=O)[O-].[O-][Si](=O)[O-].[O-][Si](=O)[O-].[Mg+2].[Mg+2].[Mg+2]
71616,26042,0,CC(C1=NC=NC=C1F)C(CN2C=NC=N2)(C3=C(C=C(C=C3)F)F)O,O=[Ti]=O
71771,6134,1,C1=CC=C(C(=C1)CC(=O)OCC(=O)O)NC2=C(C=CC=C2Cl)Cl,C(C1C(C(C(C(O1)OC2C(OC(C(C2O)O)O)CO)O)O)O)O
73491,1110,1,CC1C(O1)P(=O)([O-])[O-].[Na+].[Na+],C(CC(=O)O)C(=O)O
77997,6251,0,CN(C)CCC1=CNC2=C1C=C(C=C2)CN3C=NC=N3.C1=CC=C(C=C1)C(=O)O,C(C(C(C(C(CO)O)O)O)O)O
77997,4764,0,CN(C)CCC1=CNC2=C1C=C(C=C2)CN3C=NC=N3.C1=CC=C(C=C1)C(=O)O,C1=CC=C2C(=C1)C(=O)OC2(C3=CC=C(C=C3)O)C4=CC=C(C=C4)O
77997,11177,0,CN(C)CCC1=CNC2=C1C=C(C=C2)CN3C=NC=N3.C1=CC=C(C=C1)C(=O)O,CCCCCCCCCCCCCCCCCC(=O)[O-].CCCCCCCCCCCCCCCCCC(=O)[O-].[Mg+2]
77997,134601,0,CN(C)CCC1=CNC2=C1C=C(C=C2)CN3C=NC=N3.C1=CC=C(C=C1)C(=O)O,COC(=O)C(CC1=CC=CC=C1)NC(=O)C(CC(=O)O)N
77997,14055602,0,CN(C)CCC1=CNC2=C1C=C(C=C2)CN3C=NC=N3.C1=CC=C(C=C1)C(=O)O,COC1C(OC(C(C1O)O)OC2C(OC(C(C2O)O)OC)CO)CO
84003,6134,0,C1CN2C(=CC=C2C(=O)C3=CC=CC=C3)C1C(=O)O.C(C(CO)(CO)N)O,C(C1C(C(C(C(O1)OC2C(OC(C(C2O)O)O)CO)O)O)O)O
84003,86278134,0,C1CN2C(=CC=C2C(=O)C3=CC=CC=C3)C1C(=O)O.C(C(CO)(CO)N)O,C(C1C(C(C(C(O1)OC2C(OC(C(C2O)O)OCC3C(C(C(C(O3)OC4C(OC(C(C4O)O)OC5C(OC(C(C5O)O)O)CO)CO)O)O)OC6C(C(C(C(O6)CO)OC7C(C(C(C(O7)CO)O)O)O)O)O)CO)O)O)O)O
84003,62698,0,C1CN2C(=CC=C2C(=O)C3=CC=CC=C3)C1C(=O)O.C(C(CO)(CO)N)O,C(C1C(C(C(C(O1)OC2C(OC(C(C2O)O)OC3C(OC(C(C3O)O)O)CO)CO)O)O)O)O
84003,131751496,0,C1CN2C(=CC=C2C(=O)C3=CC=CC=C3)C1C(=O)O.C(C(CO)(CO)N)O,C1CC(=O)N(C1)C(CP)P
84003,23706213,0,C1CN2C(=CC=C2C(=O)C3=CC=CC=C3)C1C(=O)O.C(C(CO)(CO)N)O,CC(=O)[O-].C(C(C(C(C(C=O)O)O)O)O)O.[Na+]
84003,11177,0,C1CN2C(=CC=C2C(=O)C3=CC=CC=C3)C1C(=O)O.C(C(CO)(CO)N)O,CCCCCCCCCCCCCCCCCC(=O)[O-].CCCCCCCCCCCCCCCCCC(=O)[O-].[Mg+2]
84003,26924,0,C1CN2C(=CC=C2C(=O)C3=CC=CC=C3)C1C(=O)O.C(C(CO)(CO)N)O,O[Si](=O)[O-].O[Si](=O)[O-].[O-][Si](=O)[O-].[O-][Si](=O)[O-].[Mg+2].[Mg+2].[Mg+2]
84029,11177,0,CCC1C(C(C(C(=O)C(CC(C(C(C(C(C(=O)O1)C)OC2CC(C(C(O2)C)O)(C)OC)C)OC3C(C(CC(O3)C)N(C)C)O)(C)OC)C)C)O)(C)O,CCCCCCCCCCCCCCCCCC(=O)[O-].CCCCCCCCCCCCCCCCCC(=O)[O-].[Mg+2]
84029,26924,0,CCC1C(C(C(C(=O)C(CC(C(C(C(C(C(=O)O1)C)OC2CC(C(C(O2)C)O)(C)OC)C)OC3C(C(CC(O3)C)N(C)C)O)(C)OC)C)C)O)(C)O,O[Si](=O)[O-].O[Si](=O)[O-].[O-][Si](=O)[O-].[O-][Si](=O)[O-].[Mg+2].[Mg+2].[Mg+2]
84724,8753,1,C1(=NN=C(S1)S(=O)(=O)N)N,CCCCCCCCCCCC[N+](C)(C)CC1=CC=CC=C1.[Cl-]
86472,24456,1,CC1=C(C(=C(C2=C1OC(CC2)(C)CCCC(C)CCCC(C)CCCC(C)C)C)OC(=O)C)C,[O-]P(=O)([O-])[O-].[O-]P(=O)([O-])[O-].[Ca+2].[Ca+2].[Ca+2]
91270,11177,1,CCOC(=O)C(CCC1=CC=CC=C1)NC(C)C(=O)N2CC3=CC(=C(C=C3CC2C(=O)O)OC)OC,CCCCCCCCCCCCCCCCCC(=O)[O-].CCCCCCCCCCCCCCCCCC(=O)[O-].[Mg+2]
91270,14792,1,CCOC(=O)C(CCC1=CC=CC=C1)NC(C)C(=O)N2CC3=CC(=C(C=C3CC2C(=O)O)OC)OC,O=[Mg]
92974,14923,0,C1=CC(=C(C=C1C(C(C(=O)O)N)O)O)O,[NH4+].[OH-]
92974,86278134,0,C1=CC(=C(C=C1C(C(C(=O)O)N)O)O)O,C(C1C(C(C(C(O1)OC2C(OC(C(C2O)O)OCC3C(C(C(C(O3)OC4C(OC(C(C4O)O)OC5C(OC(C(C5O)O)O)CO)CO)O)O)OC6C(C(C(C(O6)CO)OC7C(C(C(C(O7)CO)O)O)O)O)O)CO)O)O)O)O
92974,6251,0,C1=CC(=C(C=C1C(C(C(=O)O)N)O)O)O,C(C(C(C(C(CO)O)O)O)O)O
92974,1030,0,C1=CC(=C(C=C1C(C(C(=O)O)N)O)O)O,CC(CO)O
92974,11177,0,C1=CC(=C(C=C1C(C(C(=O)O)N)O)O)O,CCCCCCCCCCCCCCCCCC(=O)[O-].CCCCCCCCCCCCCCCCCC(=O)[O-].[Mg+2]
92974,263,0,C1=CC(=C(C=C1C(C(C(=O)O)N)O)O)O,CCCCO
92974,702,0,C1=CC(=C(C=C1C(C(C(=O)O)N)O)O)O,CCO
92974,56841934,0,C1=CC(=C(C=C1C(C(C(=O)O)N)O)O)O,O.O.O.[Fe].[Fe]
92974,16211978,0,C1=CC(=C(C=C1C(C(C(=O)O)N)O)O)O,O=[Fe].O=[Fe]O[Fe]=O
93095,11339,1,CC1C(O1)P(=O)([O-])[O-].[Ca+2],CCCCC(CC)COC(=O)CC(C(=O)OCC(CC)CCCC)S(=O)(=O)O
110635,104938,0,CN1CC(=O)N2C(C1=O)CC3=C(C2C4=CC5=C(C=C4)OCO5)NC6=CC=CC=C36,C(C1C(C(C(C(O1)OC2C(OC(C(C2O)O)O)CO)O)O)O)O.O
110635,6328154,0,CN1CC(=O)N2C(C1=O)CC3=C(C2C4=CC5=C(C=C4)OCO5)NC6=CC=CC=C36,CC(=O)O.C(C(C(C(C(C=O)O)O)O)O)O.[Na]
110635,123706,0,CN1CC(=O)N2C(C1=O)CC3=C(C2C4=CC5=C(C=C4)OCO5)NC6=CC=CC=C36,CCC(C1=C(C=C(C=C1)N(C)C)C)N
110635,3423265,0,CN1CC(=O)N2C(C1=O)CC3=C(C2C4=CC5=C(C=C4)OCO5)NC6=CC=CC=C36,CCCCCCCCCCCCOS(=O)(=O)[O-].[Na+]
110635,14055602,0,CN1CC(=O)N2C(C1=O)CC3=C(C2C4=CC5=C(C=C4)OCO5)NC6=CC=CC=C36,COC1C(OC(C(C1O)O)OC2C(OC(C(C2O)O)OC)CO)CO
110635,26924,0,CN1CC(=O)N2C(C1=O)CC3=C(C2C4=CC5=C(C=C4)OCO5)NC6=CC=CC=C36,O[Si](=O)[O-].O[Si](=O)[O-].[O-][Si](=O)[O-].[O-][Si](=O)[O-].[Mg+2].[Mg+2].[Mg+2]
110635,518696,0,CN1CC(=O)N2C(C1=O)CC3=C(C2C4=CC5=C(C=C4)OCO5)NC6=CC=CC=C36,O=[Fe]O[Fe]=O
110635,26042,0,CN1CC(=O)N2C(C1=O)CC3=C(C2C4=CC5=C(C=C4)OCO5)NC6=CC=CC=C36,O=[Ti]=O
115366,25100,0,COC(=O)C(C1=CC=CC=C1Cl)N2CCC3=C(C2)C=CS3.OS(=O)(=O)O,CCCCCCC(CCCCCCCCCCC(=O)OCC(COC(=O)CCCCCCCCCCC(CCCCCC)O)OC(=O)CCCCCCCCCCC(CCCCCC)O)O
115366,104938,0,COC(=O)C(C1=CC=CC=C1Cl)N2CCC3=C(C2)C=CS3.OS(=O)(=O)O,C(C1C(C(C(C(O1)OC2C(OC(C(C2O)O)O)CO)O)O)O)O.O
115366,6251,0,COC(=O)C(C1=CC=CC=C1Cl)N2CCC3=C(C2)C=CS3.OS(=O)(=O)O,C(C(C(C(C(CO)O)O)O)O)O
115366,174,0,COC(=O)C(C1=CC=CC=C1Cl)N2CCC3=C(C2)C=CS3.OS(=O)(=O)O,C(CO)O
115366,5541,0,COC(=O)C(C1=CC=CC=C1Cl)N2CCC3=C(C2)C=CS3.OS(=O)(=O)O,CC(=O)OCC(COC(=O)C)OC(=O)C
115366,24832095,0,COC(=O)C(C1=CC=CC=C1Cl)N2CCC3=C(C2)C=CS3.OS(=O)(=O)O,CC(COCC1C(C(C(C(O1)OC)OCC(C)O)OCC(C)O)OC2C(C(C(C(O2)COC)OC3C(C(C(C(O3)CO)OC)O)O)OC)OC)O
115366,123706,0,COC(=O)C(C1=CC=CC=C1Cl)N2CCC3=C(C2)C=CS3.OS(=O)(=O)O,CCC(C1=C(C=C(C=C1)N(C)C)C)N
115366,14055602,0,COC(=O)C(C1=CC=CC=C1Cl)N2CCC3=C(C2)C=CS3.OS(=O)(=O)O,COC1C(OC(C(C1O)O)OC2C(OC(C(C2O)O)OC)CO)CO
115366,56841934,0,COC(=O)C(C1=CC=CC=C1Cl)N2CCC3=C(C2)C=CS3.OS(=O)(=O)O,O.O.O.[Fe].[Fe]
115366,26042,0,COC(=O)C(C1=CC=CC=C1Cl)N2CCC3=C(C2)C=CS3.OS(=O)(=O)O,O=[Ti]=O
119607,101418447,0,CC1=C(C(=NO1)C2=CC=CC=C2)C3=CC=C(C=C3)S(=O)(=O)N,[C-]#P
119607,6134,0,CC1=C(C(=NO1)C2=CC=CC=C2)C3=CC=C(C=C3)S(=O)(=O)N,C(C1C(C(C(C(O1)OC2C(OC(C(C2O)O)O)CO)O)O)O)O
119607,6251,0,CC1=C(C(=NO1)C2=CC=CC=C2)C3=CC=C(C=C3)S(=O)(=O)N,C(C(C(C(C(CO)O)O)O)O)O
119607,6917,0,CC1=C(C(=NO1)C2=CC=CC=C2)C3=CC=C(C=C3)S(=O)(=O)N,C=CN1CCCC1=O
119607,160041,0,CC1=C(C(=NO1)C2=CC=CC=C2)C3=CC=C(C=C3)S(=O)(=O)N,C1=CC=C2C3=C4C(=CC2=C1)S(=O)(=O)C5=CC=CC(=C54)C=C3
119607,11177,0,CC1=C(C(=NO1)C2=CC=CC=C2)C3=CC=C(C=C3)S(=O)(=O)N,CCCCCCCCCCCCCCCCCC(=O)[O-].CCCCCCCCCCCCCCCCCC(=O)[O-].[Mg+2]
119607,3423265,0,CC1=C(C(=NO1)C2=CC=CC=C2)C3=CC=C(C=C3)S(=O)(=O)N,CCCCCCCCCCCCOS(=O)(=O)[O-].[Na+]
119607,134601,0,CC1=C(C(=NO1)C2=CC=CC=C2)C3=CC=C(C=C3)S(=O)(=O)N,COC(=O)C(CC1=CC=CC=C1)NC(=O)C(CC(=O)O)N
119607,14055602,0,CC1=C(C(=NO1)C2=CC=CC=C2)C3=CC=C(C=C3)S(=O)(=O)N,COC1C(OC(C(C1O)O)OC2C(OC(C(C2O)O)OC)CO)CO
119607,26924,0,CC1=C(C(=NO1)C2=CC=CC=C2)C3=CC=C(C=C3)S(=O)(=O)N,O[Si](=O)[O-].O[Si](=O)[O-].[O-][Si](=O)[O-].[O-][Si](=O)[O-].[Mg+2].[Mg+2].[Mg+2]
119607,24261,0,CC1=C(C(=NO1)C2=CC=CC=C2)C3=CC=C(C=C3)S(=O)(=O)N,O=[Si]=O
121587,104938,0,CN1CCC23C=CC(CC2OC4=C(C=CC(=C34)C1)OC)O.Br,C(C1C(C(C(C(O1)OC2C(OC(C(C2O)O)O)CO)O)O)O)O.O
121587,131751496,0,CN1CCC23C=CC(CC2OC4=C(C=CC(=C34)C1)OC)O.Br,C1CC(=O)N(C1)C(CP)P
121587,1030,0,CN1CCC23C=CC(CC2OC4=C(C=CC(=C34)C1)OC)O.Br,CC(CO)O
121587,11177,0,CN1CCC23C=CC(CC2OC4=C(C=CC(=C34)C1)OC)O.Br,CCCCCCCCCCCCCCCCCC(=O)[O-].CCCCCCCCCCCCCCCCCC(=O)[O-].[Mg+2]
121587,14055602,0,CN1CCC23C=CC(CC2OC4=C(C=CC(=C34)C1)OC)O.Br,COC1C(OC(C(C1O)O)OC2C(OC(C(C2O)O)OC)CO)CO
121587,26924,0,CN1CCC23C=CC(CC2OC4=C(C=CC(=C34)C1)OC)O.Br,O[Si](=O)[O-].O[Si](=O)[O-].[O-][Si](=O)[O-].[O-][Si](=O)[O-].[Mg+2].[Mg+2].[Mg+2]
121587,518696,0,CN1CCC23C=CC(CC2OC4=C(C=CC(=C34)C1)OC)O.Br,O=[Fe]O[Fe]=O
121587,24261,0,CN1CCC23C=CC(CC2OC4=C(C=CC(=C34)C1)OC)O.Br,O=[Si]=O
121587,26042,0,CN1CCC23C=CC(CC2OC4=C(C=CC(=C34)C1)OC)O.Br,O=[Ti]=O
121892,11199,0,CCOC(=O)NC1=C(C=C(C=C1)NCC2=CC=C(C=C2)F)N,C=CO
121892,47932,0,CCOC(=O)NC1=C(C=C(C=C1)NCC2=CC=C(C=C2)F)N,C1=CC(=C(C=C1N)N)OCCO.Cl.Cl
121892,135436515,0,CCOC(=O)NC1=C(C=C(C=C1)NCC2=CC=C(C=C2)F)N,C1=CC2=C(C=C1S(=O)(=O)O)C(=C(N2)C3=NC4=C(C3=O)C=C(C=C4)S(=O)(=O)O)O.[Na+]
121892,6328154,0,CCOC(=O)NC1=C(C=C(C=C1)NCC2=CC=C(C=C2)F)N,CC(=O)O.C(C(C(C(C(C=O)O)O)O)O)O.[Na]
121892,14950,0,CCOC(=O)NC1=C(C=C(C=C1)NCC2=CC=C(C=C2)F)N,CC1=C2C(=CC(=C1C(=O)O)O)C(=O)C3=C(C2=O)C(=C(C(=C3O)O)C4C(C(C(C(O4)CO)O)O)O)O
121892,6438359,0,CCOC(=O)NC1=C(C=C(C=C1)NCC2=CC=C(C=C2)F)N,CCCCCCCCCCCCCCCC(=O)OCC(COP(=O)([O-])OCC[N+](C)(C)C)OC(=O)CCCCCCCC=CCC=CCCCCC
121892,11177,0,CCOC(=O)NC1=C(C=C(C=C1)NCC2=CC=C(C=C2)F)N,CCCCCCCCCCCCCCCCCC(=O)[O-].CCCCCCCCCCCCCCCCCC(=O)[O-].[Mg+2]
121892,14055602,0,CCOC(=O)NC1=C(C=C(C=C1)NCC2=CC=C(C=C2)F)N,COC1C(OC(C(C1O)O)OC2C(OC(C(C2O)O)OC)CO)CO
121892,26924,0,CCOC(=O)NC1=C(C=C(C=C1)NCC2=CC=C(C=C2)F)N,O[Si](=O)[O-].O[Si](=O)[O-].[O-][Si](=O)[O-].[O-][Si](=O)[O-].[Mg+2].[Mg+2].[Mg+2]
121892,26042,0,CCOC(=O)NC1=C(C=C(C=C1)NCC2=CC=C(C=C2)F)N,O=[Ti]=O
124087,104938,0,C1CC2=C(C=CC(=C2)Cl)C(=C3CCNCC3)C4=C1C=CC=N4,C(C1C(C(C(C(O1)OC2C(OC(C(C2O)O)O)CO)O)O)O)O.O
124087,86278134,0,C1CC2=C(C=CC(=C2)Cl)C(=C3CCNCC3)C4=C1C=CC=N4,C(C1C(C(C(C(O1)OC2C(OC(C(C2O)O)OCC3C(C(C(C(O3)OC4C(OC(C(C4O)O)OC5C(OC(C(C5O)O)O)CO)CO)O)O)OC6C(C(C(C(O6)CO)OC7C(C(C(C(O7)CO)O)O)O)O)O)CO)O)O)O)O
124087,4134690,0,C1CC2=C(C=CC(=C2)Cl)C(=C3CCNCC3)C4=C1C=CC=N4,C(CCCCCCCCCCO)CCCCCCCCCO
124087,174,0,C1CC2=C(C=CC(=C2)Cl)C(=C3CCNCC3)C4=C1C=CC=N4,C(CO)O
124087,135800280,0,C1CC2=C(C=CC(=C2)Cl)C(=C3CCNCC3)C4=C1C=CC=N4,C1=CC2=C(C=C1S(=O)(=O)[O-])C(=C(N2)C3=NC4=C(C3=O)C=C(C=C4)S(=O)(=O)[O-])O.C1=CC2=C(C=C1S(=O)(=O)[O-])C(=C(N2)C3=NC4=C(C3=O)C=C(C=C4)S(=O)(=O)[O-])O.C1=CC2=C(C=C1S(=O)(=O)[O-])C(=C(N2)C3=NC4=C(C3=O)C=C(C=C4)S(=O)(=O)[O-])O.[Al+3].[Al+3]
124087,14055602,0,C1CC2=C(C=CC(=C2)Cl)C(=C3CCNCC3)C4=C1C=CC=N4,COC1C(OC(C(C1O)O)OC2C(OC(C(C2O)O)OC)CO)CO
124087,104805,0,C1CC2=C(C=CC(=C2)Cl)C(=C3CCNCC3)C4=C1C=CC=N4,O.O.OP(=O)([O-])[O-].[Ca+2]
124087,26924,0,C1CC2=C(C=CC(=C2)Cl)C(=C3CCNCC3)C4=C1C=CC=N4,O[Si](=O)[O-].O[Si](=O)[O-].[O-][Si](=O)[O-].[O-][Si](=O)[O-].[Mg+2].[Mg+2].[Mg+2]
124087,26042,0,C1CC2=C(C=CC(=C2)Cl)C(=C3CCNCC3)C4=C1C=CC=N4,O=[Ti]=O
129791,24261,0,CN(C)CCOC1=CC=C(C=C1)CNC(=O)C2=CC(=C(C=C2)OC)OC.Cl,O=[Si]=O
129791,6251,0,CN(C)CCOC1=CC=C(C=C1)CNC(=O)C2=CC(=C(C=C2)OC)OC.Cl,C(C(C(C(C(CO)O)O)O)O)O
129791,11177,0,CN(C)CCOC1=CC=C(C=C1)CNC(=O)C2=CC(=C(C=C2)OC)OC.Cl,CCCCCCCCCCCCCCCCCC(=O)[O-].CCCCCCCCCCCCCCCCCC(=O)[O-].[Mg+2]
129791,14055602,0,CN(C)CCOC1=CC=C(C=C1)CNC(=O)C2=CC(=C(C=C2)OC)OC.Cl,COC1C(OC(C(C1O)O)OC2C(OC(C(C2O)O)OC)CO)CO
130564,5988,0,CC1=CN=C(C(=C1OC)C)CS(=O)C2=NC3=C([N-]2)C=CC(=C3)OC.CC1=CN=C(C(=C1OC)C)CS(=O)C2=NC3=C([N-]2)C=CC(=C3)OC.[Mg+2],C(C1C(C(C(C(O1)OC2(C(C(C(O2)CO)O)O)CO)O)O)O)O
130564,174,0,CC1=CN=C(C(=C1OC)C)CS(=O)C2=NC3=C([N-]2)C=CC(=C3)OC.CC1=CN=C(C(=C1OC)C)CS(=O)C2=NC3=C([N-]2)C=CC(=C3)OC.[Mg+2],C(CO)O
130564,131751496,0,CC1=CN=C(C(=C1OC)C)CS(=O)C2=NC3=C([N-]2)C=CC(=C3)OC.CC1=CN=C(C(=C1OC)C)CS(=O)C2=NC3=C([N-]2)C=CC(=C3)OC.[Mg+2],C1CC(=O)N(C1)C(CP)P
130564,33258,0,CC1=CN=C(C(=C1OC)C)CS(=O)C2=NC3=C([N-]2)C=CC(=C3)OC.CC1=CN=C(C(=C1OC)C)CS(=O)C2=NC3=C([N-]2)C=CC(=C3)OC.[Mg+2],CC1=CC(=C(C=C1S(=O)(=O)[O-])OC)N=NC2=C(C=CC3=C2C=CC(=C3)S(=O)(=O)[O-])O.[Na+].[Na+]
130564,123706,0,CC1=CN=C(C(=C1OC)C)CS(=O)C2=NC3=C([N-]2)C=CC(=C3)OC.CC1=CN=C(C(=C1OC)C)CS(=O)C2=NC3=C([N-]2)C=CC(=C3)OC.[Mg+2],CCC(C1=C(C=C(C=C1)N(C)C)C)N
130564,5284448,0,CC1=CN=C(C(=C1OC)C)CS(=O)C2=NC3=C([N-]2)C=CC(=C3)OC.CC1=CN=C(C(=C1OC)C)CS(=O)C2=NC3=C([N-]2)C=CC(=C3)OC.[Mg+2],CCCCCCCCC=CCCCCCCCC(=O)OCCOCC(C1C(CC(O1)OCCO)OCCO)OCCO
130564,11177,0,CC1=CN=C(C(=C1OC)C)CS(=O)C2=NC3=C([N-]2)C=CC(=C3)OC.CC1=CN=C(C(=C1OC)C)CS(=O)C2=NC3=C([N-]2)C=CC(=C3)OC.[Mg+2],CCCCCCCCCCCCCCCCCC(=O)[O-].CCCCCCCCCCCCCCCCCC(=O)[O-].[Mg+2]
130564,23665634,0,CC1=CN=C(C(=C1OC)C)CS(=O)C2=NC3=C([N-]2)C=CC(=C3)OC.CC1=CN=C(C(=C1OC)C)CS(=O)C2=NC3=C([N-]2)C=CC(=C3)OC.[Mg+2],CCCCCCCCCCCCCCCCCCOC(=O)C=CC(=O)[O-].[Na+]
130564,6506,0,CC1=CN=C(C(=C1OC)C)CS(=O)C2=NC3=C([N-]2)C=CC(=C3)OC.CC1=CN=C(C(=C1OC)C)CS(=O)C2=NC3=C([N-]2)C=CC(=C3)OC.[Mg+2],CCOC(=O)CC(CC(=O)OCC)(C(=O)OCC)O
130564,26924,0,CC1=CN=C(C(=C1OC)C)CS(=O)C2=NC3=C([N-]2)C=CC(=C3)OC.CC1=CN=C(C(=C1OC)C)CS(=O)C2=NC3=C([N-]2)C=CC(=C3)OC.[Mg+2],O[Si](=O)[O-].O[Si](=O)[O-].[O-][Si](=O)[O-].[O-][Si](=O)[O-].[Mg+2].[Mg+2].[Mg+2]
130564,26042,0,CC1=CN=C(C(=C1OC)C)CS(=O)C2=NC3=C([N-]2)C=CC(=C3)OC.CC1=CN=C(C(=C1OC)C)CS(=O)C2=NC3=C([N-]2)C=CC(=C3)OC.[Mg+2],O=[Ti]=O
130881,104938,0,CCCC1=NC(=C(N1CC2=CC=C(C=C2)C3=CC=CC=C3C4=NNN=N4)C(=O)OCC5=C(OC(=O)O5)C)C(C)(C)O,C(C1C(C(C(C(O1)OC2C(OC(C(C2O)O)O)CO)O)O)O)O.O
130881,6251,0,CCCC1=NC(=C(N1CC2=CC=C(C=C2)C3=CC=CC=C3C4=NNN=N4)C(=O)OCC5=C(OC(=O)O5)C)C(C)(C)O,C(C(C(C(C(CO)O)O)O)O)O
130881,1176,0,CCCC1=NC(=C(N1CC2=CC=C(C=C2)C3=CC=CC=C3C4=NNN=N4)C(=O)OCC5=C(OC(=O)O5)C)C(C)(C)O,C(=O)(N)N
130881,16211032,0,CCCC1=NC(=C(N1CC2=CC=C(C=C2)C3=CC=CC=C3C4=NNN=N4)C(=O)OCC5=C(OC(=O)O5)C)C(C)(C)O,C(C1C(C(C(C(O1)OC2C(OC(C(C2O)O)O)CO)O)O)O)O
130881,6917,0,CCCC1=NC(=C(N1CC2=CC=C(C=C2)C3=CC=CC=C3C4=NNN=N4)C(=O)OCC5=C(OC(=O)O5)C)C(C)(C)O,C=CN1CCCC1=O
130881,23706213,0,CCCC1=NC(=C(N1CC2=CC=C(C=C2)C3=CC=CC=C3C4=NNN=N4)C(=O)OCC5=C(OC(=O)O5)C)C(C)(C)O,CC(=O)[O-].C(C(C(C(C(C=O)O)O)O)O)O.[Na+]
130881,123706,0,CCCC1=NC(=C(N1CC2=CC=C(C=C2)C3=CC=CC=C3C4=NNN=N4)C(=O)OCC5=C(OC(=O)O5)C)C(C)(C)O,CCC(C1=C(C=C(C=C1)N(C)C)C)N
130881,11177,0,CCCC1=NC(=C(N1CC2=CC=C(C=C2)C3=CC=CC=C3C4=NNN=N4)C(=O)OCC5=C(OC(=O)O5)C)C(C)(C)O,CCCCCCCCCCCCCCCCCC(=O)[O-].CCCCCCCCCCCCCCCCCC(=O)[O-].[Mg+2]
130881,14055602,0,CCCC1=NC(=C(N1CC2=CC=C(C=C2)C3=CC=CC=C3C4=NNN=N4)C(=O)OCC5=C(OC(=O)O5)C)C(C)(C)O,COC1C(OC(C(C1O)O)OC2C(OC(C(C2O)O)OC)CO)CO
130881,445709,0,CCCC1=NC(=C(N1CC2=CC=C(C=C2)C3=CC=CC=C3C4=NNN=N4)C(=O)OCC5=C(OC(=O)O5)C)C(C)(C)O,O.O.O.[Fe]
130881,26924,0,CCCC1=NC(=C(N1CC2=CC=C(C=C2)C3=CC=CC=C3C4=NNN=N4)C(=O)OCC5=C(OC(=O)O5)C)C(C)(C)O,O[Si](=O)[O-].O[Si](=O)[O-].[O-][Si](=O)[O-].[O-][Si](=O)[O-].[Mg+2].[Mg+2].[Mg+2]
130881,26042,0,CCCC1=NC(=C(N1CC2=CC=C(C=C2)C3=CC=CC=C3C4=NNN=N4)C(=O)OCC5=C(OC(=O)O5)C)C(C)(C)O,O=[Ti]=O
134018,104938,0,CC1=C(SC(=N1)C2=CC(=C(C=C2)OCC(C)C)C#N)C(=O)O,C(C1C(C(C(C(O1)OC2C(OC(C(C2O)O)O)CO)O)O)O)O.O
134018,174,0,CC1=C(SC(=N1)C2=CC(=C(C=C2)OCC(C)C)C#N)C(=O)O,C(CO)O
134018,11199,0,CC1=C(SC(=N1)C2=CC(=C(C=C2)OCC(C)C)C#N)C(=O)O,C=CO
134018,6328154,0,CC1=C(SC(=N1)C2=CC(=C(C=C2)OCC(C)C)C#N)C(=O)O,CC(=O)O.C(C(C(C(C(C=O)O)O)O)O)O.[Na]
134018,123706,0,CC1=C(SC(=N1)C2=CC(=C(C=C2)OCC(C)C)C#N)C(=O)O,CCC(C1=C(C=C(C=C1)N(C)C)C)N
134018,11177,0,CC1=C(SC(=N1)C2=CC(=C(C=C2)OCC(C)C)C#N)C(=O)O,CCCCCCCCCCCCCCCCCC(=O)[O-].CCCCCCCCCCCCCCCCCC(=O)[O-].[Mg+2]
134018,14055602,0,CC1=C(SC(=N1)C2=CC(=C(C=C2)OCC(C)C)C#N)C(=O)O,COC1C(OC(C(C1O)O)OC2C(OC(C(C2O)O)OC)CO)CO
134018,26924,0,CC1=C(SC(=N1)C2=CC(=C(C=C2)OCC(C)C)C#N)C(=O)O,O[Si](=O)[O-].O[Si](=O)[O-].[O-][Si](=O)[O-].[O-][Si](=O)[O-].[Mg+2].[Mg+2].[Mg+2]
134018,518696,0,CC1=C(SC(=N1)C2=CC(=C(C=C2)OCC(C)C)C#N)C(=O)O,O=[Fe]O[Fe]=O
134018,24261,0,CC1=C(SC(=N1)C2=CC(=C(C=C2)OCC(C)C)C#N)C(=O)O,O=[Si]=O
134018,26042,0,CC1=C(SC(=N1)C2=CC(=C(C=C2)OCC(C)C)C#N)C(=O)O,O=[Ti]=O
134601,24497,1,COC(=O)C(CC1=CC=CC=C1)NC(=O)C(CC(=O)O)N,[O-]S(=O)(=O)[O-].[Ca+2]
134601,104805,1,COC(=O)C(CC1=CC=CC=C1)NC(=O)C(CC(=O)O)N,O.O.OP(=O)([O-])[O-].[Ca+2]
134601,11177,1,COC(=O)C(CC1=CC=CC=C1)NC(=O)C(CC(=O)O)N,CCCCCCCCCCCCCCCCCC(=O)[O-].CCCCCCCCCCCCCCCCCC(=O)[O-].[Mg+2]
134601,24441,1,COC(=O)C(CC1=CC=CC=C1)NC(=O)C(CC(=O)O)N,OP(=O)([O-])[O-].[Ca+2]
134780,14923,0,C1CC(=O)NC(=O)C1N2C(=O)C3=C(C2=O)C(=CC=C3)N,[NH4+].[OH-]
134780,6251,0,C1CC(=O)NC(=O)C1N2C(=O)C3=C(C2=O)C(=CC=C3)N,C(C(C(C(C(CO)O)O)O)O)O
134780,1030,0,C1CC(=O)NC(=O)C1N2C(=O)C3=C(C2=O)C(=CC=C3)N,CC(CO)O
134780,23665634,0,C1CC(=O)NC(=O)C1N2C(=O)C3=C(C2=O)C(=CC=C3)N,CCCCCCCCCCCCCCCCCCOC(=O)C=CC(=O)[O-].[Na+]
134780,6433516,0,C1CC(=O)NC(=O)C1N2C(=O)C3=C(C2=O)C(=CC=C3)N,CO[Si](C)(C)O[Si](C)(C)C.O=[Si]=O
134780,16211978,0,C1CC(=O)NC(=O)C1N2C(=O)C3=C(C2=O)C(=CC=C3)N,O=[Fe].O=[Fe]O[Fe]=O
134780,26042,0,C1CC(=O)NC(=O)C1N2C(=O)C3=C(C2=O)C(=CC=C3)N,O=[Ti]=O
148195,14797,0,C1CN(CCC1CC(=O)N2CCC(CC2)C3C4=C(CCC5=C3N=CC(=C5)Br)C=C(C=C4Br)Cl)C(=O)N,[OH-].[K+]
148195,6850749,0,C1CN(CCC1CC(=O)N2CCC(CC2)C3C4=C(CCC5=C3N=CC(=C5)Br)C=C(C=C4Br)Cl)C(=O)N,CC1(C2CCC(C23CC1C(=CC3O)C(=O)O)C(=O)O)CO.C(CCCC(C(CCCCCO)O)O)CCCC(=O)O
148195,6917,0,C1CN(CCC1CC(=O)N2CCC(CC2)C3C4=C(CCC5=C3N=CC(=C5)Br)C=C(C=C4Br)Cl)C(=O)N,C=CN1CCCC1=O
148195,6328154,0,C1CN(CCC1CC(=O)N2CCC(CC2)C3C4=C(CCC5=C3N=CC(=C5)Br)C=C(C=C4Br)Cl)C(=O)N,CC(=O)O.C(C(C(C(C(C=O)O)O)O)O)O.[Na]
148195,3776,0,C1CN(CCC1CC(=O)N2CCC(CC2)C3C4=C(CCC5=C3N=CC(=C5)Br)C=C(C=C4Br)Cl)C(=O)N,CC(C)O
148195,1030,0,C1CN(CCC1CC(=O)N2CCC(CC2)C3C4=C(CCC5=C3N=CC(=C5)Br)C=C(C=C4Br)Cl)C(=O)N,CC(CO)O
148195,24751,0,C1CN(CCC1CC(=O)N2CCC(CC2)C3C4=C(CCC5=C3N=CC(=C5)Br)C=C(C=C4Br)Cl)C(=O)N,CC1CO1.C1CO1
148195,11177,0,C1CN(CCC1CC(=O)N2CCC(CC2)C3C4=C(CCC5=C3N=CC(=C5)Br)C=C(C=C4Br)Cl)C(=O)N,CCCCCCCCCCCCCCCCCC(=O)[O-].CCCCCCCCCCCCCCCCCC(=O)[O-].[Mg+2]
148195,263,0,C1CN(CCC1CC(=O)N2CCC(CC2)C3C4=C(CCC5=C3N=CC(=C5)Br)C=C(C=C4Br)Cl)C(=O)N,CCCCO
148195,518696,0,C1CN(CCC1CC(=O)N2CCC(CC2)C3C4=C(CCC5=C3N=CC(=C5)Br)C=C(C=C4Br)Cl)C(=O)N,O=[Fe]O[Fe]=O
148195,24261,0,C1CN(CCC1CC(=O)N2CCC(CC2)C3C4=C(CCC5=C3N=CC(=C5)Br)C=C(C=C4Br)Cl)C(=O)N,O=[Si]=O
148195,26042,0,C1CN(CCC1CC(=O)N2CCC(CC2)C3C4=C(CCC5=C3N=CC(=C5)Br)C=C(C=C4Br)Cl)C(=O)N,O=[Ti]=O
154256,123706,0,CC1=C(N(C2=C1C=C(C=C2)O)CC3=CC=C(C=C3)OCCN4CCCCCC4)C5=CC=C(C=C5)O.CC(=O)O,CCC(C1=C(C=C(C=C1)N(C)C)C)N
154256,24456,0,CC1=C(N(C2=C1C=C(C=C2)O)CC3=CC=C(C=C3)OCCN4CCCCCC4)C5=CC=C(C=C5)O.CC(=O)O,[O-]P(=O)([O-])[O-].[O-]P(=O)([O-])[O-].[Ca+2].[Ca+2].[Ca+2]
154256,54670067,0,CC1=C(N(C2=C1C=C(C=C2)O)CC3=CC=C(C=C3)OCCN4CCCCCC4)C5=CC=C(C=C5)O.CC(=O)O,C(C(C1C(=C(C(=O)O1)O)O)O)O
154256,104938,0,CC1=C(N(C2=C1C=C(C=C2)O)CC3=CC=C(C=C3)OCCN4CCCCCC4)C5=CC=C(C=C5)O.CC(=O)O,C(C1C(C(C(C(O1)OC2C(OC(C(C2O)O)O)CO)O)O)O)O.O
154256,5988,0,CC1=C(N(C2=C1C=C(C=C2)O)CC3=CC=C(C=C3)OCCN4CCCCCC4)C5=CC=C(C=C5)O.CC(=O)O,C(C1C(C(C(C(O1)OC2(C(C(C(O2)CO)O)O)CO)O)O)O)O
154256,6251,0,CC1=C(N(C2=C1C=C(C=C2)O)CC3=CC=C(C=C3)OCCN4CCCCCC4)C5=CC=C(C=C5)O.CC(=O)O,C(C(C(C(C(CO)O)O)O)O)O
154256,872,0,CC1=C(N(C2=C1C=C(C=C2)O)CC3=CC=C(C=C3)OCCN4CCCCCC4)C5=CC=C(C=C5)O.CC(=O)O,C(C1C(C(C(C(O1)OCC2C(C(C(C(O2)O)O)O)O)O)O)O)O
154256,174,0,CC1=C(N(C2=C1C=C(C=C2)O)CC3=CC=C(C=C3)OCCN4CCCCCC4)C5=CC=C(C=C5)O.CC(=O)O,C(CO)O
154256,6917,0,CC1=C(N(C2=C1C=C(C=C2)O)CC3=CC=C(C=C3)OCCN4CCCCCC4)C5=CC=C(C=C5)O.CC(=O)O,C=CN1CCCC1=O
154256,3776,0,CC1=C(N(C2=C1C=C(C=C2)O)CC3=CC=C(C=C3)OCCN4CCCCCC4)C5=CC=C(C=C5)O.CC(=O)O,CC(C)O
154256,1030,0,CC1=C(N(C2=C1C=C(C=C2)O)CC3=CC=C(C=C3)OCCN4CCCCCC4)C5=CC=C(C=C5)O.CC(=O)O,CC(CO)O
154256,5360814,0,CC1=C(N(C2=C1C=C(C=C2)O)CC3=CC=C(C=C3)OCCN4CCCCCC4)C5=CC=C(C=C5)O.CC(=O)O,CCCCCCCCCCCCCCCC(=O)OC1(C(C(C(C(O1)CO)O)O)O)C2(C(C(C(O2)CO)O)O)CO
154256,11177,0,CC1=C(N(C2=C1C=C(C=C2)O)CC3=CC=C(C=C3)OCCN4CCCCCC4)C5=CC=C(C=C5)O.CC(=O)O,CCCCCCCCCCCCCCCCCC(=O)[O-].CCCCCCCCCCCCCCCCCC(=O)[O-].[Mg+2]
154256,22895896,0,CC1=C(N(C2=C1C=C(C=C2)O)CC3=CC=C(C=C3)OCCN4CCCCCC4)C5=CC=C(C=C5)O.CC(=O)O,CCCOC(C)COCCO
154256,14055602,0,CC1=C(N(C2=C1C=C(C=C2)O)CC3=CC=C(C=C3)OCCN4CCCCCC4)C5=CC=C(C=C5)O.CC(=O)O,COC1C(OC(C(C1O)O)OC2C(OC(C(C2O)O)OC)CO)CO
154256,445709,0,CC1=C(N(C2=C1C=C(C=C2)O)CC3=CC=C(C=C3)OCCN4CCCCCC4)C5=CC=C(C=C5)O.CC(=O)O,O.O.O.[Fe]
154256,56841934,0,CC1=C(N(C2=C1C=C(C=C2)O)CC3=CC=C(C=C3)OCCN4CCCCCC4)C5=CC=C(C=C5)O.CC(=O)O,O.O.O.[Fe].[Fe]
154256,16211978,0,CC1=C(N(C2=C1C=C(C=C2)O)CC3=CC=C(C=C3)OCCN4CCCCCC4)C5=CC=C(C=C5)O.CC(=O)O,O=[Fe].O=[Fe]O[Fe]=O
154256,26042,0,CC1=C(N(C2=C1C=C(C=C2)O)CC3=CC=C(C=C3)OCCN4CCCCCC4)C5=CC=C(C=C5)O.CC(=O)O,O=[Ti]=O
157920,5780,0,CCCCC(C1(CCC2C(O1)CC(=O)C2CCCCCCC(=O)O)O)(F)F,C(C(C(C(C(CO)O)O)O)O)O
157920,56841934,0,CCCCC(C1(CCC2C(O1)CC(=O)C2CCCCCCC(=O)O)O)(F)F,O.O.O.[Fe].[Fe]
157920,26042,0,CCCCC(C1(CCC2C(O1)CC(=O)C2CCCCCCC(=O)O)O)(F)F,O=[Ti]=O
158550,131751496,0,CC(C)(C)C(C(=O)NC(CC1=CC=CC=C1)C(CN(CC2=CC=C(C=C2)C3=CC=CC=N3)NC(=O)C(C(C)(C)C)NC(=O)OC)O)NC(=O)OC.OS(=O)(=O)O,C1CC(=O)N(C1)C(CP)P
158550,104938,0,CC(C)(C)C(C(=O)NC(CC1=CC=CC=C1)C(CN(CC2=CC=C(C=C2)C3=CC=CC=N3)NC(=O)C(C(C)(C)C)NC(=O)OC)O)NC(=O)OC.OS(=O)(=O)O,C(C1C(C(C(C(O1)OC2C(OC(C(C2O)O)O)CO)O)O)O)O.O
158550,1030,0,CC(C)(C)C(C(=O)NC(CC1=CC=CC=C1)C(CN(CC2=CC=C(C=C2)C3=CC=CC=N3)NC(=O)C(C(C)(C)C)NC(=O)OC)O)NC(=O)OC.OS(=O)(=O)O,CC(CO)O
158550,11177,0,CC(C)(C)C(C(=O)NC(CC1=CC=CC=C1)C(CN(CC2=CC=C(C=C2)C3=CC=CC=N3)NC(=O)C(C(C)(C)C)NC(=O)OC)O)NC(=O)OC.OS(=O)(=O)O,CCCCCCCCCCCCCCCCCC(=O)[O-].CCCCCCCCCCCCCCCCCC(=O)[O-].[Mg+2]
158550,6433516,0,CC(C)(C)C(C(=O)NC(CC1=CC=CC=C1)C(CN(CC2=CC=C(C=C2)C3=CC=CC=N3)NC(=O)C(C(C)(C)C)NC(=O)OC)O)NC(=O)OC.OS(=O)(=O)O,CO[Si](C)(C)O[Si](C)(C)C.O=[Si]=O
158550,445709,0,CC(C)(C)C(C(=O)NC(CC1=CC=CC=C1)C(CN(CC2=CC=C(C=C2)C3=CC=CC=N3)NC(=O)C(C(C)(C)C)NC(=O)OC)O)NC(=O)OC.OS(=O)(=O)O,O.O.O.[Fe]
158550,56841934,0,CC(C)(C)C(C(=O)NC(CC1=CC=CC=C1)C(CN(CC2=CC=C(C=C2)C3=CC=CC=N3)NC(=O)C(C(C)(C)C)NC(=O)OC)O)NC(=O)OC.OS(=O)(=O)O,O.O.O.[Fe].[Fe]
158550,16211978,0,CC(C)(C)C(C(=O)NC(CC1=CC=CC=C1)C(CN(CC2=CC=C(C=C2)C3=CC=CC=N3)NC(=O)C(C(C)(C)C)NC(=O)OC)O)NC(=O)OC.OS(=O)(=O)O,O=[Fe].O=[Fe]O[Fe]=O
158550,26042,0,CC(C)(C)C(C(=O)NC(CC1=CC=CC=C1)C(CN(CC2=CC=C(C=C2)C3=CC=CC=N3)NC(=O)C(C(C)(C)C)NC(=O)OC)O)NC(=O)OC.OS(=O)(=O)O,O=[Ti]=O
159269,174,0,CC1=CN(C(=O)NC1=O)C2CC(C(O2)CO)O,C(CO)O
159269,6917,0,CC1=CN(C(=O)NC1=O)C2CC(C(O2)CO)O,C=CN1CCCC1=O
159269,11177,0,CC1=CN(C(=O)NC1=O)C2CC(C(O2)CO)O,CCCCCCCCCCCCCCCCCC(=O)[O-].CCCCCCCCCCCCCCCCCC(=O)[O-].[Mg+2]
159269,14055602,0,CC1=CN(C(=O)NC1=O)C2CC(C(O2)CO)O,COC1C(OC(C(C1O)O)OC2C(OC(C(C2O)O)OC)CO)CO
159269,26924,0,CC1=CN(C(=O)NC1=O)C2CC(C(O2)CO)O,O[Si](=O)[O-].O[Si](=O)[O-].[O-][Si](=O)[O-].[O-][Si](=O)[O-].[Mg+2].[Mg+2].[Mg+2]
159269,24261,0,CC1=CN(C(=O)NC1=O)C2CC(C(O2)CO)O,O=[Si]=O
159269,26042,0,CC1=CN(C(=O)NC1=O)C2CC(C(O2)CO)O,O=[Ti]=O
163701,174,0,CCN(CC)C(=O)C1(CC1CN)C2=CC=CC=C2.Cl,C(CO)O
163701,6917,0,CCN(CC)C(=O)C1(CC1CN)C2=CC=CC=C2.Cl,C=CN1CCCC1=O
163701,11199,0,CCN(CC)C(=O)C1(CC1CN)C2=CC=CC=C2.Cl,C=CO
163701,24748,0,CCN(CC)C(=O)C1(CC1CN)C2=CC=CC=C2.Cl,CC(=O)O.C(C(C(C(C(C=O)O)O)O)O)O
163701,33258,0,CCN(CC)C(=O)C1(CC1CN)C2=CC=CC=C2.Cl,CC1=CC(=C(C=C1S(=O)(=O)[O-])OC)N=NC2=C(C=CC3=C2C=CC(=C3)S(=O)(=O)[O-])O.[Na+].[Na+]
163701,26924,0,CCN(CC)C(=O)C1(CC1CN)C2=CC=CC=C2.Cl,O[Si](=O)[O-].O[Si](=O)[O-].[O-][Si](=O)[O-].[O-][Si](=O)[O-].[Mg+2].[Mg+2].[Mg+2]
163701,24261,0,CCN(CC)C(=O)C1(CC1CN)C2=CC=CC=C2.Cl,O=[Si]=O
163701,26042,0,CCN(CC)C(=O)C1(CC1CN)C2=CC=CC=C2.Cl,O=[Ti]=O
163701,24441,0,CCN(CC)C(=O)C1(CC1CN)C2=CC=CC=C2.Cl,OP(=O)([O-])[O-].[Ca+2]
168924,11177,0,C(=O)([O-])[O-].C(=O)([O-])[O-].C(=O)([O-])[O-].[La+3].[La+3],CCCCCCCCCCCCCCCCCC(=O)[O-].CCCCCCCCCCCCCCCCCC(=O)[O-].[Mg+2]
168924,24261,0,C(=O)([O-])[O-].C(=O)([O-])[O-].C(=O)([O-])[O-].[La+3].[La+3],O=[Si]=O
176871,104938,0,COCCOC1=C(C=C2C(=C1)C(=NC=N2)NC3=CC=CC(=C3)C#C)OCCOC.Cl,C(C1C(C(C(C(O1)OC2C(OC(C(C2O)O)O)CO)O)O)O)O.O
176871,123706,0,COCCOC1=C(C=C2C(=C1)C(=NC=N2)NC3=CC=CC(=C3)C#C)OCCOC.Cl,CCC(C1=C(C=C(C=C1)N(C)C)C)N
176871,11177,0,COCCOC1=C(C=C2C(=C1)C(=NC=N2)NC3=CC=CC(=C3)C#C)OCCOC.Cl,CCCCCCCCCCCCCCCCCC(=O)[O-].CCCCCCCCCCCCCCCCCC(=O)[O-].[Mg+2]
176871,3423265,0,COCCOC1=C(C=C2C(=C1)C(=NC=N2)NC3=CC=CC(=C3)C#C)OCCOC.Cl,CCCCCCCCCCCCOS(=O)(=O)[O-].[Na+]
176871,14055602,0,COCCOC1=C(C=C2C(=C1)C(=NC=N2)NC3=CC=CC(=C3)C#C)OCCOC.Cl,COC1C(OC(C(C1O)O)OC2C(OC(C(C2O)O)OC)CO)CO
176871,26042,0,COCCOC1=C(C=C2C(=C1)C(=NC=N2)NC3=CC=CC(=C3)C#C)OCCOC.Cl,O=[Ti]=O
189729,6134,1,C1CC(N(C1)C(=O)C(CCCCN)OP(=O)(CCCCC2=CC=CC=C2)O)C(=O)O,C(C1C(C(C(C(O1)OC2C(OC(C(C2O)O)O)CO)O)O)O)O
189729,21862903,1,C1CC(N(C1)C(=O)C(CCCCN)OP(=O)(CCCCC2=CC=CC=C2)O)C(=O)O,O.O.[O-]P(=O)([O-])[O-].[Ca+2].[Ca+2]
193962,104938,0,CC1=CC(=CC(=C1OC2=NC(=NC(=C2Br)N)NC3=CC=C(C=C3)C#N)C)C#N,C(C1C(C(C(C(O1)OC2C(OC(C(C2O)O)O)CO)O)O)O)O.O
193962,62551,0,CC1=CC(=CC(=C1OC2=NC(=NC(=C2Br)N)NC3=CC=C(C=C3)C#N)C)C#N,C(COCCOCCOCCOCCO)O
193962,104840,0,CC1=CC(=CC(=C1OC2=NC(=NC(=C2Br)N)NC3=CC=C(C=C3)C#N)C)C#N,C1CO1.C(C(CO)O)O
193962,6328154,0,CC1=CC(=CC(=C1OC2=NC(=NC(=C2Br)N)NC3=CC=C(C=C3)C#N)C)C#N,CC(=O)O.C(C(C(C(C(C=O)O)O)O)O)O.[Na]
193962,5284448,0,CC1=CC(=CC(=C1OC2=NC(=NC(=C2Br)N)NC3=CC=C(C=C3)C#N)C)C#N,CCCCCCCCC=CCCCCCCCC(=O)OCCOCC(C1C(CC(O1)OCCO)OCCO)OCCO
193962,443314,0,CC1=CC(=CC(=C1OC2=NC(=NC(=C2Br)N)NC3=CC=C(C=C3)C#N)C)C#N,CCCCCCCCCCCC(=O)OCCOCC(C1C(C(CO1)OCCO)OCCO)OCCO
193962,11177,0,CC1=CC(=CC(=C1OC2=NC(=NC(=C2Br)N)NC3=CC=C(C=C3)C#N)C)C#N,CCCCCCCCCCCCCCCCCC(=O)[O-].CCCCCCCCCCCCCCCCCC(=O)[O-].[Mg+2]
193962,14055602,0,CC1=CC(=CC(=C1OC2=NC(=NC(=C2Br)N)NC3=CC=C(C=C3)C#N)C)C#N,COC1C(OC(C(C1O)O)OC2C(OC(C(C2O)O)OC)CO)CO
193962,679,0,CC1=CC(=CC(=C1OC2=NC(=NC(=C2Br)N)NC3=CC=C(C=C3)C#N)C)C#N,CS(=O)C
193962,24261,0,CC1=CC(=CC(=C1OC2=NC(=NC(=C2Br)N)NC3=CC=C(C=C3)C#N)C)C#N,O=[Si]=O
214350,712,1,COC1=C(C=C(C=C1)Cl)[C@]2(C3=C(C=C(C=C3)C(F)(F)F)NC2=O)F,C=O
216237,104938,0,CC1=CC=CC=C1C(=O)NC2=CC(=C(C=C2)C(=O)N3CCCC(C4=C3C=CC(=C4)Cl)O)C,C(C1C(C(C(C(O1)OC2C(OC(C(C2O)O)O)CO)O)O)O)O.O
216237,86278134,0,CC1=CC=CC=C1C(=O)NC2=CC(=C(C=C2)C(=O)N3CCCC(C4=C3C=CC(=C4)Cl)O)C,C(C1C(C(C(C(O1)OC2C(OC(C(C2O)O)OCC3C(C(C(C(O3)OC4C(OC(C(C4O)O)OC5C(OC(C(C5O)O)O)CO)CO)O)O)OC6C(C(C(C(O6)CO)OC7C(C(C(C(O7)CO)O)O)O)O)O)CO)O)O)O)O
216237,135436515,0,CC1=CC=CC=C1C(=O)NC2=CC(=C(C=C2)C(=O)N3CCCC(C4=C3C=CC(=C4)Cl)O)C,C1=CC2=C(C=C1S(=O)(=O)O)C(=C(N2)C3=NC4=C(C3=O)C=C(C=C4)S(=O)(=O)O)O.[Na+]
216237,123706,0,CC1=CC=CC=C1C(=O)NC2=CC(=C(C=C2)C(=O)N3CCCC(C4=C3C=CC(=C4)Cl)O)C,CCC(C1=C(C=C(C=C1)N(C)C)C)N
216237,11177,0,CC1=CC=CC=C1C(=O)NC2=CC(=C(C=C2)C(=O)N3CCCC(C4=C3C=CC(=C4)Cl)O)C,CCCCCCCCCCCCCCCCCC(=O)[O-].CCCCCCCCCCCCCCCCCC(=O)[O-].[Mg+2]
216237,14055602,0,CC1=CC=CC=C1C(=O)NC2=CC(=C(C=C2)C(=O)N3CCCC(C4=C3C=CC(=C4)Cl)O)C,COC1C(OC(C(C1O)O)OC2C(OC(C(C2O)O)OC)CO)CO
216326,104938,0,C1CC(=O)NC(=O)C1N2CC3=C(C2=O)C=CC=C3N,C(C1C(C(C(C(O1)OC2C(OC(C(C2O)O)O)CO)O)O)O)O.O
216326,135436510,0,C1CC(=O)NC(=O)C1N2CC3=C(C2=O)C=CC=C3N,C1=CC=C(C=C1)N=NC2=C(C3=C(C(=C(C=C3C=C2S(=O)(=O)O)S(=O)(=O)O)N=NC4=CC=C(C=C4)[N+](=O)[O-])N)O.[Na+]
216326,6328154,0,C1CC(=O)NC(=O)C1N2CC3=C(C2=O)C=CC=C3N,CC(=O)O.C(C(C(C(C(C=O)O)O)O)O)O.[Na]
216326,11177,0,C1CC(=O)NC(=O)C1N2CC3=C(C2=O)C=CC=C3N,CCCCCCCCCCCCCCCCCC(=O)[O-].CCCCCCCCCCCCCCCCCC(=O)[O-].[Mg+2]
216326,14055602,0,C1CC(=O)NC(=O)C1N2CC3=C(C2=O)C=CC=C3N,COC1C(OC(C(C1O)O)OC2C(OC(C(C2O)O)OC)CO)CO
216326,445709,0,C1CC(=O)NC(=O)C1N2CC3=C(C2=O)C=CC=C3N,O.O.O.[Fe]
216326,26042,0,C1CC(=O)NC(=O)C1N2CC3=C(C2=O)C=CC=C3N,O=[Ti]=O
219078,294,0,CC(=O)NC(COC)C(=O)NCC1=CC=CC=C1,C(C1C(C(C(C(O1)OC2C(OC(C(C2O)O)O)CO)O)O)O)O
219078,174,0,CC(=O)NC(COC)C(=O)NCC1=CC=CC=C1,C(CO)O
219078,11199,0,CC(=O)NC(COC)C(=O)NCC1=CC=CC=C1,C=CO
219078,56843209,0,CC(=O)NC(COC)C(=O)NCC1=CC=CC=C1,C1=CC(=CC=C1N=NC2C(=NN(C2=O)C3=CC=C(C=C3)S(=O)(=O)O)C(=O)O)S(=O)(=O)O.[Al]
219078,131751496,0,CC(=O)NC(COC)C(=O)NCC1=CC=CC=C1,C1CC(=O)N(C1)C(CP)P
219078,123706,0,CC(=O)NC(COC)C(=O)NCC1=CC=CC=C1,CCC(C1=C(C=C(C=C1)N(C)C)C)N
219078,11177,0,CC(=O)NC(COC)C(=O)NCC1=CC=CC=C1,CCCCCCCCCCCCCCCCCC(=O)[O-].CCCCCCCCCCCCCCCCCC(=O)[O-].[Mg+2]
219078,14055602,0,CC(=O)NC(COC)C(=O)NCC1=CC=CC=C1,COC1C(OC(C(C1O)O)OC2C(OC(C(C2O)O)OC)CO)CO
219078,56841934,0,CC(=O)NC(COC)C(=O)NCC1=CC=CC=C1,O.O.O.[Fe].[Fe]
219078,26924,0,CC(=O)NC(COC)C(=O)NCC1=CC=CC=C1,O[Si](=O)[O-].O[Si](=O)[O-].[O-][Si](=O)[O-].[O-][Si](=O)[O-].[Mg+2].[Mg+2].[Mg+2]
219078,16211978,0,CC(=O)NC(COC)C(=O)NCC1=CC=CC=C1,O=[Fe].O=[Fe]O[Fe]=O
219078,24261,0,CC(=O)NC(COC)C(=O)NCC1=CC=CC=C1,O=[Si]=O
219078,26042,0,CC(=O)NC(COC)C(=O)NCC1=CC=CC=C1,O=[Ti]=O
221493,294,0,CC(CCC(=O)O)C1CCC2C1(C(CC3C2C(CC4C3(CCC(C4)O)C)O)O)C,C(C1C(C(C(C(O1)OC2C(OC(C(C2O)O)O)CO)O)O)O)O
221493,11177,0,CC(CCC(=O)O)C1CCC2C1(C(CC3C2C(CC4C3(CCC(C4)O)C)O)O)C,CCCCCCCCCCCCCCCCCC(=O)[O-].CCCCCCCCCCCCCCCCCC(=O)[O-].[Mg+2]
221493,56841934,0,CC(CCC(=O)O)C1CCC2C1(C(CC3C2C(CC4C3(CCC(C4)O)C)O)O)C,O.O.O.[Fe].[Fe]
221493,26042,0,CC(CCC(=O)O)C1CCC2C1(C(CC3C2C(CC4C3(CCC(C4)O)C)O)O)C,O=[Ti]=O
406563,21584077,0,CC1=CC=C(C=C1)S(=O)(=O)O.CNC(=O)C1=NC=CC(=C1)OC2=CC=C(C=C2)NC(=O)NC3=CC(=C(C=C3)Cl)C(F)(F)F,[O-]P(=O)([O-])[O-].[Ca+2].[Ca+2]
406563,6134,0,CC1=CC=C(C=C1)S(=O)(=O)O.CNC(=O)C1=NC=CC(=C1)OC2=CC=C(C=C2)NC(=O)NC3=CC(=C(C=C3)Cl)C(F)(F)F,C(C1C(C(C(C(O1)OC2C(OC(C(C2O)O)O)CO)O)O)O)O
406563,174,0,CC1=CC=C(C=C1)S(=O)(=O)O.CNC(=O)C1=NC=CC(=C1)OC2=CC=C(C=C2)NC(=O)NC3=CC(=C(C=C3)Cl)C(F)(F)F,C(CO)O
406563,6917,0,CC1=CC=C(C=C1)S(=O)(=O)O.CNC(=O)C1=NC=CC(=C1)OC2=CC=C(C=C2)NC(=O)NC3=CC(=C(C=C3)Cl)C(F)(F)F,C=CN1CCCC1=O
406563,24748,0,CC1=CC=C(C=C1)S(=O)(=O)O.CNC(=O)C1=NC=CC(=C1)OC2=CC=C(C=C2)NC(=O)NC3=CC(=C(C=C3)Cl)C(F)(F)F,CC(=O)O.C(C(C(C(C(C=O)O)O)O)O)O
406563,6328154,0,CC1=CC=C(C=C1)S(=O)(=O)O.CNC(=O)C1=NC=CC(=C1)OC2=CC=C(C=C2)NC(=O)NC3=CC(=C(C=C3)Cl)C(F)(F)F,CC(=O)O.C(C(C(C(C(C=O)O)O)O)O)O.[Na]
406563,3776,0,CC1=CC=C(C=C1)S(=O)(=O)O.CNC(=O)C1=NC=CC(=C1)OC2=CC=C(C=C2)NC(=O)NC3=CC(=C(C=C3)Cl)C(F)(F)F,CC(C)O
406563,5746,0,CC1=CC=C(C=C1)S(=O)(=O)O.CNC(=O)C1=NC=CC(=C1)OC2=CC=C(C=C2)NC(=O)NC3=CC(=C(C=C3)Cl)C(F)(F)F,CC1=C(C(=O)C2=C(C1=O)N3CC4C(C3(C2COC(=O)N)OC)N4)N
406563,11177,0,CC1=CC=C(C=C1)S(=O)(=O)O.CNC(=O)C1=NC=CC(=C1)OC2=CC=C(C=C2)NC(=O)NC3=CC(=C(C=C3)Cl)C(F)(F)F,CCCCCCCCCCCCCCCCCC(=O)[O-].CCCCCCCCCCCCCCCCCC(=O)[O-].[Mg+2]
406563,3423265,0,CC1=CC=C(C=C1)S(=O)(=O)O.CNC(=O)C1=NC=CC(=C1)OC2=CC=C(C=C2)NC(=O)NC3=CC(=C(C=C3)Cl)C(F)(F)F,CCCCCCCCCCCCOS(=O)(=O)[O-].[Na+]
406563,14055602,0,CC1=CC=C(C=C1)S(=O)(=O)O.CNC(=O)C1=NC=CC(=C1)OC2=CC=C(C=C2)NC(=O)NC3=CC(=C(C=C3)Cl)C(F)(F)F,COC1C(OC(C(C1O)O)OC2C(OC(C(C2O)O)OC)CO)CO
406563,56841934,0,CC1=CC=C(C=C1)S(=O)(=O)O.CNC(=O)C1=NC=CC(=C1)OC2=CC=C(C=C2)NC(=O)NC3=CC(=C(C=C3)Cl)C(F)(F)F,O.O.O.[Fe].[Fe]
406563,24261,0,CC1=CC=C(C=C1)S(=O)(=O)O.CNC(=O)C1=NC=CC(=C1)OC2=CC=C(C=C2)NC(=O)NC3=CC(=C(C=C3)Cl)C(F)(F)F,O=[Si]=O
406563,26042,0,CC1=CC=C(C=C1)S(=O)(=O)O.CNC(=O)C1=NC=CC(=C1)OC2=CC=C(C=C2)NC(=O)NC3=CC(=C(C=C3)Cl)C(F)(F)F,O=[Ti]=O
441300,84571,0,C1CC1NC2=C3C(=NC(=N2)N)N(C=N3)C4CC(C=C4)CO,C(C1C(C(C(C(O1)OC2C(OC(C(C2O)O)O)CO)O)O)O)O
441300,24751,0,C1CC1NC2=C3C(=NC(=N2)N)N(C=N3)C4CC(C=C4)CO,CC1CO1.C1CO1
441300,11177,0,C1CC1NC2=C3C(=NC(=N2)N)N(C=N3)C4CC(C=C4)CO,CCCCCCCCCCCCCCCCCC(=O)[O-].CCCCCCCCCCCCCCCCCC(=O)[O-].[Mg+2]
441300,14055602,0,C1CC1NC2=C3C(=NC(=N2)N)N(C=N3)C4CC(C=C4)CO,COC1C(OC(C(C1O)O)OC2C(OC(C(C2O)O)OC)CO)CO
441300,26924,0,C1CC1NC2=C3C(=NC(=N2)N)N(C=N3)C4CC(C=C4)CO,O[Si](=O)[O-].O[Si](=O)[O-].[O-][Si](=O)[O-].[O-][Si](=O)[O-].[Mg+2].[Mg+2].[Mg+2]
441300,24261,0,C1CC1NC2=C3C(=NC(=N2)N)N(C=N3)C4CC(C=C4)CO,O=[Si]=O
441358,71485,0,CNCCC=C1C2=CC=CC=C2CCC3=CC=CC=C31.Cl,C(C1C(C(C(C(O1)OC2(C(C(C(O2)CCl)O)O)CCl)O)O)Cl)O
441358,6251,0,CNCCC=C1C2=CC=CC=C2CCC3=CC=CC=C31.Cl,C(C(C(C(C(CO)O)O)O)O)O
441358,6917,0,CNCCC=C1C2=CC=CC=C2CCC3=CC=CC=C31.Cl,C=CN1CCCC1=O
441358,17466,0,CNCCC=C1C2=CC=CC=C2CCC3=CC=CC=C31.Cl,C1=CC=C2C(=C1)C(=CC=C2S(=O)(=O)[O-])N=NC3=C(C=CC4=CC(=CC(=C43)S(=O)(=O)[O-])S(=O)(=O)[O-])O.[Na+].[Na+].[Na+]
441358,11177,0,CNCCC=C1C2=CC=CC=C2CCC3=CC=CC=C31.Cl,CCCCCCCCCCCCCCCCCC(=O)[O-].CCCCCCCCCCCCCCCCCC(=O)[O-].[Mg+2]
441358,24261,0,CNCCC=C1C2=CC=CC=C2CCC3=CC=CC=C31.Cl,O=[Si]=O
446987,1110,1,CC1C(O1)P(=O)(O)O,C(CC(=O)O)C(=O)O
446987,62551,1,CC1C(O1)P(=O)(O)O,C(COCCOCCOCCOCCO)O
446987,23673837,1,CC1C(O1)P(=O)(O)O,CCCCC(CC)COC(=O)CC(C(=O)OCC(CC)CCCC)S(=O)(=O)[O-].[Na+]
447043,6134,0,CCC1C(C(C(N(CC(CC(C(C(C(C(C(=O)O1)C)OC2CC(C(C(O2)C)O)(C)OC)C)OC3C(C(CC(O3)C)N(C)C)O)(C)O)C)C)C)O)(C)O,C(C1C(C(C(C(O1)OC2C(OC(C(C2O)O)O)CO)O)O)O)O
447043,131750926,0,CCC1C(C(C(N(CC(CC(C(C(C(C(C(=O)O1)C)OC2CC(C(C(O2)C)O)(C)OC)C)OC3C(C(CC(O3)C)N(C)C)O)(C)O)C)C)C)O)(C)O,CC(=O)OCC1C(C(C(C(O1)OC2C(C(OC(C2OC3C(C(C(C(O3)CO)OP)O)O)CO)CP)O)OC4C(C(C(C(O4)C(=O)O)OC5C(C(C6C(O5)COC(O6)(C)C(=O)O)O)O)O)O)O)O
447043,11177,0,CCC1C(C(C(N(CC(CC(C(C(C(C(C(=O)O1)C)OC2CC(C(C(O2)C)O)(C)OC)C)OC3C(C(CC(O3)C)N(C)C)O)(C)O)C)C)C)O)(C)O,CCCCCCCCCCCCCCCCCC(=O)[O-].CCCCCCCCCCCCCCCCCC(=O)[O-].[Mg+2]
447043,702,0,CCC1C(C(C(N(CC(CC(C(C(C(C(C(=O)O1)C)OC2CC(C(C(O2)C)O)(C)OC)C)OC3C(C(CC(O3)C)N(C)C)O)(C)O)C)C)C)O)(C)O,CCO
447043,14055602,0,CCC1C(C(C(N(CC(CC(C(C(C(C(C(=O)O1)C)OC2CC(C(C(O2)C)O)(C)OC)C)OC3C(C(CC(O3)C)N(C)C)O)(C)O)C)C)C)O)(C)O,COC1C(OC(C(C1O)O)OC2C(OC(C(C2O)O)OC)CO)CO
447715,174,0,CCC1C2CC(CCC2(C3CCC4(C(C3C1O)CCC4C(C)CCC(=O)O)C)C)O,C(CO)O
447715,22146182,0,CCC1C2CC(CCC2(C3CCC4(C(C3C1O)CCC4C(C)CCC(=O)O)C)C)O,CC(=O)OC=C.C=CO
447715,11177,0,CCC1C2CC(CCC2(C3CCC4(C(C3C1O)CCC4C(C)CCC(=O)O)C)C)O,CCCCCCCCCCCCCCCCCC(=O)[O-].CCCCCCCCCCCCCCCCCC(=O)[O-].[Mg+2]
447715,14055602,0,CCC1C2CC(CCC2(C3CCC4(C(C3C1O)CCC4C(C)CCC(=O)O)C)C)O,COC1C(OC(C(C1O)O)OC2C(OC(C(C2O)O)OC)CO)CO
447715,26924,0,CCC1C2CC(CCC2(C3CCC4(C(C3C1O)CCC4C(C)CCC(=O)O)C)C)O,O[Si](=O)[O-].O[Si](=O)[O-].[O-][Si](=O)[O-].[O-][Si](=O)[O-].[Mg+2].[Mg+2].[Mg+2]
447715,518696,0,CCC1C2CC(CCC2(C3CCC4(C(C3C1O)CCC4C(C)CCC(=O)O)C)C)O,O=[Fe]O[Fe]=O
449193,104938,0,C1CC1COC2=C(C=CC(=C2)C(=O)NC3=C(C=NC=C3Cl)Cl)OC(F)F,C(C1C(C(C(C(O1)OC2C(OC(C(C2O)O)O)CO)O)O)O)O.O
449193,86278134,0,C1CC1COC2=C(C=CC(=C2)C(=O)NC3=C(C=NC=C3Cl)Cl)OC(F)F,C(C1C(C(C(C(O1)OC2C(OC(C(C2O)O)OCC3C(C(C(C(O3)OC4C(OC(C(C4O)O)OC5C(OC(C(C5O)O)O)CO)CO)O)O)OC6C(C(C(C(O6)CO)OC7C(C(C(C(O7)CO)O)O)O)O)O)CO)O)O)O)O
449193,174,0,C1CC1COC2=C(C=CC(=C2)C(=O)NC3=C(C=NC=C3Cl)Cl)OC(F)F,C(CO)O
449193,6917,0,C1CC1COC2=C(C=CC(=C2)C(=O)NC3=C(C=NC=C3Cl)Cl)OC(F)F,C=CN1CCCC1=O
449193,11177,0,C1CC1COC2=C(C=CC(=C2)C(=O)NC3=C(C=NC=C3Cl)Cl)OC(F)F,CCCCCCCCCCCCCCCCCC(=O)[O-].CCCCCCCCCCCCCCCCCC(=O)[O-].[Mg+2]
449193,518696,0,C1CC1COC2=C(C=CC(=C2)C(=O)NC3=C(C=NC=C3Cl)Cl)OC(F)F,O=[Fe]O[Fe]=O
449193,26042,0,C1CC1COC2=C(C=CC(=C2)C(=O)NC3=C(C=NC=C3Cl)Cl)OC(F)F,O=[Ti]=O
456199,104938,0,C1C(COC2=NC(=CN21)[N+](=O)[O-])OCC3=CC=C(C=C3)OC(F)(F)F,C(C1C(C(C(C(O1)OC2C(OC(C(C2O)O)O)CO)O)O)O)O.O
456199,6917,0,C1C(COC2=NC(=CN21)[N+](=O)[O-])OCC3=CC=C(C=C3)OC(F)(F)F,C=CN1CCCC1=O
456199,11177,0,C1C(COC2=NC(=CN21)[N+](=O)[O-])OCC3=CC=C(C=C3)OC(F)(F)F,CCCCCCCCCCCCCCCCCC(=O)[O-].CCCCCCCCCCCCCCCCCC(=O)[O-].[Mg+2]
456199,3423265,0,C1C(COC2=NC(=CN21)[N+](=O)[O-])OCC3=CC=C(C=C3)OC(F)(F)F,CCCCCCCCCCCCOS(=O)(=O)[O-].[Na+]
456199,14055602,0,C1C(COC2=NC(=CN21)[N+](=O)[O-])OCC3=CC=C(C=C3)OC(F)(F)F,COC1C(OC(C(C1O)O)OC2C(OC(C(C2O)O)OC)CO)CO
456199,24261,0,C1C(COC2=NC(=CN21)[N+](=O)[O-])OCC3=CC=C(C=C3)OC(F)(F)F,O=[Si]=O
464205,104938,0,CC(CN1C=NC2=C(N=CN=C21)N)OCP(=O)(O)O,C(C1C(C(C(C(O1)OC2C(OC(C(C2O)O)O)CO)O)O)O)O.O
464205,23706213,0,CC(CN1C=NC2=C(N=CN=C21)N)OCP(=O)(O)O,CC(=O)[O-].C(C(C(C(C(C=O)O)O)O)O)O.[Na+]
464205,11177,0,CC(CN1C=NC2=C(N=CN=C21)N)OCP(=O)(O)O,CCCCCCCCCCCCCCCCCC(=O)[O-].CCCCCCCCCCCCCCCCCC(=O)[O-].[Mg+2]
464205,14055602,0,CC(CN1C=NC2=C(N=CN=C21)N)OCP(=O)(O)O,COC1C(OC(C(C1O)O)OC2C(OC(C(C2O)O)OC)CO)CO
1349907,6134,0,CN1C=CNC1=S,C(C1C(C(C(C(O1)OC2C(OC(C(C2O)O)O)CO)O)O)O)O
1349907,6581,0,CN1C=CNC1=S,C=CC(=O)O
1349907,6917,0,CN1C=CNC1=S,C=CN1CCCC1=O
1349907,104804,0,CN1C=CNC1=S,CC(=C)C(=O)O.CC(=C)C(=O)O.CN(C)C
1349907,11177,0,CN1C=CNC1=S,CCCCCCCCCCCCCCCCCC(=O)[O-].CCCCCCCCCCCCCCCCCC(=O)[O-].[Mg+2]
1349907,24832091,0,CN1C=CNC1=S,CCOCC1C(C(C(C(O1)OC)OCC)OCC)OC2C(C(C(C(O2)CO)OC)O)O
1349907,26924,0,CN1C=CNC1=S,O[Si](=O)[O-].O[Si](=O)[O-].[O-][Si](=O)[O-].[O-][Si](=O)[O-].[Mg+2].[Mg+2].[Mg+2]
1549000,6251,0,C1CN(CCN1CCOCC(=O)O)C(C2=CC=CC=C2)C3=CC=C(C=C3)Cl,C(C(C(C(C(CO)O)O)O)O)O
1549000,23706213,0,C1CN(CCN1CCOCC(=O)O)C(C2=CC=CC=C2)C3=CC=C(C=C3)Cl,CC(=O)[O-].C(C(C(C(C(C=O)O)O)O)O)O.[Na+]
1549000,1254,0,C1CN(CCN1CCOCC(=O)O)C(C2=CC=CC=C2)C3=CC=C(C=C3)Cl,CC1CCC(C(C1)O)C(C)C
1549000,11177,0,C1CN(CCN1CCOCC(=O)O)C(C2=CC=CC=C2)C3=CC=C(C=C3)Cl,CCCCCCCCCCCCCCCCCC(=O)[O-].CCCCCCCCCCCCCCCCCC(=O)[O-].[Mg+2]
1549000,14055602,0,C1CN(CCN1CCOCC(=O)O)C(C2=CC=CC=C2)C3=CC=C(C=C3)Cl,COC1C(OC(C(C1O)O)OC2C(OC(C(C2O)O)OC)CO)CO
1549000,24261,0,C1CN(CCN1CCOCC(=O)O)C(C2=CC=CC=C2)C3=CC=C(C=C3)Cl,O=[Si]=O
3000540,56841936,1,CCCC1CC(N(C1)C)C(=O)NC(C2C(C(C(C(O2)SC)O)O)O)C(C)O,O.O.O=[Al]O[Si](=O)O[Si](=O)O[Al]=O
3001055,6134,1,CNC(=C[N+](=O)[O-])NCCSCC1=CC=C(O1)CN(C)C,C(C1C(C(C(C(O1)OC2C(OC(C(C2O)O)O)CO)O)O)O)O
3001055,131751496,1,CNC(=C[N+](=O)[O-])NCCSCC1=CC=C(O1)CN(C)C,C1CC(=O)N(C1)C(CP)P
3001055,24451,1,CNC(=C[N+](=O)[O-])NCCSCC1=CC=C(O1)CN(C)C,OP(=O)([O-])OP(=O)(O)[O-].[Na+].[Na+]
3001055,104938,0,CNC(=C[N+](=O)[O-])NCCSCC1=CC=C(O1)CN(C)C,C(C1C(C(C(C(O1)OC2C(OC(C(C2O)O)O)CO)O)O)O)O.O
3001055,62698,0,CNC(=C[N+](=O)[O-])NCCSCC1=CC=C(O1)CN(C)C,C(C1C(C(C(C(O1)OC2C(OC(C(C2O)O)OC3C(OC(C(C3O)O)O)CO)CO)O)O)O)O
3001055,6917,0,CNC(=C[N+](=O)[O-])NCCSCC1=CC=C(O1)CN(C)C,C=CN1CCCC1=O
3001055,311,0,CNC(=C[N+](=O)[O-])NCCSCC1=CC=C(O1)CN(C)C,C(C(=O)O)C(CC(=O)O)(C(=O)O)O
3001055,24836924,0,CNC(=C[N+](=O)[O-])NCCSCC1=CC=C(O1)CN(C)C,CC1C(C(C(C(O1)CO)OC2C(C(C(C(O2)COC3C(C(C(C(O3)CO)OC)O)O)OC4C(C(C(C(O4)CO)OC)O)O)O)O)O)O
3001055,11177,0,CNC(=C[N+](=O)[O-])NCCSCC1=CC=C(O1)CN(C)C,CCCCCCCCCCCCCCCCCC(=O)[O-].CCCCCCCCCCCCCCCCCC(=O)[O-].[Mg+2]
3001055,24261,0,CNC(=C[N+](=O)[O-])NCCSCC1=CC=C(O1)CN(C)C,O=[Si]=O
3001055,996,0,CNC(=C[N+](=O)[O-])NCCSCC1=CC=C(O1)CN(C)C, C1=CC=C(C=C1)O
3002977,174,0,CC1=NN=C(N1C2CC3CCC(C2)N3CCC(C4=CC=CC=C4)NC(=O)C5CCC(CC5)(F)F)C(C)C,C(CO)O
3002977,11199,0,CC1=NN=C(N1C2CC3CCC(C2)N3CCC(C4=CC=CC=C4)NC(=O)C5CCC(CC5)(F)F)C(C)C,C=CO
3002977,11177,0,CC1=NN=C(N1C2CC3CCC(C2)N3CCC(C4=CC=CC=C4)NC(=O)C5CCC(CC5)(F)F)C(C)C,CCCCCCCCCCCCCCCCCC(=O)[O-].CCCCCCCCCCCCCCCCCC(=O)[O-].[Mg+2]
3002977,14055602,0,CC1=NN=C(N1C2CC3CCC(C2)N3CCC(C4=CC=CC=C4)NC(=O)C5CCC(CC5)(F)F)C(C)C,COC1C(OC(C(C1O)O)OC2C(OC(C(C2O)O)OC)CO)CO
3002977,26924,0,CC1=NN=C(N1C2CC3CCC(C2)N3CCC(C4=CC=CC=C4)NC(=O)C5CCC(CC5)(F)F)C(C)C,O[Si](=O)[O-].O[Si](=O)[O-].[O-][Si](=O)[O-].[O-][Si](=O)[O-].[Mg+2].[Mg+2].[Mg+2]
3002977,26042,0,CC1=NN=C(N1C2CC3CCC(C2)N3CCC(C4=CC=CC=C4)NC(=O)C5CCC(CC5)(F)F)C(C)C,O=[Ti]=O
3002977,24441,0,CC1=NN=C(N1C2CC3CCC(C2)N3CCC(C4=CC=CC=C4)NC(=O)C5CCC(CC5)(F)F)C(C)C,OP(=O)([O-])[O-].[Ca+2]
3014803,3028194,0,C(N(CO)CO)O,[Li]
3014803,5988,0,C(N(CO)CO)O,C(C1C(C(C(C(O1)OC2(C(C(C(O2)CO)O)O)CO)O)O)O)O
3033332,104931,1,CNC(=C[N+](=O)[O-])NCCSCC1=CC=C(O1)CN(C)C.Cl,CCOC(=O)C=C.CC(=C)C(=O)OC.CC(=C)C(=O)OCC[N+](C)(C)C.[Cl-]
3033637,6134,0,CNC(=C[N+](=O)[O-])NCCSCC1=CSC(=N1)CN(C)C,C(C1C(C(C(C(O1)OC2C(OC(C(C2O)O)O)CO)O)O)O)O
3033637,516892,0,CNC(=C[N+](=O)[O-])NCCSCC1=CSC(=N1)CN(C)C,C(=O)(O)[O-].[Na+]
3033637,6581,0,CNC(=C[N+](=O)[O-])NCCSCC1=CSC(=N1)CN(C)C,C=CC(=O)O
3033637,11177,0,CNC(=C[N+](=O)[O-])NCCSCC1=CSC(=N1)CN(C)C,CCCCCCCCCCCCCCCCCC(=O)[O-].CCCCCCCCCCCCCCCCCC(=O)[O-].[Mg+2]
3033924,516892,0,CC1COC2=C3N1C=C(C(=O)C3=CC(=C2N4CCN(CC4)C)F)C(=O)O.CC1COC2=C3N1C=C(C(=O)C3=CC(=C2N4CCN(CC4)C)F)C(=O)O.O,C(=O)(O)[O-].[Na+]
3033924,11177,0,CC1COC2=C3N1C=C(C(=O)C3=CC(=C2N4CCN(CC4)C)F)C(=O)O.CC1COC2=C3N1C=C(C(=O)C3=CC(=C2N4CCN(CC4)C)F)C(=O)O.O,CCCCCCCCCCCCCCCCCC(=O)[O-].CCCCCCCCCCCCCCCCCC(=O)[O-].[Mg+2]
3033924,24832091,0,CC1COC2=C3N1C=C(C(=O)C3=CC(=C2N4CCN(CC4)C)F)C(=O)O.CC1COC2=C3N1C=C(C(=O)C3=CC(=C2N4CCN(CC4)C)F)C(=O)O.O,CCOCC1C(C(C(C(O1)OC)OCC)OCC)OC2C(C(C(C(O2)CO)OC)O)O
3033924,26924,0,CC1COC2=C3N1C=C(C(=O)C3=CC(=C2N4CCN(CC4)C)F)C(=O)O.CC1COC2=C3N1C=C(C(=O)C3=CC(=C2N4CCN(CC4)C)F)C(=O)O.O,O[Si](=O)[O-].O[Si](=O)[O-].[O-][Si](=O)[O-].[O-][Si](=O)[O-].[Mg+2].[Mg+2].[Mg+2]
3045381,104938,0,CN(CCCN1CCC2=CC(=C(C=C2CC1=O)OC)OC)CC3CC4=CC(=C(C=C34)OC)OC.Cl,C(C1C(C(C(C(O1)OC2C(OC(C(C2O)O)O)CO)O)O)O)O.O
3045381,86278134,0,CN(CCCN1CCC2=CC(=C(C=C2CC1=O)OC)OC)CC3CC4=CC(=C(C=C34)OC)OC.Cl,C(C1C(C(C(C(O1)OC2C(OC(C(C2O)O)OCC3C(C(C(C(O3)OC4C(OC(C(C4O)O)OC5C(OC(C(C5O)O)O)CO)CO)O)O)OC6C(C(C(C(O6)CO)OC7C(C(C(C(O7)CO)O)O)O)O)O)CO)O)O)O)O
3045381,62698,0,CN(CCCN1CCC2=CC(=C(C=C2CC1=O)OC)OC)CC3CC4=CC(=C(C=C34)OC)OC.Cl,C(C1C(C(C(C(O1)OC2C(OC(C(C2O)O)OC3C(OC(C(C3O)O)O)CO)CO)O)O)O)O
3045381,11177,0,CN(CCCN1CCC2=CC(=C(C=C2CC1=O)OC)OC)CC3CC4=CC(=C(C=C34)OC)OC.Cl,CCCCCCCCCCCCCCCCCC(=O)[O-].CCCCCCCCCCCCCCCCCC(=O)[O-].[Mg+2]
3045381,24261,0,CN(CCCN1CCC2=CC(=C(C=C2CC1=O)OC)OC)CC3CC4=CC(=C(C=C34)OC)OC.Cl,O=[Si]=O
3062316,104938,0,CC1=C(C(=CC=C1)Cl)NC(=O)C2=CN=C(S2)NC3=CC(=NC(=N3)C)N4CCN(CC4)CCO,C(C1C(C(C(C(O1)OC2C(OC(C(C2O)O)O)CO)O)O)O)O.O
3062316,174,0,CC1=C(C(=CC=C1)Cl)NC(=O)C2=CN=C(S2)NC3=CC(=NC(=N3)C)N4CCN(CC4)CCO,C(CO)O
3062316,6328154,0,CC1=C(C(=CC=C1)Cl)NC(=O)C2=CN=C(S2)NC3=CC(=NC(=N3)C)N4CCN(CC4)CCO,CC(=O)O.C(C(C(C(C(C=O)O)O)O)O)O.[Na]
3062316,123706,0,CC1=C(C(=CC=C1)Cl)NC(=O)C2=CN=C(S2)NC3=CC(=NC(=N3)C)N4CCN(CC4)CCO,CCC(C1=C(C=C(C=C1)N(C)C)C)N
3062316,11177,0,CC1=C(C(=CC=C1)Cl)NC(=O)C2=CN=C(S2)NC3=CC(=NC(=N3)C)N4CCN(CC4)CCO,CCCCCCCCCCCCCCCCCC(=O)[O-].CCCCCCCCCCCCCCCCCC(=O)[O-].[Mg+2]
3062316,14055602,0,CC1=C(C(=CC=C1)Cl)NC(=O)C2=CN=C(S2)NC3=CC(=NC(=N3)C)N4CCN(CC4)CCO,COC1C(OC(C(C1O)O)OC2C(OC(C(C2O)O)OC)CO)CO
3062316,26042,0,CC1=C(C(=CC=C1)Cl)NC(=O)C2=CN=C(S2)NC3=CC(=NC(=N3)C)N4CCN(CC4)CCO,O=[Ti]=O
3081361,174,0,CN1CCC(CC1)COC2=C(C=C3C(=C2)N=CN=C3NC4=C(C=C(C=C4)Br)F)OC,C(CO)O
3081361,6917,0,CN1CCC(CC1)COC2=C(C=C3C(=C2)N=CN=C3NC4=C(C=C(C=C4)Br)F)OC,C=CN1CCCC1=O
3081361,131751496,0,CN1CCC(CC1)COC2=C(C=C3C(=C2)N=CN=C3NC4=C(C=C(C=C4)Br)F)OC,C1CC(=O)N(C1)C(CP)P
3081361,24832095,0,CN1CCC(CC1)COC2=C(C=C3C(=C2)N=CN=C3NC4=C(C=C(C=C4)Br)F)OC,CC(COCC1C(C(C(C(O1)OC)OCC(C)O)OCC(C)O)OC2C(C(C(C(O2)COC)OC3C(C(C(C(O3)CO)OC)O)O)OC)OC)O
3081361,11177,0,CN1CCC(CC1)COC2=C(C=C3C(=C2)N=CN=C3NC4=C(C=C(C=C4)Br)F)OC,CCCCCCCCCCCCCCCCCC(=O)[O-].CCCCCCCCCCCCCCCCCC(=O)[O-].[Mg+2]
3081361,14055602,0,CN1CCC(CC1)COC2=C(C=C3C(=C2)N=CN=C3NC4=C(C=C(C=C4)Br)F)OC,COC1C(OC(C(C1O)O)OC2C(OC(C(C2O)O)OC)CO)CO
3081361,104805,0,CN1CCC(CC1)COC2=C(C=C3C(=C2)N=CN=C3NC4=C(C=C(C=C4)Br)F)OC,O.O.OP(=O)([O-])[O-].[Ca+2]
3081361,26042,0,CN1CCC(CC1)COC2=C(C=C3C(=C2)N=CN=C3NC4=C(C=C(C=C4)Br)F)OC,O=[Ti]=O
5280443,11177,1,C1=CC(=CC=C1C2=CC(=O)C3=C(C=C(C=C3O2)O)O)O,CCCCCCCCCCCCCCCCCC(=O)[O-].CCCCCCCCCCCCCCCCCC(=O)[O-].[Mg+2]
5280443,11029,1,C1=CC(=CC=C1C2=CC(=O)C3=C(C=C(C=C3O2)O)O)O,C(=O)([O-])[O-].[Mg+2]
5280443,14778,1,C1=CC(=CC=C1C2=CC(=O)C3=C(C=C(C=C3O2)O)O)O,O=[Ca]
5280443,10340,1,C1=CC(=CC=C1C2=CC(=O)C3=C(C=C(C=C3O2)O)O)O,C(=O)([O-])[O-].[Na+].[Na+]
5280445,11029,1,C1=CC(=C(C=C1C2=CC(=O)C3=C(C=C(C=C3O2)O)O)O)O,C(=O)([O-])[O-].[Mg+2] 
5280445,11177,1,C1=CC(=C(C=C1C2=CC(=O)C3=C(C=C(C=C3O2)O)O)O)O,CCCCCCCCCCCCCCCCCC(=O)[O-].CCCCCCCCCCCCCCCCCC(=O)[O-].[Mg+2]
5280965,6049,1,CC1C=CC=CC=CC=CC=CC=CC=CC(CC2C(C(CC(O2)(CC(CC(C(CCC(CC(CC(=O)OC(C(C1O)C)C)O)O)O)O)O)O)O)C(=O)O)OC3C(C(C(C(O3)C)O)N)O,C(CN(CC(=O)O)CC(=O)O)N(CC(=O)O)CC(=O)O
5280965,6134,0,CC1C=CC=CC=CC=CC=CC=CC=CC(CC2C(C(CC(O2)(CC(CC(C(CCC(CC(CC(=O)OC(C(C1O)C)C)O)O)O)O)O)O)O)C(=O)O)OC3C(C(C(C(O3)C)O)N)O,C(C1C(C(C(C(O1)OC2C(OC(C(C2O)O)O)CO)O)O)O)O
5280965,11177,0,CC1C=CC=CC=CC=CC=CC=CC=CC(CC2C(C(CC(O2)(CC(CC(C(CCC(CC(CC(=O)OC(C(C1O)C)C)O)O)O)O)O)O)O)C(=O)O)OC3C(C(C(C(O3)C)O)N)O,CCCCCCCCCCCCCCCCCC(=O)[O-].CCCCCCCCCCCCCCCCCC(=O)[O-].[Mg+2]
5281004,441476,0,CCCC1OC2CC3C4CCC5=CC(=O)C=CC5(C4C(CC3(C2(O1)C(=O)CO)C)O)C,C1(C(C(OC(C1O)O)C(=O)O)O)O
5281004,44134661,0,CCCC1OC2CC3C4CCC5=CC(=O)C=CC5(C4C(CC3(C2(O1)C(=O)CO)C)O)C,C1C(C(OC1N2C=NC3=C(N=CN=C32)N)COP(=O)(O)OP(=O)([O-])OP(=O)(O)[O-])O.[Na+].[Na+]
5281004,23706213,0,CCCC1OC2CC3C4CCC5=CC(=O)C=CC5(C4C(CC3(C2(O1)C(=O)CO)C)O)C,CC(=O)[O-].C(C(C(C(C(C=O)O)O)O)O)O.[Na+]
5281004,4327536,0,CCCC1OC2CC3C4CCC5=CC(=O)C=CC5(C4C(CC3(C2(O1)C(=O)CO)C)O)C,CC(COCC1C(C(C(C(O1)OC2C(OC(C(C2OCC(C)O)OCC(C)O)OCC(C)O)COCC(C)O)OCC(C)O)OCC(C)O)OCC(C)O)O
5281004,11177,0,CCCC1OC2CC3C4CCC5=CC(=O)C=CC5(C4C(CC3(C2(O1)C(=O)CO)C)O)C,CCCCCCCCCCCCCCCCCC(=O)[O-].CCCCCCCCCCCCCCCCCC(=O)[O-].[Mg+2]
5281004,14055602,0,CCCC1OC2CC3C4CCC5=CC(=O)C=CC5(C4C(CC3(C2(O1)C(=O)CO)C)O)C,COC1C(OC(C(C1O)O)OC2C(OC(C(C2O)O)OC)CO)CO
5281004,26924,0,CCCC1OC2CC3C4CCC5=CC(=O)C=CC5(C4C(CC3(C2(O1)C(=O)CO)C)O)C,O[Si](=O)[O-].O[Si](=O)[O-].[O-][Si](=O)[O-].[O-][Si](=O)[O-].[Mg+2].[Mg+2].[Mg+2]
5281040,6251,0,CC(C)(C1=CC=CC=C1CCC(C2=CC=CC(=C2)C=CC3=NC4=C(C=CC(=C4)Cl)C=C3)SCC5(CC5)CC(=O)O)O,C(C(C(C(C(CO)O)O)O)O)O
5281040,656582,0,CC(C)(C1=CC=CC=C1CCC(C2=CC=CC(=C2)C=CC3=NC4=C(C=CC(=C4)Cl)C=C3)SCC5(CC5)CC(=O)O)O,C1=CC=C2C(=C1)C(=O)[N-]S2(=O)=O.[Na+]
5281040,23706213,0,CC(C)(C1=CC=CC=C1CCC(C2=CC=CC(=C2)C=CC3=NC4=C(C=CC(=C4)Cl)C=C3)SCC5(CC5)CC(=O)O)O,CC(=O)[O-].C(C(C(C(C(C=O)O)O)O)O)O.[Na+]
5281040,5746,0,CC(C)(C1=CC=CC=C1CCC(C2=CC=CC(=C2)C=CC3=NC4=C(C=CC(=C4)Cl)C=C3)SCC5(CC5)CC(=O)O)O,CC1=C(C(=O)C2=C(C1=O)N3CC4C(C3(C2COC(=O)N)OC)N4)N
5281040,374707,0,CC(C)(C1=CC=CC=C1CCC(C2=CC=CC(=C2)C=CC3=NC4=C(C=CC(=C4)Cl)C=C3)SCC5(CC5)CC(=O)O)O,CC1=C2C(=CC=C1)C(=C3C(=CC=C(C3=N2)C)[N+](=O)[O-])NCCC[N+](C)(C)O.Cl.[Cl-]
5281040,11177,0,CC(C)(C1=CC=CC=C1CCC(C2=CC=CC(=C2)C=CC3=NC4=C(C=CC(=C4)Cl)C=C3)SCC5(CC5)CC(=O)O)O,CCCCCCCCCCCCCCCCCC(=O)[O-].CCCCCCCCCCCCCCCCCC(=O)[O-].[Mg+2]
5281040,134601,0,CC(C)(C1=CC=CC=C1CCC(C2=CC=CC(=C2)C=CC3=NC4=C(C=CC(=C4)Cl)C=C3)SCC5(CC5)CC(=O)O)O,COC(=O)C(CC1=CC=CC=C1)NC(=O)C(CC(=O)O)N
5281040,14055602,0,CC(C)(C1=CC=CC=C1CCC(C2=CC=CC(=C2)C=CC3=NC4=C(C=CC(=C4)Cl)C=C3)SCC5(CC5)CC(=O)O)O,COC1C(OC(C(C1O)O)OC2C(OC(C(C2O)O)OC)CO)CO
5281040,56841934,0,CC(C)(C1=CC=CC=C1CCC(C2=CC=CC(=C2)C=CC3=NC4=C(C=CC(=C4)Cl)C=C3)SCC5(CC5)CC(=O)O)O,O.O.O.[Fe].[Fe]
5281040,26924,0,CC(C)(C1=CC=CC=C1CCC(C2=CC=CC(=C2)C=CC3=NC4=C(C=CC(=C4)Cl)C=C3)SCC5(CC5)CC(=O)O)O,O[Si](=O)[O-].O[Si](=O)[O-].[O-][Si](=O)[O-].[O-][Si](=O)[O-].[Mg+2].[Mg+2].[Mg+2]
5281068,62698,0,CN(C)CCC(C1=CC=C(C=C1)Cl)C2=CC=CC=N2.C(=CC(=O)O)C(=O)O,C(C1C(C(C(C(O1)OC2C(OC(C(C2O)O)OC3C(OC(C(C3O)O)O)CO)CO)O)O)O)O
5281068,17730,0,CN(C)CCC(C1=CC=C(C=C1)Cl)C2=CC=CC=N2.C(=CC(=O)O)C(=O)O,C1=CC(=CC=C1N=NC2=C(C=CC3=C2C=CC(=C3)S(=O)(=O)[O-])O)S(=O)(=O)[O-].[Na+].[Na+]
5281068,131751496,0,CN(C)CCC(C1=CC=C(C=C1)Cl)C2=CC=CC=N2.C(=CC(=O)O)C(=O)O,C1CC(=O)N(C1)C(CP)P
5281068,23706213,0,CN(C)CCC(C1=CC=C(C=C1)Cl)C2=CC=CC=N2.C(=CC(=O)O)C(=O)O,CC(=O)[O-].C(C(C(C(C(C=O)O)O)O)O)O.[Na+]
5281068,1254,0,CN(C)CCC(C1=CC=C(C=C1)Cl)C2=CC=CC=N2.C(=CC(=O)O)C(=O)O,CC1CCC(C(C1)O)C(C)C
5281068,11177,0,CN(C)CCC(C1=CC=C(C=C1)Cl)C2=CC=CC=N2.C(=CC(=O)O)C(=O)O,CCCCCCCCCCCCCCCCCC(=O)[O-].CCCCCCCCCCCCCCCCCC(=O)[O-].[Mg+2]
5281068,134601,0,CN(C)CCC(C1=CC=C(C=C1)Cl)C2=CC=CC=N2.C(=CC(=O)O)C(=O)O,COC(=O)C(CC1=CC=CC=C1)NC(=O)C(CC(=O)O)N
5281068,24261,0,CN(C)CCC(C1=CC=C(C=C1)Cl)C2=CC=CC=N2.C(=CC(=O)O)C(=O)O,O=[Si]=O
5281792,6328154,1,C1=CC(=C(C=C1CC(C(=O)O)OC(=O)C=CC2=CC(=C(C=C2)O)O)O)O,CC(=O)O.C(C(C(C(C(C=O)O)O)O)O)O.[Na] 
5281792,11177,1,C1=CC(=C(C=C1CC(C(=O)O)OC(=O)C=CC2=CC(=C(C=C2)O)O)O)O,CCCCCCCCCCCCCCCCCC(=O)[O-].CCCCCCCCCCCCCCCCCC(=O)[O-].[Mg+2]
5282379,104938,0,CC1=C(C(CCC1)(C)C)C=CC(=CC=CC(=CC(=O)O)C)C,C(C1C(C(C(C(O1)OC2C(OC(C(C2O)O)O)CO)O)O)O)O.O
5282379,444041,0,CC1=C(C(CCC1)(C)C)C=CC(=CC=CC(=CC(=O)O)C)C,C(C1C2C(C(C(O1)OC3C(OC(C(C3O)O)OC4C(OC(C(C4O)O)OC5C(OC(C(C5O)O)OC6C(OC(C(C6O)O)OC7C(OC(C(C7O)O)OC8C(OC(O2)C(C8O)O)CO)CO)CO)CO)CO)CO)O)O)O
5282379,16211032,0,CC1=C(C(CCC1)(C)C)C=CC(=CC=CC(=CC(=O)O)C)C,C(C1C(C(C(C(O1)OC2C(OC(C(C2O)O)O)CO)O)O)O)O
5282379,174,0,CC1=C(C(CCC1)(C)C)C=CC(=CC=CC(=CC(=O)O)C)C,C(CO)O
5282379,6917,0,CC1=C(C(CCC1)(C)C)C=CC(=CC=CC(=CC(=O)O)C)C,C=CN1CCCC1=O
5282379,6328154,0,CC1=C(C(CCC1)(C)C)C=CC(=CC=CC(=CC(=O)O)C)C,CC(=O)O.C(C(C(C(C(C=O)O)O)O)O)O.[Na]
5282379,11177,0,CC1=C(C(CCC1)(C)C)C=CC(=CC=CC(=CC(=O)O)C)C,CCCCCCCCCCCCCCCCCC(=O)[O-].CCCCCCCCCCCCCCCCCC(=O)[O-].[Mg+2]
5282379,3423265,0,CC1=C(C(CCC1)(C)C)C=CC(=CC=CC(=CC(=O)O)C)C,CCCCCCCCCCCCOS(=O)(=O)[O-].[Na+]
5282379,26924,0,CC1=C(C(CCC1)(C)C)C=CC(=CC=CC(=CC(=O)O)C)C,O[Si](=O)[O-].O[Si](=O)[O-].[O-][Si](=O)[O-].[O-][Si](=O)[O-].[Mg+2].[Mg+2].[Mg+2]
5284583,71485,0,CCC(C(=O)N)N1CCCC1=O,C(C1C(C(C(C(O1)OC2(C(C(C(O2)CCl)O)O)CCl)O)O)Cl)O
5284583,6251,0,CCC(C(=O)N)N1CCCC1=O,C(C(C(C(C(CO)O)O)O)O)O
5284583,753,0,CCC(C(=O)N)N1CCCC1=O,C(C(CO)O)O
5284583,174,0,CCC(C(=O)N)N1CCCC1=O,C(CO)O
5284583,6917,0,CCC(C(=O)N)N1CCCC1=O,C=CN1CCCC1=O
5284583,11199,0,CCC(C(=O)N)N1CCCC1=O,C=CO
5284583,17730,0,CCC(C(=O)N)N1CCCC1=O,C1=CC(=CC=C1N=NC2=C(C=CC3=C2C=CC(=C3)S(=O)(=O)[O-])O)S(=O)(=O)[O-].[Na+].[Na+]
5284583,56843209,0,CCC(C(=O)N)N1CCCC1=O,C1=CC(=CC=C1N=NC2C(=NN(C2=O)C3=CC=C(C=C3)S(=O)(=O)O)C(=O)O)S(=O)(=O)O.[Al]
5284583,6328154,0,CCC(C(=O)N)N1CCCC1=O,CC(=O)O.C(C(C(C(C(C=O)O)O)O)O)O.[Na]
5284583,24667,0,CCC(C(=O)N)N1CCCC1=O,CC(C)(C)C1=C(C=CC(=C1)O)OC.CC(C)(C)C1=C(C=CC(=C1)OC)O
5284583,1030,0,CCC(C(=O)N)N1CCCC1=O,CC(CO)O
5284583,443314,0,CCC(C(=O)N)N1CCCC1=O,CCCCCCCCCCCC(=O)OCCOCC(C1C(C(CO1)OCCO)OCCO)OCCO
5284583,11177,0,CCC(C(=O)N)N1CCCC1=O,CCCCCCCCCCCCCCCCCC(=O)[O-].CCCCCCCCCCCCCCCCCC(=O)[O-].[Mg+2]
5284583,263,0,CCC(C(=O)N)N1CCCC1=O,CCCCO
5284583,702,0,CCC(C(=O)N)N1CCCC1=O,CCO
5284583,887,0,CCC(C(=O)N)N1CCCC1=O,CO
5284583,14055602,0,CCC(C(=O)N)N1CCCC1=O,COC1C(OC(C(C1O)O)OC2C(OC(C(C2O)O)OC)CO)CO
5284583,56841934,0,CCC(C(=O)N)N1CCCC1=O,O.O.O.[Fe].[Fe]
5284583,26924,0,CCC(C(=O)N)N1CCCC1=O,O[Si](=O)[O-].O[Si](=O)[O-].[O-][Si](=O)[O-].[O-][Si](=O)[O-].[Mg+2].[Mg+2].[Mg+2]
5284583,518696,0,CCC(C(=O)N)N1CCCC1=O,O=[Fe]O[Fe]=O
5284583,24261,0,CCC(C(=O)N)N1CCCC1=O,O=[Si]=O
5284583,26042,0,CCC(C(=O)N)N1CCCC1=O,O=[Ti]=O
5288227,6134,1,C(=CC(=O)[O-])C(=O)[O-],C(C1C(C(C(C(O1)OC2C(OC(C(C2O)O)O)CO)O)O)O)O
5288826,977,1,CN1CCC23C4C1CC5=C2C(=C(C=C5)O)OC3C(C=C4)O,O=O
5311027,5234,0,CCNC(=O)CCCC=CCC1C(CC(C1C=CC(CCC2=CC=CC=C2)O)O)O,[Na+].[Cl-]
5311027,311,0,CCNC(=O)CCCC=CCC1C(CC(C1C=CC(CCC2=CC=CC=C2)O)O)O,C(C(=O)O)C(CC(=O)O)(C(=O)O)O
5311027,70519829,0,CCNC(=O)CCCC=CCC1C(CC(C1C=CC(CCC2=CC=CC=C2)O)O)O,CCCCCCCC[N+](C)(C)C1=CC=CC=C1.[Cl-]
5311037,104938,0,CCN1C2=C(C(=O)N(C1=O)CC)N(C(=N2)C=CC3=CC(=C(C=C3)OC)OC)C,C(C1C(C(C(C(O1)OC2C(OC(C(C2O)O)O)CO)O)O)O)O.O
5311037,174,0,CCN1C2=C(C(=O)N(C1=O)CC)N(C(=N2)C=CC3=CC(=C(C=C3)OC)OC)C,C(CO)O
5311037,11199,0,CCN1C2=C(C(=O)N(C1=O)CC)N(C(=N2)C=CC3=CC(=C(C=C3)OC)OC)C,C=CO
5311037,131751496,0,CCN1C2=C(C(=O)N(C1=O)CC)N(C(=N2)C=CC3=CC(=C(C=C3)OC)OC)C,C1CC(=O)N(C1)C(CP)P
5311037,5541,0,CCN1C2=C(C(=O)N(C1=O)CC)N(C(=N2)C=CC3=CC(=C(C=C3)OC)OC)C,CC(=O)OCC(COC(=O)C)OC(=O)C
5311037,11177,0,CCN1C2=C(C(=O)N(C1=O)CC)N(C(=N2)C=CC3=CC(=C(C=C3)OC)OC)C,CCCCCCCCCCCCCCCCCC(=O)[O-].CCCCCCCCCCCCCCCCCC(=O)[O-].[Mg+2]
5311037,14055602,0,CCN1C2=C(C(=O)N(C1=O)CC)N(C(=N2)C=CC3=CC(=C(C=C3)OC)OC)C,COC1C(OC(C(C1O)O)OC2C(OC(C(C2O)O)OC)CO)CO
5311037,56841934,0,CCN1C2=C(C(=O)N(C1=O)CC)N(C(=N2)C=CC3=CC(=C(C=C3)OC)OC)C,O.O.O.[Fe].[Fe]
5311037,518696,0,CCN1C2=C(C(=O)N(C1=O)CC)N(C(=N2)C=CC3=CC(=C(C=C3)OC)OC)C,O=[Fe]O[Fe]=O
5311037,26042,0,CCN1C2=C(C(=O)N(C1=O)CC)N(C(=N2)C=CC3=CC(=C(C=C3)OC)OC)C,O=[Ti]=O
5311083,14798,0,CC1=CN=C(C(=C1OC)C)CS(=O)C2=NC3=C([N-]2)C=CC(=C3)OC.CC1=CN=C(C(=C1OC)C)CS(=O)C2=NC3=C([N-]2)C=CC(=C3)OC.[Mg+2],[OH-].[Na+]
5311083,5988,0,CC1=CN=C(C(=C1OC)C)CS(=O)C2=NC3=C([N-]2)C=CC(=C3)OC.CC1=CN=C(C(=C1OC)C)CS(=O)C2=NC3=C([N-]2)C=CC(=C3)OC.[Mg+2],C(C1C(C(C(C(O1)OC2(C(C(C(O2)CO)O)O)CO)O)O)O)O
5311083,6850749,0,CC1=CN=C(C(=C1OC)C)CS(=O)C2=NC3=C([N-]2)C=CC(=C3)OC.CC1=CN=C(C(=C1OC)C)CS(=O)C2=NC3=C([N-]2)C=CC(=C3)OC.[Mg+2],CC1(C2CCC(C23CC1C(=CC3O)C(=O)O)C(=O)O)CO.C(CCCC(C(CCCCCO)O)O)CCCC(=O)O
5311083,6097185,0,CC1=CN=C(C(=C1OC)C)CS(=O)C2=NC3=C([N-]2)C=CC(=C3)OC.CC1=CN=C(C(=C1OC)C)CS(=O)C2=NC3=C([N-]2)C=CC(=C3)OC.[Mg+2],C1=C2C(=C3C=C(C(=O)C(=C3OC2=C(C(=C1Br)[O-])Br)Br)Br)C4=C(C(=C(C(=C4Cl)Cl)Cl)Cl)C(=O)[O-].[Na+].[Na+]
5311083,24671,0,CC1=CN=C(C(=C1OC)C)CS(=O)C2=NC3=C([N-]2)C=CC(=C3)OC.CC1=CN=C(C(=C1OC)C)CS(=O)C2=NC3=C([N-]2)C=CC(=C3)OC.[Mg+2],C1=CC=C2C(=C1)C(=O)C(C2=O)C3=NC4=C(C=C(C=C4C=C3)S(=O)(=O)[O-])S(=O)(=O)[O-].[Na+].[Na+]
5311083,131751496,0,CC1=CN=C(C(=C1OC)C)CS(=O)C2=NC3=C([N-]2)C=CC(=C3)OC.CC1=CN=C(C(=C1OC)C)CS(=O)C2=NC3=C([N-]2)C=CC(=C3)OC.[Mg+2],C1CC(=O)N(C1)C(CP)P
5311083,4093,0,CC1=CN=C(C(=C1OC)C)CS(=O)C2=NC3=C([N-]2)C=CC(=C3)OC.CC1=CN=C(C(=C1OC)C)CS(=O)C2=NC3=C([N-]2)C=CC(=C3)OC.[Mg+2],CC(=C)C(=O)O
5311083,3776,0,CC1=CN=C(C(=C1OC)C)CS(=O)C2=NC3=C([N-]2)C=CC(=C3)OC.CC1=CN=C(C(=C1OC)C)CS(=O)C2=NC3=C([N-]2)C=CC(=C3)OC.[Mg+2],CC(C)O
5311083,1030,0,CC1=CN=C(C(=C1OC)C)CS(=O)C2=NC3=C([N-]2)C=CC(=C3)OC.CC1=CN=C(C(=C1OC)C)CS(=O)C2=NC3=C([N-]2)C=CC(=C3)OC.[Mg+2],CC(CO)O
5311083,33258,0,CC1=CN=C(C(=C1OC)C)CS(=O)C2=NC3=C([N-]2)C=CC(=C3)OC.CC1=CN=C(C(=C1OC)C)CS(=O)C2=NC3=C([N-]2)C=CC(=C3)OC.[Mg+2],CC1=CC(=C(C=C1S(=O)(=O)[O-])OC)N=NC2=C(C=CC3=C2C=CC(=C3)S(=O)(=O)[O-])O.[Na+].[Na+]
5311083,123706,0,CC1=CN=C(C(=C1OC)C)CS(=O)C2=NC3=C([N-]2)C=CC(=C3)OC.CC1=CN=C(C(=C1OC)C)CS(=O)C2=NC3=C([N-]2)C=CC(=C3)OC.[Mg+2],CCC(C1=C(C=C(C=C1)N(C)C)C)N
5311083,5281955,0,CC1=CN=C(C(=C1OC)C)CS(=O)C2=NC3=C([N-]2)C=CC(=C3)OC.CC1=CN=C(C(=C1OC)C)CS(=O)C2=NC3=C([N-]2)C=CC(=C3)OC.[Mg+2],CCCCCCCCC=CCCCCCCCC(=O)OCCOCC(C1C(C(CO1)OCCO)OCCO)OCCO
5311083,11177,0,CC1=CN=C(C(=C1OC)C)CS(=O)C2=NC3=C([N-]2)C=CC(=C3)OC.CC1=CN=C(C(=C1OC)C)CS(=O)C2=NC3=C([N-]2)C=CC(=C3)OC.[Mg+2],CCCCCCCCCCCCCCCCCC(=O)[O-].CCCCCCCCCCCCCCCCCC(=O)[O-].[Mg+2]
5311083,24699,0,CC1=CN=C(C(=C1OC)C)CS(=O)C2=NC3=C([N-]2)C=CC(=C3)OC.CC1=CN=C(C(=C1OC)C)CS(=O)C2=NC3=C([N-]2)C=CC(=C3)OC.[Mg+2],CCCCCCCCCCCCCCCCCC(=O)OCC(CO)O
5311083,263,0,CC1=CN=C(C(=C1OC)C)CS(=O)C2=NC3=C([N-]2)C=CC(=C3)OC.CC1=CN=C(C(=C1OC)C)CS(=O)C2=NC3=C([N-]2)C=CC(=C3)OC.[Mg+2],CCCCO
5311083,123671,0,CC1=CN=C(C(=C1OC)C)CS(=O)C2=NC3=C([N-]2)C=CC(=C3)OC.CC1=CN=C(C(=C1OC)C)CS(=O)C2=NC3=C([N-]2)C=CC(=C3)OC.[Mg+2],CCN(CC1=CC(=CC=C1)S(=O)(=O)[O-])C2=CC=C(C=C2)C(=C3C=CC(=[N+](CC)CC4=CC(=CC=C4)S(=O)(=O)O)C=C3)C5=CC=CC=C5S(=O)(=O)O
5311083,702,0,CC1=CN=C(C(=C1OC)C)CS(=O)C2=NC3=C([N-]2)C=CC(=C3)OC.CC1=CN=C(C(=C1OC)C)CS(=O)C2=NC3=C([N-]2)C=CC(=C3)OC.[Mg+2],CCO
5311083,6506,0,CC1=CN=C(C(=C1OC)C)CS(=O)C2=NC3=C([N-]2)C=CC(=C3)OC.CC1=CN=C(C(=C1OC)C)CS(=O)C2=NC3=C([N-]2)C=CC(=C3)OC.[Mg+2],CCOC(=O)CC(CC(=O)OCC)(C(=O)OCC)O
5311083,26924,0,CC1=CN=C(C(=C1OC)C)CS(=O)C2=NC3=C([N-]2)C=CC(=C3)OC.CC1=CN=C(C(=C1OC)C)CS(=O)C2=NC3=C([N-]2)C=CC(=C3)OC.[Mg+2],O[Si](=O)[O-].O[Si](=O)[O-].[O-][Si](=O)[O-].[O-][Si](=O)[O-].[Mg+2].[Mg+2].[Mg+2]
5311083,26042,0,CC1=CN=C(C(=C1OC)C)CS(=O)C2=NC3=C([N-]2)C=CC(=C3)OC.CC1=CN=C(C(=C1OC)C)CS(=O)C2=NC3=C([N-]2)C=CC(=C3)OC.[Mg+2],O=[Ti]=O
5311304,5234,0,C1CC(C1)CN2CCC34C5C(CCC3(C2CC6=C4C(=C(C=C6)O)O5)O)O,[Na+].[Cl-]
5311304,62551,0,C1CC(C1)CN2CCC34C5C(CCC3(C2CC6=C4C(=C(C=C6)O)O5)O)O,C(COCCOCCOCCOCCO)O
5311304,70519829,0,C1CC(C1)CN2CCC34C5C(CCC3(C2CC6=C4C(=C(C=C6)O)O5)O)O,CCCCCCCC[N+](C)(C)C1=CC=CC=C1.[Cl-]
5311304,702,0,C1CC(C1)CN2CCC34C5C(CCC3(C2CC6=C4C(=C(C=C6)O)O5)O)O,CCO
5311304,71853,0,C1CC(C1)CN2CCC34C5C(CCC3(C2CC6=C4C(=C(C=C6)O)O5)O)O,COC(=O)NC1C(C(C(OC1OC2C(OC(C(C2O)N)OC3C(OC(C(C3O)N)O)CO)CO)CO)OC4C(C(C(C(O4)CO)OC5C(C(C(C(O5)CO)OC6C(C(C(C(O6)CO)OC7C(C(C(C(O7)CO)OC8C(C(C(C(O8)CO)OC9C(C(C(C(O9)CO)O)O)N)O)N)O)N)O)N)O)N)O)N)O
5359227,1732,1,CN1CCC23C4C1CC5=C2C(=C(C=C5)OC)OC3C(C=C4)O.OP(=O)(O)O,CC1=C(C=CC(=C1)O)Cl
5362065,14797,0,C=CC1=C(N2C(C(C2=O)NC(=O)C(=NOCC(=O)O)C3=CSC(=N3)N)SC1)C(=O)O,[OH-].[K+]
5362065,62698,0,C=CC1=C(N2C(C(C2=O)NC(=O)C(=NOCC(=O)O)C3=CSC(=N3)N)SC1)C(=O)O,C(C1C(C(C(C(O1)OC2C(OC(C(C2O)O)OC3C(OC(C(C3O)O)O)CO)CO)O)O)O)O
5362065,6251,0,C=CC1=C(N2C(C(C2=O)NC(=O)C(=NOCC(=O)O)C3=CSC(=N3)N)SC1)C(=O)O,C(C(C(C(C(CO)O)O)O)O)O
5362065,757,0,C=CC1=C(N2C(C(C2=O)NC(=O)C(=NOCC(=O)O)C3=CSC(=N3)N)SC1)C(=O)O,C(C(=O)O)O
5362065,131751496,0,C=CC1=C(N2C(C(C2=O)NC(=O)C(=NOCC(=O)O)C3=CSC(=N3)N)SC1)C(=O)O,C1CC(=O)N(C1)C(CP)P
5362065,1030,0,C=CC1=C(N2C(C(C2=O)NC(=O)C(=NOCC(=O)O)C3=CSC(=N3)N)SC1)C(=O)O,CC(CO)O
5362065,33258,0,C=CC1=C(N2C(C(C2=O)NC(=O)C(=NOCC(=O)O)C3=CSC(=N3)N)SC1)C(=O)O,CC1=CC(=C(C=C1S(=O)(=O)[O-])OC)N=NC2=C(C=CC3=C2C=CC(=C3)S(=O)(=O)[O-])O.[Na+].[Na+]
5362065,24836924,0,C=CC1=C(N2C(C(C2=O)NC(=O)C(=NOCC(=O)O)C3=CSC(=N3)N)SC1)C(=O)O,CC1C(C(C(C(O1)CO)OC2C(C(C(C(O2)COC3C(C(C(C(O3)CO)OC)O)O)OC4C(C(C(C(O4)CO)OC)O)O)O)O)O)O
5362065,123706,0,C=CC1=C(N2C(C(C2=O)NC(=O)C(=NOCC(=O)O)C3=CSC(=N3)N)SC1)C(=O)O,CCC(C1=C(C=C(C=C1)N(C)C)C)N
5362065,517055,0,C=CC1=C(N2C(C(C2=O)NC(=O)C(=NOCC(=O)O)C3=CSC(=N3)N)SC1)C(=O)O,C1=CC=C(C=C1)C(=O)[O-].[Na+]
5362065,11177,0,C=CC1=C(N2C(C(C2=O)NC(=O)C(=NOCC(=O)O)C3=CSC(=N3)N)SC1)C(=O)O,CCCCCCCCCCCCCCCCCC(=O)[O-].CCCCCCCCCCCCCCCCCC(=O)[O-].[Mg+2]
5362065,3423265,0,C=CC1=C(N2C(C(C2=O)NC(=O)C(=NOCC(=O)O)C3=CSC(=N3)N)SC1)C(=O)O,CCCCCCCCCCCCOS(=O)(=O)[O-].[Na+]
5362065,134601,0,C=CC1=C(N2C(C(C2=O)NC(=O)C(=NOCC(=O)O)C3=CSC(=N3)N)SC1)C(=O)O,COC(=O)C(CC1=CC=CC=C1)NC(=O)C(CC(=O)O)N
5362065,56841934,0,C=CC1=C(N2C(C(C2=O)NC(=O)C(=NOCC(=O)O)C3=CSC(=N3)N)SC1)C(=O)O,O.O.O.[Fe].[Fe]
5362065,26924,0,C=CC1=C(N2C(C(C2=O)NC(=O)C(=NOCC(=O)O)C3=CSC(=N3)N)SC1)C(=O)O,O[Si](=O)[O-].O[Si](=O)[O-].[O-][Si](=O)[O-].[O-][Si](=O)[O-].[Mg+2].[Mg+2].[Mg+2]
5362065,16211978,0,C=CC1=C(N2C(C(C2=O)NC(=O)C(=NOCC(=O)O)C3=CSC(=N3)N)SC1)C(=O)O,O=[Fe].O=[Fe]O[Fe]=O
5362065,24261,0,C=CC1=C(N2C(C(C2=O)NC(=O)C(=NOCC(=O)O)C3=CSC(=N3)N)SC1)C(=O)O,O=[Si]=O
5362065,26042,0,C=CC1=C(N2C(C(C2=O)NC(=O)C(=NOCC(=O)O)C3=CSC(=N3)N)SC1)C(=O)O,O=[Ti]=O
5362119,104938,1,C1CC(N(C1)C(=O)C(CCCCN)NC(CCC2=CC=CC=C2)C(=O)O)C(=O)O,C(C1C(C(C(C(O1)OC2C(OC(C(C2O)O)O)CO)O)O)O)O.O
5362119,6134,1,C1CC(N(C1)C(=O)C(CCCCN)NC(CCC2=CC=CC=C2)C(=O)O)C(=O)O,C(C1C(C(C(C(O1)OC2C(OC(C(C2O)O)O)CO)O)O)O)O
5362119,6251,0,C1CC(N(C1)C(=O)C(CCCCN)NC(CCC2=CC=CC=C2)C(=O)O)C(=O)O,C(C(C(C(C(CO)O)O)O)O)O
5362119,174,0,C1CC(N(C1)C(=O)C(CCCCN)NC(CCC2=CC=CC=C2)C(=O)O)C(=O)O,C(CO)O
5362119,6917,0,C1CC(N(C1)C(=O)C(CCCCN)NC(CCC2=CC=CC=C2)C(=O)O)C(=O)O,C=CN1CCCC1=O
5362119,93374,0,C1CC(N(C1)C(=O)C(CCCCN)NC(CCC2=CC=CC=C2)C(=O)O)C(=O)O,C=O.C1(=NC(=NC(=N1)N)N)N
5362119,656582,0,C1CC(N(C1)C(=O)C(CCCCN)NC(CCC2=CC=CC=C2)C(=O)O)C(=O)O,C1=CC=C2C(=C1)C(=O)[N-]S2(=O)=O.[Na+]
5362119,131751496,0,C1CC(N(C1)C(=O)C(CCCCN)NC(CCC2=CC=CC=C2)C(=O)O)C(=O)O,C1CC(=O)N(C1)C(CP)P
5362119,11177,0,C1CC(N(C1)C(=O)C(CCCCN)NC(CCC2=CC=CC=C2)C(=O)O)C(=O)O,CCCCCCCCCCCCCCCCCC(=O)[O-].CCCCCCCCCCCCCCCCCC(=O)[O-].[Mg+2]
5362119,62344,0,C1CC(N(C1)C(=O)C(CCCCN)NC(CCC2=CC=CC=C2)C(=O)O)C(=O)O,CN(C)C1=CC2=C(C=C1)C=C3C=CC(=CC3=N2)N(C)C
5388962,14055602,1,CCOC(=O)C(CCC1=CC=CC=C1)NC(C)C(=O)N2CCCC2C(=O)O,COC1C(OC(C(C1O)O)OC2C(OC(C(C2O)O)OC)CO)CO
5388962,24261,1,CCOC(=O)C(CCC1=CC=CC=C1)NC(C)C(=O)N2CCCC2C(=O)O,O=[Si]=O
5388962,104938,0,CCOC(=O)C(CCC1=CC=CC=C1)NC(C)C(=O)N2CCCC2C(=O)O,C(C1C(C(C(C(O1)OC2C(OC(C(C2O)O)O)CO)O)O)O)O.O
5388962,516892,0,CCOC(=O)C(CCC1=CC=CC=C1)NC(C)C(=O)N2CCCC2C(=O)O,C(=O)(O)[O-].[Na+]
5388962,11177,0,CCOC(=O)C(CCC1=CC=CC=C1)NC(C)C(=O)N2CCCC2C(=O)O,CCCCCCCCCCCCCCCCCC(=O)[O-].CCCCCCCCCCCCCCCCCC(=O)[O-].[Mg+2]
5388962,16211978,0,CCOC(=O)C(CCC1=CC=CC=C1)NC(C)C(=O)N2CCCC2C(=O)O,O=[Fe].O=[Fe]O[Fe]=O
5479530,5284359,1,CN1C(=NC(=O)C(=O)N1)SCC2=C(N3C(C(C3=O)NC(=O)C(=NOC)C4=CSC(=N4)N)SC2)C(=O)O,[Cl-].[Cl-].[Ca+2]
5479530,9290,1,CN1C(=NC(=O)C(=O)N1)SCC2=C(N3C(C(C3=O)NC(=O)C(=NOC)C4=CSC(=N4)N)SC2)C(=O)O,C(C(C(C(C(C(=O)[O-])O)O)O)O)O.C(C(C(C(C(C(=O)[O-])O)O)O)O)O.[Ca+2]
5479530,13144,1,CN1C(=NC(=O)C(=O)N1)SCC2=C(N3C(C(C3=O)NC(=O)C(=NOC)C4=CSC(=N4)N)SC2)C(=O)O,CC(C(=O)[O-])O.CC(C(=O)[O-])O.[Ca+2]
5479530,13136,1,CN1C(=NC(=O)C(=O)N1)SCC2=C(N3C(C(C3=O)NC(=O)C(=NOC)C4=CSC(=N4)N)SC2)C(=O)O,C(C(=O)[O-])C(CC(=O)[O-])(C(=O)[O-])O.C(C(=O)[O-])C(CC(=O)[O-])(C(=O)[O-])O.[Ca+2].[Ca+2].[Ca+2]
5486971,14797,0,CC(C)CC(CC(=O)O)CN,[OH-].[K+]
5486971,104938,0,CC(C)CC(CC(=O)O)CN,C(C1C(C(C(C(O1)OC2C(OC(C(C2O)O)O)CO)O)O)O)O.O
5486971,86278134,0,CC(C)CC(CC(=O)O)CN,C(C1C(C(C(C(O1)OC2C(OC(C(C2O)O)OCC3C(C(C(C(O3)OC4C(OC(C(C4O)O)OC5C(OC(C(C5O)O)O)CO)CO)O)O)OC6C(C(C(C(O6)CO)OC7C(C(C(C(O7)CO)O)O)O)O)O)CO)O)O)O)O
5486971,6850749,0,CC(C)CC(CC(=O)O)CN,CC1(C2CCC(C23CC1C(=CC3O)C(=O)O)C(=O)O)CO.C(CCCC(C(CCCCCO)O)O)CCCC(=O)O
5486971,1030,0,CC(C)CC(CC(=O)O)CN,CC(CO)O
5486971,3423265,0,CC(C)CC(CC(=O)O)CN,CCCCCCCCCCCCOS(=O)(=O)[O-].[Na+]
5486971,56841934,0,CC(C)CC(CC(=O)O)CN,O.O.O.[Fe].[Fe]
5486971,26924,0,CC(C)CC(CC(=O)O)CN,O[Si](=O)[O-].O[Si](=O)[O-].[O-][Si](=O)[O-].[O-][Si](=O)[O-].[Mg+2].[Mg+2].[Mg+2]
5486971,16211978,0,CC(C)CC(CC(=O)O)CN,O=[Fe].O=[Fe]O[Fe]=O
5486971,24261,0,CC(C)CC(CC(=O)O)CN,O=[Si]=O
5486971,26042,0,CC(C)CC(CC(=O)O)CN,O=[Ti]=O
5488548,174,0,CC1CN(CCC1(C)C2=CC(=CC=C2)O)CC(CC3=CC=CC=C3)C(=O)NCC(=O)O,C(CO)O
5491577,16211032,0,C=CC1=C(N2C(C(C2=O)NC(=O)C(=NOCC(=O)O)C3=CSC(=N3)N)SC1)C(=O)O.O.O.O,C(C1C(C(C(C(O1)OC2C(OC(C(C2O)O)O)CO)O)O)O)O
5491577,6917,0,C=CC1=C(N2C(C(C2=O)NC(=O)C(=NOCC(=O)O)C3=CSC(=N3)N)SC1)C(=O)O.O.O.O,C=CN1CCCC1=O
5491577,6328154,0,C=CC1=C(N2C(C(C2=O)NC(=O)C(=NOCC(=O)O)C3=CSC(=N3)N)SC1)C(=O)O.O.O.O,CC(=O)O.C(C(C(C(C(C=O)O)O)O)O)O.[Na]
5491577,11177,0,C=CC1=C(N2C(C(C2=O)NC(=O)C(=NOCC(=O)O)C3=CSC(=N3)N)SC1)C(=O)O.O.O.O,CCCCCCCCCCCCCCCCCC(=O)[O-].CCCCCCCCCCCCCCCCCC(=O)[O-].[Mg+2]
5491577,24261,0,C=CC1=C(N2C(C(C2=O)NC(=O)C(=NOCC(=O)O)C3=CSC(=N3)N)SC1)C(=O)O.O.O.O,O=[Si]=O
5702160,21862903,1,C1=C(N=C(S1)N=C(N)N)CSCCC(=NS(=O)(=O)N)N,O.O.[O-]P(=O)([O-])[O-].[Ca+2].[Ca+2]
5702160,104938,0,C1=C(N=C(S1)N=C(N)N)CSCCC(=NS(=O)(=O)N)N,C(C1C(C(C(C(O1)OC2C(OC(C(C2O)O)O)CO)O)O)O)O.O
5702160,10340,0,C1=C(N=C(S1)N=C(N)N)CSCCC(=NS(=O)(=O)N)N,C(=O)([O-])[O-].[Na+].[Na+]
5702160,311,0,C1=C(N=C(S1)N=C(N)N)CSCCC(=NS(=O)(=O)N)N,C(C(=O)O)C(CC(=O)O)(C(=O)O)O
5702160,6581,0,C1=C(N=C(S1)N=C(N)N)CSCCC(=NS(=O)(=O)N)N,C=CC(=O)O
5702160,6917,0,C1=C(N=C(S1)N=C(N)N)CSCCC(=NS(=O)(=O)N)N,C=CN1CCCC1=O
5702160,131751496,0,C1=C(N=C(S1)N=C(N)N)CSCCC(=NS(=O)(=O)N)N,C1CC(=O)N(C1)C(CP)P
5702160,11177,0,C1=C(N=C(S1)N=C(N)N)CSCCC(=NS(=O)(=O)N)N,CCCCCCCCCCCCCCCCCC(=O)[O-].CCCCCCCCCCCCCCCCCC(=O)[O-].[Mg+2]
5702160,5281,0,C1=C(N=C(S1)N=C(N)N)CSCCC(=NS(=O)(=O)N)N,CCCCCCCCCCCCCCCCCC(=O)O
5702160,26924,0,C1=C(N=C(S1)N=C(N)N)CSCCC(=NS(=O)(=O)N)N,O[Si](=O)[O-].O[Si](=O)[O-].[O-][Si](=O)[O-].[O-][Si](=O)[O-].[Mg+2].[Mg+2].[Mg+2]
5702160,24261,0,C1=C(N=C(S1)N=C(N)N)CSCCC(=NS(=O)(=O)N)N,O=[Si]=O
6093208,5462309,1,[OH-].[OH-].[Ca+2],[P]
6093208,6375,1,[OH-].[OH-].[Ca+2],C[N+](=O)[O-]
6093208,7923,1,[OH-].[OH-].[Ca+2],C1=CC(=O)OC1=O
6093208,6587,1,[OH-].[OH-].[Ca+2],CC[N+](=O)[O-]
6093208,7903,1,[OH-].[OH-].[Ca+2],CCC[N+](=O)[O-]
6093208,1118,1,[OH-].[OH-].[Ca+2],OS(=O)(=O)O
6321416,16211032,0,CC(OC(=O)C)OC(=O)C1=C(CSC2N1C(=O)C2NC(=O)C(=NOC)C3=CC=CO3)COC(=O)N,C(C1C(C(C(C(O1)OC2C(OC(C(C2O)O)O)CO)O)O)O)O
6321416,11177,0,CC(OC(=O)C)OC(=O)C1=C(CSC2N1C(=O)C2NC(=O)C(=NOC)C3=CC=CO3)COC(=O)N,CCCCCCCCCCCCCCCCCC(=O)[O-].CCCCCCCCCCCCCCCCCC(=O)[O-].[Mg+2]
6321416,3423265,0,CC(OC(=O)C)OC(=O)C1=C(CSC2N1C(=O)C2NC(=O)C(=NOC)C3=CC=CO3)COC(=O)N,CCCCCCCCCCCCOS(=O)(=O)[O-].[Na+]
6328154,5359268,1,CC(=O)O.C(C(C(C(C(C=O)O)O)O)O)O.[Na],[Al]
6328154,23931,1,CC(=O)O.C(C(C(C(C(C=O)O)O)O)O)O.[Na],[Hg]
6328154,23994,1,CC(=O)O.C(C(C(C(C(C=O)O)O)O)O)O.[Na],[Zn]
6442177,104938,0,CC1CCC2CC(C(=CC=CC=CC(CC(C(=O)C(C(C(=CC(C(=O)CC(OC(=O)C3CCCCN3C(=O)C(=O)C1(O2)O)C(C)CC4CCC(C(C4)OC)OCCO)C)C)O)OC)C)C)C)OC,C(C1C(C(C(C(O1)OC2C(OC(C(C2O)O)O)CO)O)O)O)O.O
6442177,3037558,0,CC1CCC2CC(C(=CC=CC=CC(CC(C(=O)C(C(C(=CC(C(=O)CC(OC(=O)C3CCCCN3C(=O)C(=O)C1(O2)O)C(C)CC4CCC(C(C4)OC)OCCO)C)C)O)OC)C)C)C)OC,C(C1C(C(C(C(O1)OC(C(CO)O)C(C(C=O)O)O)O)O)O)O
6442177,6251,0,CC1CCC2CC(C(=CC=CC=CC(CC(C(=O)C(C(C(=CC(C(=O)CC(OC(=O)C3CCCCN3C(=O)C(=O)C1(O2)O)C(C)CC4CCC(C(C4)OC)OCCO)C)C)O)OC)C)C)C)OC,C(C(C(C(C(CO)O)O)O)O)O
6442177,131751496,0,CC1CCC2CC(C(=CC=CC=CC(CC(C(=O)C(C(C(=CC(C(=O)CC(OC(=O)C3CCCCN3C(=O)C(=O)C1(O2)O)C(C)CC4CCC(C(C4)OC)OCCO)C)C)O)OC)C)C)C)OC,C1CC(=O)N(C1)C(CP)P
6442177,31404,0,CC1CCC2CC(C(=CC=CC=CC(CC(C(=O)C(C(C(=CC(C(=O)CC(OC(=O)C3CCCCN3C(=O)C(=O)C1(O2)O)C(C)CC4CCC(C(C4)OC)OCCO)C)C)O)OC)C)C)C)OC,CC1=CC(=C(C(=C1)C(C)(C)C)O)C(C)(C)C
6442177,11177,0,CC1CCC2CC(C(=CC=CC=CC(CC(C(=O)C(C(C(=CC(C(=O)CC(OC(=O)C3CCCCN3C(=O)C(=O)C1(O2)O)C(C)CC4CCC(C(C4)OC)OCCO)C)C)O)OC)C)C)C)OC,CCCCCCCCCCCCCCCCCC(=O)[O-].CCCCCCCCCCCCCCCCCC(=O)[O-].[Mg+2]
6442177,14055602,0,CC1CCC2CC(C(=CC=CC=CC(CC(C(=O)C(C(C(=CC(C(=O)CC(OC(=O)C3CCCCN3C(=O)C(=O)C1(O2)O)C(C)CC4CCC(C(C4)OC)OCCO)C)C)O)OC)C)C)C)OC,COC1C(OC(C(C1O)O)OC2C(OC(C(C2O)O)OC)CO)CO
6442177,24261,0,CC1CCC2CC(C(=CC=CC=CC(CC(C(=O)C(C(C(=CC(C(=O)CC(OC(=O)C3CCCCN3C(=O)C(=O)C1(O2)O)C(C)CC4CCC(C(C4)OC)OCCO)C)C)O)OC)C)C)C)OC,O=[Si]=O
6451150,174,0,C1CN2C(=NN=C2C(F)(F)F)CN1C(=O)CC(CC3=CC(=C(C=C3F)F)F)N.OP(=O)(O)O,C(CO)O
6451150,11199,0,C1CN2C(=NN=C2C(F)(F)F)CN1C(=O)CC(CC3=CC(=C(C=C3F)F)F)N.OP(=O)(O)O,C=CO
6451150,23706213,0,C1CN2C(=NN=C2C(F)(F)F)CN1C(=O)CC(CC3=CC(=C(C=C3F)F)F)N.OP(=O)(O)O,CC(=O)[O-].C(C(C(C(C(C=O)O)O)O)O)O.[Na+]
6451150,6328154,0,C1CN2C(=NN=C2C(F)(F)F)CN1C(=O)CC(CC3=CC(=C(C=C3F)F)F)N.OP(=O)(O)O,CC(=O)O.C(C(C(C(C(C=O)O)O)O)O)O.[Na]
6451150,11177,0,C1CN2C(=NN=C2C(F)(F)F)CN1C(=O)CC(CC3=CC(=C(C=C3F)F)F)N.OP(=O)(O)O,CCCCCCCCCCCCCCCCCC(=O)[O-].CCCCCCCCCCCCCCCCCC(=O)[O-].[Mg+2]
6451150,23665634,0,C1CN2C(=NN=C2C(F)(F)F)CN1C(=O)CC(CC3=CC(=C(C=C3F)F)F)N.OP(=O)(O)O,CCCCCCCCCCCCCCCCCCOC(=O)C=CC(=O)[O-].[Na+]
6451150,14055602,0,C1CN2C(=NN=C2C(F)(F)F)CN1C(=O)CC(CC3=CC(=C(C=C3F)F)F)N.OP(=O)(O)O,COC1C(OC(C(C1O)O)OC2C(OC(C(C2O)O)OC)CO)CO
6451150,445709,0,C1CN2C(=NN=C2C(F)(F)F)CN1C(=O)CC(CC3=CC(=C(C=C3F)F)F)N.OP(=O)(O)O,O.O.O.[Fe]
6451150,56841934,0,C1CN2C(=NN=C2C(F)(F)F)CN1C(=O)CC(CC3=CC(=C(C=C3F)F)F)N.OP(=O)(O)O,O.O.O.[Fe].[Fe]
6451150,26924,0,C1CN2C(=NN=C2C(F)(F)F)CN1C(=O)CC(CC3=CC(=C(C=C3F)F)F)N.OP(=O)(O)O,O[Si](=O)[O-].O[Si](=O)[O-].[O-][Si](=O)[O-].[O-][Si](=O)[O-].[Mg+2].[Mg+2].[Mg+2]
6451150,26042,0,C1CN2C(=NN=C2C(F)(F)F)CN1C(=O)CC(CC3=CC(=C(C=C3F)F)F)N.OP(=O)(O)O,O=[Ti]=O
6451150,24441,0,C1CN2C(=NN=C2C(F)(F)F)CN1C(=O)CC(CC3=CC(=C(C=C3F)F)F)N.OP(=O)(O)O,OP(=O)([O-])[O-].[Ca+2]
6474107,5997,1,CC1CCC2(C(C3C(O2)C(C4C3(CCC5C4CCC6C5(CC(C(C6)OC7C(C(C(C(O7)CO)OC8C(C(C(C(O8)CO)O)OC9C(C(C(CO9)O)O)O)OC2C(C(C(C(O2)CO)O)OC2C(C(C(C(O2)CO)O)O)O)O)O)O)O)C)C)O)C)OC1,CC(C)CCCC(C)C1CCC2C1(CCC3C2CC=C4C3(CCC(C4)O)C)C
6842999,11177,0,CC1CS(=O)(=O)CCN1N=CC2=CC=C(O2)[N+](=O)[O-],CCCCCCCCCCCCCCCCCC(=O)[O-].CCCCCCCCCCCCCCCCCC(=O)[O-].[Mg+2]
6842999,3423265,0,CC1CS(=O)(=O)CCN1N=CC2=CC=C(O2)[N+](=O)[O-],CCCCCCCCCCCCOS(=O)(=O)[O-].[Na+]
6842999,104805,0,CC1CS(=O)(=O)CCN1N=CC2=CC=C(O2)[N+](=O)[O-],O.O.OP(=O)([O-])[O-].[Ca+2]
6842999,24261,0,CC1CS(=O)(=O)CCN1N=CC2=CC=C(O2)[N+](=O)[O-],O=[Si]=O
6918313,104938,0,C1CN(CCN1CCCCC2=CNC3=C2C=C(C=C3)C#N)C4=CC5=C(C=C4)OC(=C5)C(=O)N.Cl,C(C1C(C(C(C(O1)OC2C(OC(C(C2O)O)O)CO)O)O)O)O.O
6918313,174,0,C1CN(CCN1CCCCC2=CNC3=C2C=C(C=C3)C#N)C4=CC5=C(C=C4)OC(=C5)C(=O)N.Cl,C(CO)O
6918313,11199,0,C1CN(CCN1CCCCC2=CNC3=C2C=C(C=C3)C#N)C4=CC5=C(C=C4)OC(=C5)C(=O)N.Cl,C=CO
6918313,33258,0,C1CN(CCN1CCCCC2=CNC3=C2C=C(C=C3)C#N)C4=CC5=C(C=C4)OC(=C5)C(=O)N.Cl,CC1=CC(=C(C=C1S(=O)(=O)[O-])OC)N=NC2=C(C=CC3=C2C=CC(=C3)S(=O)(=O)[O-])O.[Na+].[Na+]
6918313,11177,0,C1CN(CCN1CCCCC2=CNC3=C2C=C(C=C3)C#N)C4=CC5=C(C=C4)OC(=C5)C(=O)N.Cl,CCCCCCCCCCCCCCCCCC(=O)[O-].CCCCCCCCCCCCCCCCCC(=O)[O-].[Mg+2]
6918313,14055602,0,C1CN(CCN1CCCCC2=CNC3=C2C=C(C=C3)C#N)C4=CC5=C(C=C4)OC(=C5)C(=O)N.Cl,COC1C(OC(C(C1O)O)OC2C(OC(C(C2O)O)OC)CO)CO
6918313,26924,0,C1CN(CCN1CCCCC2=CNC3=C2C=C(C=C3)C#N)C4=CC5=C(C=C4)OC(=C5)C(=O)N.Cl,O[Si](=O)[O-].O[Si](=O)[O-].[O-][Si](=O)[O-].[O-][Si](=O)[O-].[Mg+2].[Mg+2].[Mg+2]
6918313,24261,0,C1CN(CCN1CCCCC2=CNC3=C2C=C(C=C3)C#N)C4=CC5=C(C=C4)OC(=C5)C(=O)N.Cl,O=[Si]=O
6918313,26042,0,C1CN(CCN1CCCCC2=CNC3=C2C=C(C=C3)C#N)C4=CC5=C(C=C4)OC(=C5)C(=O)N.Cl,O=[Ti]=O
9552079,133126842,1,C1=CC(=CC=C1NC(=NC(=NCCCCCCN=C(N)N=C(N)NC2=CC=C(C=C2)Cl)N)N)Cl,C1(C(C(OC(C1O)O)C(=O)[O-])O)O.[Na+]
9552079,24470,1,C1=CC(=CC=C1NC(=NC(=NCCCCCCN=C(N)N=C(N)NC2=CC=C(C=C2)Cl)N)N)Cl,[N+](=O)([O-])[O-].[Ag+]
9552079,24462,1,C1=CC(=CC=C1NC(=NC(=NCCCCCCN=C(N)N=C(N)NC2=CC=C(C=C2)Cl)N)N)Cl,[O-]S(=O)(=O)[O-].[Cu+2]
9552079,24424,1,C1=CC(=CC=C1NC(=NC(=NCCCCCCN=C(N)N=C(N)NC2=CC=C(C=C2)Cl)N)N)Cl,[O-]S(=O)(=O)[O-].[Zn+2]
9552079,712,1,C1=CC(=CC=C1NC(=NC(=NCCCCCCN=C(N)N=C(N)NC2=CC=C(C=C2)Cl)N)N)Cl,C=O
9552079,5959,1,C1=CC(=CC=C1NC(=NC(=NCCCCCCN=C(N)N=C(N)NC2=CC=C(C=C2)Cl)N)N)Cl,C1=CC(=CC=C1C(C(CO)NC(=O)C(Cl)Cl)O)[N+](=O)[O-]
9552079,10608,1,C1=CC(=CC=C1NC(=NC(=NCCCCCCN=C(N)N=C(N)NC2=CC=C(C=C2)Cl)N)N)Cl,C1=CC=C(C(=C1)C2=C3C=CC(=O)C=C3OC4=C2C=CC(=C4)[O-])C(=O)[O-].[Na+].[Na+]
9552079,12449,1,C1=CC(=CC=C1NC(=NC(=NCCCCCCN=C(N)N=C(N)NC2=CC=C(C=C2)Cl)N)N)Cl,CCN(CC)C1=CC=C(C=C1)C(=C2C=CC(=[N+](CC)CC)C=C2)C3=CC=CC=C3.OS(=O)(=O)[O-]
9800068,174,0,CN(C)CC(C1=CC=C(C=C1)O)C2(CCCCC2)O.C(CC(=O)O)C(=O)O,C(CO)O
9800068,11199,0,CN(C)CC(C1=CC=C(C=C1)O)C2(CCCCC2)O.C(CC(=O)O)C(=O)O,C=CO
9800068,17730,0,CN(C)CC(C1=CC=C(C=C1)O)C2(CCCCC2)O.C(CC(=O)O)C(=O)O,C1=CC(=CC=C1N=NC2=C(C=CC3=C2C=CC(=C3)S(=O)(=O)[O-])O)S(=O)(=O)[O-].[Na+].[Na+]
9800068,11177,0,CN(C)CC(C1=CC=C(C=C1)O)C2(CCCCC2)O.C(CC(=O)O)C(=O)O,CCCCCCCCCCCCCCCCCC(=O)[O-].CCCCCCCCCCCCCCCCCC(=O)[O-].[Mg+2]
9800068,14055602,0,CN(C)CC(C1=CC=C(C=C1)O)C2(CCCCC2)O.C(CC(=O)O)C(=O)O,COC1C(OC(C(C1O)O)OC2C(OC(C(C2O)O)OC)CO)CO
9800068,26924,0,CN(C)CC(C1=CC=C(C=C1)O)C2(CCCCC2)O.C(CC(=O)O)C(=O)O,O[Si](=O)[O-].O[Si](=O)[O-].[O-][Si](=O)[O-].[O-][Si](=O)[O-].[Mg+2].[Mg+2].[Mg+2]
9800068,26042,0,CN(C)CC(C1=CC=C(C=C1)O)C2(CCCCC2)O.C(CC(=O)O)C(=O)O,O=[Ti]=O
9821849,104938,0,CC(=O)OC1CCC2(C3CCC4(C(C3CC=C2C1)CC=C4C5=CN=CC=C5)C)C,C(C1C(C(C(C(O1)OC2C(OC(C(C2O)O)O)CO)O)O)O)O.O
9821849,6917,0,CC(=O)OC1CCC2(C3CCC4(C(C3CC=C2C1)CC=C4C5=CN=CC=C5)C)C,C=CN1CCCC1=O
9821849,6328154,0,CC(=O)OC1CCC2(C3CCC4(C(C3CC=C2C1)CC=C4C5=CN=CC=C5)C)C,CC(=O)O.C(C(C(C(C(C=O)O)O)O)O)O.[Na]
9821849,11177,0,CC(=O)OC1CCC2(C3CCC4(C(C3CC=C2C1)CC=C4C5=CN=CC=C5)C)C,CCCCCCCCCCCCCCCCCC(=O)[O-].CCCCCCCCCCCCCCCCCC(=O)[O-].[Mg+2]
9821849,3423265,0,CC(=O)OC1CCC2(C3CCC4(C(C3CC=C2C1)CC=C4C5=CN=CC=C5)C)C,CCCCCCCCCCCCOS(=O)(=O)[O-].[Na+]
9821849,14055602,0,CC(=O)OC1CCC2(C3CCC4(C(C3CC=C2C1)CC=C4C5=CN=CC=C5)C)C,COC1C(OC(C(C1O)O)OC2C(OC(C(C2O)O)OC)CO)CO
9821849,24261,0,CC(=O)OC1CCC2(C3CCC4(C(C3CC=C2C1)CC=C4C5=CN=CC=C5)C)C,O=[Si]=O
9832912,3037558,0,CC1CC(=CCC2CC(CC3(O2)CC(=NOC)C(C(O3)C(=CC(C)C)C)C)OC(=O)C4C=C(C(C5C4(C(=CC=C1)CO5)O)O)C)C,C(C1C(C(C(C(O1)OC(C(CO)O)C(C(C=O)O)O)O)O)O)O
9832912,6328154,0,CC1CC(=CCC2CC(CC3(O2)CC(=NOC)C(C(O3)C(=CC(C)C)C)C)OC(=O)C4C=C(C(C5C4(C(=CC=C1)CO5)O)O)C)C,CC(=O)O.C(C(C(C(C(C=O)O)O)O)O)O.[Na]
9832912,11177,0,CC1CC(=CCC2CC(CC3(O2)CC(=NOC)C(C(O3)C(=CC(C)C)C)C)OC(=O)C4C=C(C(C5C4(C(=CC=C1)CO5)O)O)C)C,CCCCCCCCCCCCCCCCCC(=O)[O-].CCCCCCCCCCCCCCCCCC(=O)[O-].[Mg+2]
9832912,3423265,0,CC1CC(=CCC2CC(CC3(O2)CC(=NOC)C(C(O3)C(=CC(C)C)C)C)OC(=O)C4C=C(C(C5C4(C(=CC=C1)CO5)O)O)C)C,CCCCCCCCCCCCOS(=O)(=O)[O-].[Na+]
9832912,14055602,0,CC1CC(=CCC2CC(CC3(O2)CC(=NOC)C(C(O3)C(=CC(C)C)C)C)OC(=O)C4C=C(C(C5C4(C(=CC=C1)CO5)O)O)C)C,COC1C(OC(C(C1O)O)OC2C(OC(C(C2O)O)OC)CO)CO
9832912,24261,0,CC1CC(=CCC2CC(CC3(O2)CC(=NOC)C(C(O3)C(=CC(C)C)C)C)OC(=O)C4C=C(C(C5C4(C(=CC=C1)CO5)O)O)C)C,O=[Si]=O
9838021,104938,0,CCC(C1=CC(=CC=C1)O)C(C)CN(C)C.Cl,C(C1C(C(C(C(O1)OC2C(OC(C(C2O)O)O)CO)O)O)O)O.O
9838021,174,0,CCC(C1=CC(=CC=C1)O)C(C)CN(C)C.Cl,C(CO)O
9838021,6850749,0,CCC(C1=CC(=CC=C1)O)C(C)CN(C)C.Cl,CC1(C2CCC(C23CC1C(=CC3O)C(=O)O)C(=O)O)CO.C(CCCC(C(CCCCCO)O)O)CCCC(=O)O
9838021,6917,0,CCC(C1=CC(=CC=C1)O)C(C)CN(C)C.Cl,C=CN1CCCC1=O
9838021,24261,0,CCC(C1=CC(=CC=C1)O)C(C)CN(C)C.Cl,O=[Si]=O
9838021,11199,0,CCC(C1=CC(=CC=C1)O)C(C)CN(C)C.Cl,C=CO
9838021,61817,0,CCC(C1=CC(=CC=C1)O)C(C)CN(C)C.Cl,C1=CC(=CC=C1N=NC2=C(C=CC3=C2C=CC(=C3)S(=O)(=O)[O-])[O-])S(=O)(=O)[O-].[Al+3]
9838021,24671,0,CCC(C1=CC(=CC=C1)O)C(C)CN(C)C.Cl,C1=CC=C2C(=C1)C(=O)C(C2=O)C3=NC4=C(C=C(C=C4C=C3)S(=O)(=O)[O-])S(=O)(=O)[O-].[Na+].[Na+]
9838021,135436515,0,CCC(C1=CC(=CC=C1)O)C(C)CN(C)C.Cl,C1=CC2=C(C=C1S(=O)(=O)O)C(=C(N2)C3=NC4=C(C3=O)C=C(C=C4)S(=O)(=O)O)O.[Na+]
9838021,6328154,0,CCC(C1=CC(=CC=C1)O)C(C)CN(C)C.Cl,CC(=O)O.C(C(C(C(C(C=O)O)O)O)O)O.[Na]
9838021,86472,0,CCC(C1=CC(=CC=C1)O)C(C)CN(C)C.Cl,CC1=C(C(=C(C2=C1OC(CC2)(C)CCCC(C)CCCC(C)CCCC(C)C)C)OC(=O)C)C
9838021,11177,0,CCC(C1=CC(=CC=C1)O)C(C)CN(C)C.Cl,CCCCCCCCCCCCCCCCCC(=O)[O-].CCCCCCCCCCCCCCCCCC(=O)[O-].[Mg+2]
9838021,14055602,0,CCC(C1=CC(=CC=C1)O)C(C)CN(C)C.Cl,COC1C(OC(C(C1O)O)OC2C(OC(C(C2O)O)OC)CO)CO
9838021,26924,0,CCC(C1=CC(=CC=C1)O)C(C)CN(C)C.Cl,O[Si](=O)[O-].O[Si](=O)[O-].[O-][Si](=O)[O-].[O-][Si](=O)[O-].[Mg+2].[Mg+2].[Mg+2]
9838021,16211978,0,CCC(C1=CC(=CC=C1)O)C(C)CN(C)C.Cl,O=[Fe].O=[Fe]O[Fe]=O
9838021,1030,0,CCC(C1=CC(=CC=C1)O)C(C)CN(C)C.Cl,CC(CO)O
9838021,26042,0,CCC(C1=CC(=CC=C1)O)C(C)CN(C)C.Cl,O=[Ti]=O
9844225,1732,1,CC(=O)OC1C=CC2C3CC4=C5C2(C1OC5=C(C=C4)OC(=O)C)CCN3C.Cl,CC1=C(C=CC(=C1)O)Cl
9849808,104938,0,CC(C)C(=O)OC1=C(C=C(C=C1)CO)C(CCN(C(C)C)C(C)C)C2=CC=CC=C2.C(=CC(=O)O)C(=O)O,C(C1C(C(C(C(O1)OC2C(OC(C(C2O)O)O)CO)O)O)O)O.O
9849808,6912,0,CC(C)C(=O)OC1=C(C=C(C=C1)CO)C(CCN(C(C)C)C(C)C)C2=CC=CC=C2.C(=CC(=O)O)C(=O)O,C(C(C(C(CO)O)O)O)O
9849808,22477175,0,CC(C)C(=O)OC1=C(C=C(C=C1)CO)C(CCN(C(C)C)C(C)C)C2=CC=CC=C2.C(=CC(=O)O)C(=O)O,CCCCCCCCCCCCCCCCCCCCCC(=O)O.C(C(CO)O)O
9849808,14055602,0,CC(C)C(=O)OC1=C(C=C(C=C1)CO)C(CCN(C(C)C)C(C)C)C2=CC=CC=C2.C(=CC(=O)O)C(=O)O,COC1C(OC(C(C1O)O)OC2C(OC(C(C2O)O)OC)CO)CO
9849808,26924,0,CC(C)C(=O)OC1=C(C=C(C=C1)CO)C(CCN(C(C)C)C(C)C)C2=CC=CC=C2.C(=CC(=O)O)C(=O)O,O[Si](=O)[O-].O[Si](=O)[O-].[O-][Si](=O)[O-].[O-][Si](=O)[O-].[Mg+2].[Mg+2].[Mg+2]
9869929,6251,0,COC1=C(C=C(C=C1)CNC2=NC(=NC=C2C(=O)NCC3=NC=CC=N3)N4CCCC4CO)Cl,C(C(C(C(C(CO)O)O)O)O)O
9869929,444972,0,COC1=C(C=C(C=C1)CNC2=NC(=NC=C2C(=O)NCC3=NC=CC=N3)N4CCCC4CO)Cl,C(=CC(=O)O)C(=O)O
9869929,10112,0,COC1=C(C=C(C=C1)CNC2=NC(=NC=C2C(=O)NCC3=NC=CC=N3)N4CCCC4CO)Cl,C(=O)([O-])[O-].[Ca+2]
9869929,123706,0,COC1=C(C=C(C=C1)CNC2=NC(=NC=C2C(=O)NCC3=NC=CC=N3)N4CCCC4CO)Cl,CCC(C1=C(C=C(C=C1)N(C)C)C)N
9869929,11177,0,COC1=C(C=C(C=C1)CNC2=NC(=NC=C2C(=O)NCC3=NC=CC=N3)N4CCCC4CO)Cl,CCCCCCCCCCCCCCCCCC(=O)[O-].CCCCCCCCCCCCCCCCCC(=O)[O-].[Mg+2]
9869929,23320441,0,COC1=C(C=C(C=C1)CNC2=NC(=NC=C2C(=O)NCC3=NC=CC=N3)N4CCCC4CO)Cl,O.[OH-].[O-2].[Fe+3]
9871419,6251,0,CCCSC1=NC(=C2C(=N1)N(N=N2)C3CC(C(C3O)O)OCCO)NC4CC4C5=CC(=C(C=C5)F)F,C(C(C(C(C(CO)O)O)O)O)O
9871419,174,0,CCCSC1=NC(=C2C(=N1)N(N=N2)C3CC(C(C3O)O)OCCO)NC4CC4C5=CC(=C(C=C5)F)F,C(CO)O
9871419,123706,0,CCCSC1=NC(=C2C(=N1)N(N=N2)C3CC(C(C3O)O)OCCO)NC4CC4C5=CC(=C(C=C5)F)F,CCC(C1=C(C=C(C=C1)N(C)C)C)N
9871419,11177,0,CCCSC1=NC(=C2C(=N1)N(N=N2)C3CC(C(C3O)O)OCCO)NC4CC4C5=CC(=C(C=C5)F)F,CCCCCCCCCCCCCCCCCC(=O)[O-].CCCCCCCCCCCCCCCCCC(=O)[O-].[Mg+2]
9871419,23320441,0,CCCSC1=NC(=C2C(=N1)N(N=N2)C3CC(C(C3O)O)OCCO)NC4CC4C5=CC(=C(C=C5)F)F,O.[OH-].[O-2].[Fe+3]
9871419,56841934,0,CCCSC1=NC(=C2C(=N1)N(N=N2)C3CC(C(C3O)O)OCCO)NC4CC4C5=CC(=C(C=C5)F)F,O.O.O.[Fe].[Fe]
9871419,104805,0,CCCSC1=NC(=C2C(=N1)N(N=N2)C3CC(C(C3O)O)OCCO)NC4CC4C5=CC(=C(C=C5)F)F,O.O.OP(=O)([O-])[O-].[Ca+2]
9871419,26924,0,CCCSC1=NC(=C2C(=N1)N(N=N2)C3CC(C(C3O)O)OCCO)NC4CC4C5=CC(=C(C=C5)F)F,O[Si](=O)[O-].O[Si](=O)[O-].[O-][Si](=O)[O-].[O-][Si](=O)[O-].[Mg+2].[Mg+2].[Mg+2]
9871419,16211978,0,CCCSC1=NC(=C2C(=N1)N(N=N2)C3CC(C(C3O)O)OCCO)NC4CC4C5=CC(=C(C=C5)F)F,O=[Fe].O=[Fe]O[Fe]=O
9871419,26042,0,CCCSC1=NC(=C2C(=N1)N(N=N2)C3CC(C(C3O)O)OCCO)NC4CC4C5=CC(=C(C=C5)F)F,O=[Ti]=O
9874560,104938,0,CCCCC(=O)OC1CCC2C1(CCC3C2CCC4=C3C=CC(=C4)O)C.CC12CCC3=C4CCC(=O)C=C4CCC3C1CCC2(CC#N)O,C(C1C(C(C(C(O1)OC2C(OC(C(C2O)O)O)CO)O)O)O)O.O
9874560,174,0,CCCCC(=O)OC1CCC2C1(CCC3C2CCC4=C3C=CC(=C4)O)C.CC12CCC3=C4CCC(=O)C=C4CCC3C1CCC2(CC#N)O,C(CO)O
9874560,131751496,0,CCCCC(=O)OC1CCC2C1(CCC3C2CCC4=C3C=CC(=C4)O)C.CC12CCC3=C4CCC(=O)C=C4CCC3C1CCC2(CC#N)O,C1CC(=O)N(C1)C(CP)P
9874560,11177,0,CCCCC(=O)OC1CCC2C1(CCC3C2CCC4=C3C=CC(=C4)O)C.CC12CCC3=C4CCC(=O)C=C4CCC3C1CCC2(CC#N)O,CCCCCCCCCCCCCCCCCC(=O)[O-].CCCCCCCCCCCCCCCCCC(=O)[O-].[Mg+2]
9874560,56841934,0,CCCCC(=O)OC1CCC2C1(CCC3C2CCC4=C3C=CC(=C4)O)C.CC12CCC3=C4CCC(=O)C=C4CCC3C1CCC2(CC#N)O,O.O.O.[Fe].[Fe]
9874560,26924,0,CCCCC(=O)OC1CCC2C1(CCC3C2CCC4=C3C=CC(=C4)O)C.CC12CCC3=C4CCC(=O)C=C4CCC3C1CCC2(CC#N)O,O[Si](=O)[O-].O[Si](=O)[O-].[O-][Si](=O)[O-].[O-][Si](=O)[O-].[Mg+2].[Mg+2].[Mg+2]
9874560,26042,0,CCCCC(=O)OC1CCC2C1(CCC3C2CCC4=C3C=CC(=C4)O)C.CC12CCC3=C4CCC(=O)C=C4CCC3C1CCC2(CC#N)O,O=[Ti]=O
9875401,104938,0,C1COCC(=O)N1C2=CC=C(C=C2)N3CC(OC3=O)CNC(=O)C4=CC=C(S4)Cl,C(C1C(C(C(C(O1)OC2C(OC(C(C2O)O)O)CO)O)O)O)O.O
9875401,174,0,C1COCC(=O)N1C2=CC=C(C=C2)N3CC(OC3=O)CNC(=O)C4=CC=C(S4)Cl,C(CO)O
9875401,11199,0,C1COCC(=O)N1C2=CC=C(C=C2)N3CC(OC3=O)CNC(=O)C4=CC=C(S4)Cl,C=CO
9875401,6328154,0,C1COCC(=O)N1C2=CC=C(C=C2)N3CC(OC3=O)CNC(=O)C4=CC=C(S4)Cl,CC(=O)O.C(C(C(C(C(C=O)O)O)O)O)O.[Na]
9875401,11177,0,C1COCC(=O)N1C2=CC=C(C=C2)N3CC(OC3=O)CNC(=O)C4=CC=C(S4)Cl,CCCCCCCCCCCCCCCCCC(=O)[O-].CCCCCCCCCCCCCCCCCC(=O)[O-].[Mg+2]
9875401,3423265,0,C1COCC(=O)N1C2=CC=C(C=C2)N3CC(OC3=O)CNC(=O)C4=CC=C(S4)Cl,CCCCCCCCCCCCOS(=O)(=O)[O-].[Na+]
9875401,14055602,0,C1COCC(=O)N1C2=CC=C(C=C2)N3CC(OC3=O)CNC(=O)C4=CC=C(S4)Cl,COC1C(OC(C(C1O)O)OC2C(OC(C(C2O)O)OC)CO)CO
9875401,56841934,0,C1COCC(=O)N1C2=CC=C(C=C2)N3CC(OC3=O)CNC(=O)C4=CC=C(S4)Cl,O.O.O.[Fe].[Fe]
9875401,26042,0,C1COCC(=O)N1C2=CC=C(C=C2)N3CC(OC3=O)CNC(=O)C4=CC=C(S4)Cl,O=[Ti]=O
9883933,11177,0,CC(C)C(=O)OC(C)OC(=O)NCC1(CCCCC1)CC(=O)O,CCCCCCCCCCCCCCCCCC(=O)[O-].CCCCCCCCCCCCCCCCCC(=O)[O-].[Mg+2]
9883933,3423265,0,CC(C)C(=O)OC(C)OC(=O)NCC1(CCCCC1)CC(=O)O,CCCCCCCCCCCCOS(=O)(=O)[O-].[Na+]
9883933,104805,0,CC(C)C(=O)OC(C)OC(=O)NCC1(CCCCC1)CC(=O)O,O.O.OP(=O)([O-])[O-].[Ca+2]
9883933,26924,0,CC(C)C(=O)OC(C)OC(=O)NCC1(CCCCC1)CC(=O)O,O[Si](=O)[O-].O[Si](=O)[O-].[O-][Si](=O)[O-].[O-][Si](=O)[O-].[Mg+2].[Mg+2].[Mg+2]
9883933,518696,0,CC(C)C(=O)OC(C)OC(=O)NCC1(CCCCC1)CC(=O)O,O=[Fe]O[Fe]=O
9883933,24261,0,CC(C)C(=O)OC(C)OC(=O)NCC1(CCCCC1)CC(=O)O,O=[Si]=O
9924495,104938,0,C1=CC=C(C=C1)N2C=C(C=C(C2=O)C3=CC=CC=C3C#N)C4=CC=CC=N4,C(C1C(C(C(C(O1)OC2C(OC(C(C2O)O)O)CO)O)O)O)O.O
9924495,174,0,C1=CC=C(C=C1)N2C=C(C=C(C2=O)C3=CC=CC=C3C#N)C4=CC=CC=N4,C(CO)O
9924495,6917,0,C1=CC=C(C=C1)N2C=C(C=C(C2=O)C3=CC=CC=C3C#N)C4=CC=CC=N4,C=CN1CCCC1=O
9924495,123706,0,C1=CC=C(C=C1)N2C=C(C=C(C2=O)C3=CC=CC=C3C#N)C4=CC=CC=N4,CCC(C1=C(C=C(C=C1)N(C)C)C)N
9924495,11177,0,C1=CC=C(C=C1)N2C=C(C=C(C2=O)C3=CC=CC=C3C#N)C4=CC=CC=N4,CCCCCCCCCCCCCCCCCC(=O)[O-].CCCCCCCCCCCCCCCCCC(=O)[O-].[Mg+2]
9924495,14055602,0,C1=CC=C(C=C1)N2C=C(C=C(C2=O)C3=CC=CC=C3C#N)C4=CC=CC=N4,COC1C(OC(C(C1O)O)OC2C(OC(C(C2O)O)OC)CO)CO
9924495,56841934,0,C1=CC=C(C=C1)N2C=C(C=C(C2=O)C3=CC=CC=C3C#N)C4=CC=CC=N4,O.O.O.[Fe].[Fe]
9924495,26924,0,C1=CC=C(C=C1)N2C=C(C=C(C2=O)C3=CC=CC=C3C#N)C4=CC=CC=N4,O[Si](=O)[O-].O[Si](=O)[O-].[O-][Si](=O)[O-].[O-][Si](=O)[O-].[Mg+2].[Mg+2].[Mg+2]
9924495,518696,0,C1=CC=C(C=C1)N2C=C(C=C(C2=O)C3=CC=CC=C3C#N)C4=CC=CC=N4,O=[Fe]O[Fe]=O
9924495,26042,0,C1=CC=C(C=C1)N2C=C(C=C(C2=O)C3=CC=CC=C3C#N)C4=CC=CC=N4,O=[Ti]=O
9933004,104938,0,C1CC2=C(C=CC(=C2)F)OC1C(CNCC(C3CCC4=C(O3)C=CC(=C4)F)O)O.Cl,C(C1C(C(C(C(O1)OC2C(OC(C(C2O)O)O)CO)O)O)O)O.O
9933004,17730,0,C1CC2=C(C=CC(=C2)F)OC1C(CNCC(C3CCC4=C(O3)C=CC(=C4)F)O)O.Cl,C1=CC(=CC=C1N=NC2=C(C=CC3=C2C=CC(=C3)S(=O)(=O)[O-])O)S(=O)(=O)[O-].[Na+].[Na+]
9933004,135436515,0,C1CC2=C(C=CC(=C2)F)OC1C(CNCC(C3CCC4=C(O3)C=CC(=C4)F)O)O.Cl,C1=CC2=C(C=C1S(=O)(=O)O)C(=C(N2)C3=NC4=C(C3=O)C=C(C=C4)S(=O)(=O)O)O.[Na+]
9933004,6328154,0,C1CC2=C(C=CC(=C2)F)OC1C(CNCC(C3CCC4=C(O3)C=CC(=C4)F)O)O.Cl,CC(=O)O.C(C(C(C(C(C=O)O)O)O)O)O.[Na]
9933004,5281955,0,C1CC2=C(C=CC(=C2)F)OC1C(CNCC(C3CCC4=C(O3)C=CC(=C4)F)O)O.Cl,CCCCCCCCC=CCCCCCCCC(=O)OCCOCC(C1C(C(CO1)OCCO)OCCO)OCCO
9933004,11177,0,C1CC2=C(C=CC(=C2)F)OC1C(CNCC(C3CCC4=C(O3)C=CC(=C4)F)O)O.Cl,CCCCCCCCCCCCCCCCCC(=O)[O-].CCCCCCCCCCCCCCCCCC(=O)[O-].[Mg+2]
9933004,3423265,0,C1CC2=C(C=CC(=C2)F)OC1C(CNCC(C3CCC4=C(O3)C=CC(=C4)F)O)O.Cl,CCCCCCCCCCCCOS(=O)(=O)[O-].[Na+]
9933004,14055602,0,C1CC2=C(C=CC(=C2)F)OC1C(CNCC(C3CCC4=C(O3)C=CC(=C4)F)O)O.Cl,COC1C(OC(C(C1O)O)OC2C(OC(C(C2O)O)OC)CO)CO
9933004,24261,0,C1CC2=C(C=CC(=C2)F)OC1C(CNCC(C3CCC4=C(O3)C=CC(=C4)F)O)O.Cl,O=[Si]=O
9941095,174,0,CC1=CC=C(C=C1)S(=O)(=O)O.CC1=CC=C(C=C1)S(=O)(=O)O.CS(=O)(=O)CCNCC1=CC=C(O1)C2=CC3=C(C=C2)N=CN=C3NC4=CC(=C(C=C4)OCC5=CC(=CC=C5)F)Cl,C(CO)O
9941095,6917,0,CC1=CC=C(C=C1)S(=O)(=O)O.CC1=CC=C(C=C1)S(=O)(=O)O.CS(=O)(=O)CCNCC1=CC=C(O1)C2=CC3=C(C=C2)N=CN=C3NC4=CC(=C(C=C4)OCC5=CC(=CC=C5)F)Cl,C=CN1CCCC1=O
9941095,5281955,0,CC1=CC=C(C=C1)S(=O)(=O)O.CC1=CC=C(C=C1)S(=O)(=O)O.CS(=O)(=O)CCNCC1=CC=C(O1)C2=CC3=C(C=C2)N=CN=C3NC4=CC(=C(C=C4)OCC5=CC(=CC=C5)F)Cl,CCCCCCCCC=CCCCCCCCC(=O)OCCOCC(C1C(C(CO1)OCCO)OCCO)OCCO
9941095,11177,0,CC1=CC=C(C=C1)S(=O)(=O)O.CC1=CC=C(C=C1)S(=O)(=O)O.CS(=O)(=O)CCNCC1=CC=C(O1)C2=CC3=C(C=C2)N=CN=C3NC4=CC(=C(C=C4)OCC5=CC(=CC=C5)F)Cl,CCCCCCCCCCCCCCCCCC(=O)[O-].CCCCCCCCCCCCCCCCCC(=O)[O-].[Mg+2]
9941095,14055602,0,CC1=CC=C(C=C1)S(=O)(=O)O.CC1=CC=C(C=C1)S(=O)(=O)O.CS(=O)(=O)CCNCC1=CC=C(O1)C2=CC3=C(C=C2)N=CN=C3NC4=CC(=C(C=C4)OCC5=CC(=CC=C5)F)Cl,COC1C(OC(C(C1O)O)OC2C(OC(C(C2O)O)OC)CO)CO
9941095,26042,0,CC1=CC=C(C=C1)S(=O)(=O)O.CC1=CC=C(C=C1)S(=O)(=O)O.CS(=O)(=O)CCNCC1=CC=C(O1)C2=CC3=C(C=C2)N=CN=C3NC4=CC(=C(C=C4)OCC5=CC(=CC=C5)F)Cl,O=[Ti]=O
9997821,23663626,1,CC1(C(N2C(S1(=O)=O)CC2=O)C(=O)OCOC(=O)C(C)(C)C)C,COC(=O)C1=CC=C(C=C1)[O-].[Na+]
10034073,174,0,CCC1C=C(C(CC=CC=C(C(=O)OC(CC=C(C=C(C1OC2C(C(C(C(O2)(C)C)OC(=O)C(C)C)O)O)C)C)C(C)O)COC3C(C(C(C(O3)C)OC(=O)C4=C(C(=C(C(=C4O)Cl)O)Cl)CC)O)OC)O)C,C(CO)O
10034073,11199,0,CCC1C=C(C(CC=CC=C(C(=O)OC(CC=C(C=C(C1OC2C(C(C(C(O2)(C)C)OC(=O)C(C)C)O)O)C)C)C(C)O)COC3C(C(C(C(O3)C)OC(=O)C4=C(C(=C(C(=C4O)Cl)O)Cl)CC)O)OC)O)C,C=CO
10034073,31404,0,CCC1C=C(C(CC=CC=C(C(=O)OC(CC=C(C=C(C1OC2C(C(C(C(O2)(C)C)OC(=O)C(C)C)O)O)C)C)C(C)O)COC3C(C(C(C(O3)C)OC(=O)C4=C(C(=C(C(=C4O)Cl)O)Cl)CC)O)OC)O)C,CC1=CC(=C(C(=C1)C(C)(C)C)O)C(C)(C)C
10034073,123706,0,CCC1C=C(C(CC=CC=C(C(=O)OC(CC=C(C=C(C1OC2C(C(C(C(O2)(C)C)OC(=O)C(C)C)O)O)C)C)C(C)O)COC3C(C(C(C(O3)C)OC(=O)C4=C(C(=C(C(=C4O)Cl)O)Cl)CC)O)OC)O)C,CCC(C1=C(C=C(C=C1)N(C)C)C)N
10034073,5287971,0,CCC1C=C(C(CC=CC=C(C(=O)OC(CC=C(C=C(C1OC2C(C(C(C(O2)(C)C)OC(=O)C(C)C)O)O)C)C)C(C)O)COC3C(C(C(C(O3)C)OC(=O)C4=C(C(=C(C(=C4O)Cl)O)Cl)CC)O)OC)O)C,CCCCCCCCCCCCCCCC(=O)OCC(COP(=O)([O-])OCC[N+](C)(C)C)OC(=O)CCCCCCCC=CCC=CCCCCC
10034073,11177,0,CCC1C=C(C(CC=CC=C(C(=O)OC(CC=C(C=C(C1OC2C(C(C(C(O2)(C)C)OC(=O)C(C)C)O)O)C)C)C(C)O)COC3C(C(C(C(O3)C)OC(=O)C4=C(C(=C(C(=C4O)Cl)O)Cl)CC)O)OC)O)C,CCCCCCCCCCCCCCCCCC(=O)[O-].CCCCCCCCCCCCCCCCCC(=O)[O-].[Mg+2]
10034073,14055602,0,CCC1C=C(C(CC=CC=C(C(=O)OC(CC=C(C=C(C1OC2C(C(C(C(O2)(C)C)OC(=O)C(C)C)O)O)C)C)C(C)O)COC3C(C(C(C(O3)C)OC(=O)C4=C(C(=C(C(=C4O)Cl)O)Cl)CC)O)OC)O)C,COC1C(OC(C(C1O)O)OC2C(OC(C(C2O)O)OC)CO)CO
10034073,26924,0,CCC1C=C(C(CC=CC=C(C(=O)OC(CC=C(C=C(C1OC2C(C(C(C(O2)(C)C)OC(=O)C(C)C)O)O)C)C)C(C)O)COC3C(C(C(C(O3)C)OC(=O)C4=C(C(=C(C(=C4O)Cl)O)Cl)CC)O)OC)O)C,O[Si](=O)[O-].O[Si](=O)[O-].[O-][Si](=O)[O-].[O-][Si](=O)[O-].[Mg+2].[Mg+2].[Mg+2]
10034073,26042,0,CCC1C=C(C(CC=CC=C(C(=O)OC(CC=C(C=C(C1OC2C(C(C(C(O2)(C)C)OC(=O)C(C)C)O)O)C)C)C(C)O)COC3C(C(C(C(O3)C)OC(=O)C4=C(C(=C(C(=C4O)Cl)O)Cl)CC)O)OC)O)C,O=[Ti]=O
10077129,104938,0,CCOC(=O)NC1CCC2C(C1)CC3C(C2C=CC4=NC=C(C=C4)C5=CC(=CC=C5)F)C(OC3=O)C.OS(=O)(=O)O,C(C1C(C(C(C(O1)OC2C(OC(C(C2O)O)O)CO)O)O)O)O.O
10077129,6917,0,CCOC(=O)NC1CCC2C(C1)CC3C(C2C=CC4=NC=C(C=C4)C5=CC(=CC=C5)F)C(OC3=O)C.OS(=O)(=O)O,C=CN1CCCC1=O
10077129,6328154,0,CCOC(=O)NC1CCC2C(C1)CC3C(C2C=CC4=NC=C(C=C4)C5=CC(=CC=C5)F)C(OC3=O)C.OS(=O)(=O)O,CC(=O)O.C(C(C(C(C(C=O)O)O)O)O)O.[Na]
10077129,5541,0,CCOC(=O)NC1CCC2C(C1)CC3C(C2C=CC4=NC=C(C=C4)C5=CC(=CC=C5)F)C(OC3=O)C.OS(=O)(=O)O,CC(=O)OCC(COC(=O)C)OC(=O)C
10077129,11177,0,CCOC(=O)NC1CCC2C(C1)CC3C(C2C=CC4=NC=C(C=C4)C5=CC(=CC=C5)F)C(OC3=O)C.OS(=O)(=O)O,CCCCCCCCCCCCCCCCCC(=O)[O-].CCCCCCCCCCCCCCCCCC(=O)[O-].[Mg+2]
10077129,14055602,0,CCOC(=O)NC1CCC2C(C1)CC3C(C2C=CC4=NC=C(C=C4)C5=CC(=CC=C5)F)C(OC3=O)C.OS(=O)(=O)O,COC1C(OC(C(C1O)O)OC2C(OC(C(C2O)O)OC)CO)CO
10077129,518696,0,CCOC(=O)NC1CCC2C(C1)CC3C(C2C=CC4=NC=C(C=C4)C5=CC(=CC=C5)F)C(OC3=O)C.OS(=O)(=O)O,O=[Fe]O[Fe]=O
10077129,26042,0,CCOC(=O)NC1CCC2C(C1)CC3C(C2C=CC4=NC=C(C=C4)C5=CC(=CC=C5)F)C(OC3=O)C.OS(=O)(=O)O,O=[Ti]=O
10096344,6251,0,CC#CCN1C2=C(N=C1N3CCCC(C3)N)N(C(=O)N(C2=O)CC4=NC5=CC=CC=C5C(=N4)C)C,C(C(C(C(C(CO)O)O)O)O)O
10096344,174,0,CC#CCN1C2=C(N=C1N3CCCC(C3)N)N(C(=O)N(C2=O)CC4=NC5=CC=CC=C5C(=N4)C)C,C(CO)O
10096344,270885,0,CC#CCN1C2=C(N=C1N3CCCC(C3)N)N(C(=O)N(C2=O)CC4=NC5=CC=CC=C5C(=N4)C)C,CC(=O)OC=C.C=CN1CCCC1=O
10096344,11177,0,CC#CCN1C2=C(N=C1N3CCCC(C3)N)N(C(=O)N(C2=O)CC4=NC5=CC=CC=C5C(=N4)C)C,CCCCCCCCCCCCCCCCCC(=O)[O-].CCCCCCCCCCCCCCCCCC(=O)[O-].[Mg+2]
10096344,26924,0,CC#CCN1C2=C(N=C1N3CCCC(C3)N)N(C(=O)N(C2=O)CC4=NC5=CC=CC=C5C(=N4)C)C,O[Si](=O)[O-].O[Si](=O)[O-].[O-][Si](=O)[O-].[O-][Si](=O)[O-].[Mg+2].[Mg+2].[Mg+2]
10096344,518696,0,CC#CCN1C2=C(N=C1N3CCCC(C3)N)N(C(=O)N(C2=O)CC4=NC5=CC=CC=C5C(=N4)C)C,O=[Fe]O[Fe]=O
10096344,26042,0,CC#CCN1C2=C(N=C1N3CCCC(C3)N)N(C(=O)N(C2=O)CC4=NC5=CC=CC=C5C(=N4)C)C,O=[Ti]=O
10174505,14923,0,CC1CCN(CC1N(C)C2=NC=NC3=C2C=CN3)C(=O)CC#N.C(C(=O)O)C(CC(=O)O)(C(=O)O)O,[NH4+].[OH-]
10174505,104938,0,CC1CCN(CC1N(C)C2=NC=NC3=C2C=CN3)C(=O)CC#N.C(C(=O)O)C(CC(=O)O)(C(=O)O)O,C(C1C(C(C(C(O1)OC2C(OC(C(C2O)O)O)CO)O)O)O)O.O
10174505,5780,0,CC1CCN(CC1N(C)C2=NC=NC3=C2C=CN3)C(=O)CC#N.C(C(=O)O)C(CC(=O)O)(C(=O)O)O,C(C(C(C(C(CO)O)O)O)O)O
10174505,174,0,CC1CCN(CC1N(C)C2=NC=NC3=C2C=CN3)C(=O)CC#N.C(C(=O)O)C(CC(=O)O)(C(=O)O)O,C(CO)O
10174505,6850749,0,CC1CCN(CC1N(C)C2=NC=NC3=C2C=CN3)C(=O)CC#N.C(C(=O)O)C(CC(=O)O)(C(=O)O)O,CC1(C2CCC(C23CC1C(=CC3O)C(=O)O)C(=O)O)CO.C(CCCC(C(CCCCCO)O)O)CCCC(=O)O
10174505,6328154,0,CC1CCN(CC1N(C)C2=NC=NC3=C2C=CN3)C(=O)CC#N.C(C(=O)O)C(CC(=O)O)(C(=O)O)O,CC(=O)O.C(C(C(C(C(C=O)O)O)O)O)O.[Na]
10174505,270885,0,CC1CCN(CC1N(C)C2=NC=NC3=C2C=CN3)C(=O)CC#N.C(C(=O)O)C(CC(=O)O)(C(=O)O)O,CC(=O)OC=C.C=CN1CCCC1=O
10174505,5541,0,CC1CCN(CC1N(C)C2=NC=NC3=C2C=CN3)C(=O)CC#N.C(C(=O)O)C(CC(=O)O)(C(=O)O)O,CC(=O)OCC(COC(=O)C)OC(=O)C
10174505,1030,0,CC1CCN(CC1N(C)C2=NC=NC3=C2C=CN3)C(=O)CC#N.C(C(=O)O)C(CC(=O)O)(C(=O)O)O,CC(CO)O
10174505,24832095,0,CC1CCN(CC1N(C)C2=NC=NC3=C2C=CN3)C(=O)CC#N.C(C(=O)O)C(CC(=O)O)(C(=O)O)O,CC(COCC1C(C(C(C(O1)OC)OCC(C)O)OCC(C)O)OC2C(C(C(C(O2)COC)OC3C(C(C(C(O3)CO)OC)O)O)OC)OC)O
10174505,123706,0,CC1CCN(CC1N(C)C2=NC=NC3=C2C=CN3)C(=O)CC#N.C(C(=O)O)C(CC(=O)O)(C(=O)O)O,CCC(C1=C(C=C(C=C1)N(C)C)C)N
10174505,11177,0,CC1CCN(CC1N(C)C2=NC=NC3=C2C=CN3)C(=O)CC#N.C(C(=O)O)C(CC(=O)O)(C(=O)O)O,CCCCCCCCCCCCCCCCCC(=O)[O-].CCCCCCCCCCCCCCCCCC(=O)[O-].[Mg+2]
10174505,14055602,0,CC1CCN(CC1N(C)C2=NC=NC3=C2C=CN3)C(=O)CC#N.C(C(=O)O)C(CC(=O)O)(C(=O)O)O,COC1C(OC(C(C1O)O)OC2C(OC(C(C2O)O)OC)CO)CO
10174505,56841934,0,CC1CCN(CC1N(C)C2=NC=NC3=C2C=CN3)C(=O)CC#N.C(C(=O)O)C(CC(=O)O)(C(=O)O)O,O.O.O.[Fe].[Fe]
10174505,16211978,0,CC1CCN(CC1N(C)C2=NC=NC3=C2C=CN3)C(=O)CC#N.C(C(=O)O)C(CC(=O)O)(C(=O)O)O,O=[Fe].O=[Fe]O[Fe]=O
10174505,26042,0,CC1CCN(CC1N(C)C2=NC=NC3=C2C=CN3)C(=O)CC#N.C(C(=O)O)C(CC(=O)O)(C(=O)O)O,O=[Ti]=O
10176082,1061,1,[OH-].[OH-].[OH-].[Al+3],[O-]P(=O)([O-])[O-]
10176082,1117,1,[OH-].[OH-].[OH-].[Al+3],[O-]S(=O)(=O)[O-]
10176082,26574,1,[OH-].[OH-].[OH-].[Al+3],B([O-])([O-])[O-]
10176082,19660,1,[OH-].[OH-].[OH-].[Al+3],C(=O)([O-])[O-]
10324367,6917,0,CC1(C2C1C(N(C2)C(=O)C(C(C)(C)C)NC(=O)NC(C)(C)C)C(=O)NC(CC3CCC3)C(=O)C(=O)N)C,C=CN1CCCC1=O
10324367,6328154,0,CC1(C2C1C(N(C2)C(=O)C(C(C)(C)C)NC(=O)NC(C)(C)C)C(=O)NC(CC3CCC3)C(=O)C(=O)N)C,CC(=O)O.C(C(C(C(C(C=O)O)O)O)O)O.[Na]
10324367,33258,0,CC1(C2C1C(N(C2)C(=O)C(C(C)(C)C)NC(=O)NC(C)(C)C)C(=O)NC(CC3CCC3)C(=O)C(=O)N)C,CC1=CC(=C(C=C1S(=O)(=O)[O-])OC)N=NC2=C(C=CC3=C2C=CC(=C3)S(=O)(=O)[O-])O.[Na+].[Na+]
10324367,8578,0,CC1(C2C1C(N(C2)C(=O)C(C(C)(C)C)NC(=O)NC(C)(C)C)C(=O)NC(CC3CCC3)C(=O)C(=O)N)C,CC1=CC=CC=C1N=NC2=C(C=CC3=CC=CC=C32)N
10324367,11177,0,CC1(C2C1C(N(C2)C(=O)C(C(C)(C)C)NC(=O)NC(C)(C)C)C(=O)NC(CC3CCC3)C(=O)C(=O)N)C,CCCCCCCCCCCCCCCCCC(=O)[O-].CCCCCCCCCCCCCCCCCC(=O)[O-].[Mg+2]
10324367,3423265,0,CC1(C2C1C(N(C2)C(=O)C(C(C)(C)C)NC(=O)NC(C)(C)C)C(=O)NC(CC3CCC3)C(=O)C(=O)N)C,CCCCCCCCCCCCOS(=O)(=O)[O-].[Na+]
10324367,19700,0,CC1(C2C1C(N(C2)C(=O)C(C(C)(C)C)NC(=O)NC(C)(C)C)C(=O)NC(CC3CCC3)C(=O)C(=O)N)C,CCN(CC1=CC(=CC=C1)S(=O)(=O)[O-])C2=CC=C(C=C2)C(=C3C=CC(=[N+](CC)CC4=CC(=CC=C4)S(=O)(=O)[O-])C=C3)C5=CC=CC=C5S(=O)(=O)[O-].[Na+].[Na+]
10324367,14055602,0,CC1(C2C1C(N(C2)C(=O)C(C(C)(C)C)NC(=O)NC(C)(C)C)C(=O)NC(CC3CCC3)C(=O)C(=O)N)C,COC1C(OC(C(C1O)O)OC2C(OC(C(C2O)O)OC)CO)CO
10324367,26042,0,CC1(C2C1C(N(C2)C(=O)C(C(C)(C)C)NC(=O)NC(C)(C)C)C(=O)NC(CC3CCC3)C(=O)C(=O)N)C,O=[Ti]=O
11001318,14923,0,C1=CC2=C(C=C1C(=O)O)OC(=N2)C3=CC(=CC(=C3)Cl)Cl,[NH4+].[OH-]
11001318,5780,0,C1=CC2=C(C=C1C(=O)O)OC(=N2)C3=CC(=CC(=C3)Cl)Cl,C(C(C(C(C(CO)O)O)O)O)O
11001318,753,0,C1=CC2=C(C=C1C(=O)O)OC(=N2)C3=CC(=CC(=C3)Cl)Cl,C(C(CO)O)O
11001318,174,0,C1=CC2=C(C=C1C(=O)O)OC(=N2)C3=CC(=CC(=C3)Cl)Cl,C(CO)O
11001318,6917,0,C1=CC2=C(C=C1C(=O)O)OC(=N2)C3=CC(=CC(=C3)Cl)Cl,C=CN1CCCC1=O
11001318,161821,0,C1=CC2=C(C=C1C(=O)O)OC(=N2)C3=CC(=CC(=C3)Cl)Cl,CC(=O)OC=C.C1=CC=C(C(=C1)C(=O)O)C(=O)O
11001318,3776,0,C1=CC2=C(C=C1C(=O)O)OC(=N2)C3=CC(=CC(=C3)Cl)Cl,CC(C)O
11001318,1030,0,C1=CC2=C(C=C1C(=O)O)OC(=N2)C3=CC(=CC(=C3)Cl)Cl,CC(CO)O
11001318,31404,0,C1=CC2=C(C=C1C(=O)O)OC(=N2)C3=CC(=CC(=C3)Cl)Cl,CC1=CC(=C(C(=C1)C(C)(C)C)O)C(C)(C)C
11001318,443314,0,C1=CC2=C(C=C1C(=O)O)OC(=N2)C3=CC(=CC(=C3)Cl)Cl,CCCCCCCCCCCC(=O)OCCOCC(C1C(C(CO1)OCCO)OCCO)OCCO
11001318,702,0,C1=CC2=C(C=C1C(=O)O)OC(=N2)C3=CC(=CC(=C3)Cl)Cl,CCO
11001318,56841934,0,C1=CC2=C(C=C1C(=O)O)OC(=N2)C3=CC(=CC(=C3)Cl)Cl,O.O.O.[Fe].[Fe]
11001318,26042,0,C1=CC2=C(C=C1C(=O)O)OC(=N2)C3=CC(=CC(=C3)Cl)Cl,O=[Ti]=O
11167602,174,0,CNC(=O)C1=NC=CC(=C1)OC2=CC(=C(C=C2)NC(=O)NC3=CC(=C(C=C3)Cl)C(F)(F)F)F,C(CO)O
11167602,6917,0,CNC(=O)C1=NC=CC(=C1)OC2=CC(=C(C=C2)NC(=O)NC3=CC(=C(C=C3)Cl)C(F)(F)F)F,C=CN1CCCC1=O
11167602,11199,0,CNC(=O)C1=NC=CC(=C1)OC2=CC(=C(C=C2)NC(=O)NC3=CC(=C(C=C3)Cl)C(F)(F)F)F,C=CO
11167602,6328154,0,CNC(=O)C1=NC=CC(=C1)OC2=CC(=C(C=C2)NC(=O)NC3=CC(=C(C=C3)Cl)C(F)(F)F)F,CC(=O)O.C(C(C(C(C(C=O)O)O)O)O)O.[Na]
11167602,6438359,0,CNC(=O)C1=NC=CC(=C1)OC2=CC(=C(C=C2)NC(=O)NC3=CC(=C(C=C3)Cl)C(F)(F)F)F,CCCCCCCCCCCCCCCC(=O)OCC(COP(=O)([O-])OCC[N+](C)(C)C)OC(=O)CCCCCCCC=CCC=CCCCCC
11167602,11177,0,CNC(=O)C1=NC=CC(=C1)OC2=CC(=C(C=C2)NC(=O)NC3=CC(=C(C=C3)Cl)C(F)(F)F)F,CCCCCCCCCCCCCCCCCC(=O)[O-].CCCCCCCCCCCCCCCCCC(=O)[O-].[Mg+2]
11167602,14055602,0,CNC(=O)C1=NC=CC(=C1)OC2=CC(=C(C=C2)NC(=O)NC3=CC(=C(C=C3)Cl)C(F)(F)F)F,COC1C(OC(C(C1O)O)OC2C(OC(C(C2O)O)OC)CO)CO
11167602,23320441,0,CNC(=O)C1=NC=CC(=C1)OC2=CC(=C(C=C2)NC(=O)NC3=CC(=C(C=C3)Cl)C(F)(F)F)F,O.[OH-].[O-2].[Fe+3]
11167602,56841934,0,CNC(=O)C1=NC=CC(=C1)OC2=CC(=C(C=C2)NC(=O)NC3=CC(=C(C=C3)Cl)C(F)(F)F)F,O.O.O.[Fe].[Fe]
11167602,26924,0,CNC(=O)C1=NC=CC(=C1)OC2=CC(=C(C=C2)NC(=O)NC3=CC(=C(C=C3)Cl)C(F)(F)F)F,O[Si](=O)[O-].O[Si](=O)[O-].[O-][Si](=O)[O-].[O-][Si](=O)[O-].[Mg+2].[Mg+2].[Mg+2]
11167602,26042,0,CNC(=O)C1=NC=CC(=C1)OC2=CC(=C(C=C2)NC(=O)NC3=CC(=C(C=C3)Cl)C(F)(F)F)F,O=[Ti]=O
11250029,6251,0,CC1=CC(=CC(=C1CC(C(=O)N(CC2=CC(=C(C=C2)OC)C(=O)O)C(C)C3=NC=C(N3)C4=CC=CC=C4)N)C)C(=O)N,C(C(C(C(C(CO)O)O)O)O)O
11250029,294,0,CC1=CC(=CC(=C1CC(C(=O)N(CC2=CC(=C(C=C2)OC)C(=O)O)C(C)C3=NC=C(N3)C4=CC=CC=C4)N)C)C(=O)N,C(C1C(C(C(C(O1)OC2C(OC(C(C2O)O)O)CO)O)O)O)O
11250029,174,0,CC1=CC(=CC(=C1CC(C(=O)N(CC2=CC(=C(C=C2)OC)C(=O)O)C(C)C3=NC=C(N3)C4=CC=CC=C4)N)C)C(=O)N,C(CO)O
11250029,131751496,0,CC1=CC(=CC(=C1CC(C(=O)N(CC2=CC(=C(C=C2)OC)C(=O)O)C(C)C3=NC=C(N3)C4=CC=CC=C4)N)C)C(=O)N,C1CC(=O)N(C1)C(CP)P
11250029,22146182,0,CC1=CC(=CC(=C1CC(C(=O)N(CC2=CC(=C(C=C2)OC)C(=O)O)C(C)C3=NC=C(N3)C4=CC=CC=C4)N)C)C(=O)N,CC(=O)OC=C.C=CO
11250029,11177,0,CC1=CC(=CC(=C1CC(C(=O)N(CC2=CC(=C(C=C2)OC)C(=O)O)C(C)C3=NC=C(N3)C4=CC=CC=C4)N)C)C(=O)N,CCCCCCCCCCCCCCCCCC(=O)[O-].CCCCCCCCCCCCCCCCCC(=O)[O-].[Mg+2]
11250029,56841934,0,CC1=CC(=CC(=C1CC(C(=O)N(CC2=CC(=C(C=C2)OC)C(=O)O)C(C)C3=NC=C(N3)C4=CC=CC=C4)N)C)C(=O)N,O.O.O.[Fe].[Fe]
11250029,26924,0,CC1=CC(=CC(=C1CC(C(=O)N(CC2=CC(=C(C=C2)OC)C(=O)O)C(C)C3=NC=C(N3)C4=CC=CC=C4)N)C)C(=O)N,O[Si](=O)[O-].O[Si](=O)[O-].[O-][Si](=O)[O-].[O-][Si](=O)[O-].[Mg+2].[Mg+2].[Mg+2]
11250029,518696,0,CC1=CC(=CC(=C1CC(C(=O)N(CC2=CC(=C(C=C2)OC)C(=O)O)C(C)C3=NC=C(N3)C4=CC=CC=C4)N)C)C(=O)N,O=[Fe]O[Fe]=O
11250029,24261,0,CC1=CC(=CC(=C1CC(C(=O)N(CC2=CC(=C(C=C2)OC)C(=O)O)C(C)C3=NC=C(N3)C4=CC=CC=C4)N)C)C(=O)N,O=[Si]=O
11250029,26042,0,CC1=CC(=CC(=C1CC(C(=O)N(CC2=CC(=C(C=C2)OC)C(=O)O)C(C)C3=NC=C(N3)C4=CC=CC=C4)N)C)C(=O)N,O=[Ti]=O
11251522,104938,0,C1CC1C2=NC3=CC=CC=C3C(=C2C=CC(CC(CC(=O)[O-])O)O)C4=CC=C(C=C4)F.C1CC1C2=NC3=CC=CC=C3C(=C2C=CC(CC(CC(=O)[O-])O)O)C4=CC=C(C=C4)F.[Ca+2],C(C1C(C(C(C(O1)OC2C(OC(C(C2O)O)O)CO)O)O)O)O.O
11251522,123706,0,C1CC1C2=NC3=CC=CC=C3C(=C2C=CC(CC(CC(=O)[O-])O)O)C4=CC=C(C=C4)F.C1CC1C2=NC3=CC=CC=C3C(=C2C=CC(CC(CC(=O)[O-])O)O)C4=CC=C(C=C4)F.[Ca+2],CCC(C1=C(C=C(C=C1)N(C)C)C)N
11251522,11177,0,C1CC1C2=NC3=CC=CC=C3C(=C2C=CC(CC(CC(=O)[O-])O)O)C4=CC=C(C=C4)F.C1CC1C2=NC3=CC=CC=C3C(=C2C=CC(CC(CC(=O)[O-])O)O)C4=CC=C(C=C4)F.[Ca+2],CCCCCCCCCCCCCCCCCC(=O)[O-].CCCCCCCCCCCCCCCCCC(=O)[O-].[Mg+2]
11251522,6506,0,C1CC1C2=NC3=CC=CC=C3C(=C2C=CC(CC(CC(=O)[O-])O)O)C4=CC=C(C=C4)F.C1CC1C2=NC3=CC=CC=C3C(=C2C=CC(CC(CC(=O)[O-])O)O)C4=CC=C(C=C4)F.[Ca+2],CCOC(=O)CC(CC(=O)OCC)(C(=O)OCC)O
11251522,56841623,0,C1CC1C2=NC3=CC=CC=C3C(=C2C=CC(CC(CC(=O)[O-])O)O)C4=CC=C(C=C4)F.C1CC1C2=NC3=CC=CC=C3C(=C2C=CC(CC(CC(=O)[O-])O)O)C4=CC=C(C=C4)F.[Ca+2],O.[O-2].[O-2].[O-][Si](=O)[O-].[O-][Si](=O)[O-].[O-][Si](=O)[O-].[Mg+2].[Mg+2].[Al+3].[Al+3]
11251522,24261,0,C1CC1C2=NC3=CC=CC=C3C(=C2C=CC(CC(CC(=O)[O-])O)O)C4=CC=C(C=C4)F.C1CC1C2=NC3=CC=CC=C3C(=C2C=CC(CC(CC(=O)[O-])O)O)C4=CC=C(C=C4)F.[Ca+2],O=[Si]=O
11251522,26042,0,C1CC1C2=NC3=CC=CC=C3C(=C2C=CC(CC(CC(=O)[O-])O)O)C4=CC=C(C=C4)F.C1CC1C2=NC3=CC=CC=C3C(=C2C=CC(CC(CC(=O)[O-])O)O)C4=CC=C(C=C4)F.[Ca+2],O=[Ti]=O
11363176,104938,0,CCCN=C1N(C(=O)C(=CC2=CC(=C(C=C2)OCC(CO)O)Cl)S1)C3=CC=CC=C3C,C(C1C(C(C(C(O1)OC2C(OC(C(C2O)O)O)CO)O)O)O)O.O
11363176,174,0,CCCN=C1N(C(=O)C(=CC2=CC(=C(C=C2)OCC(CO)O)Cl)S1)C3=CC=CC=C3C,C(CO)O
11363176,6917,0,CCCN=C1N(C(=O)C(=CC2=CC(=C(C=C2)OCC(CO)O)Cl)S1)C3=CC=CC=C3C,C=CN1CCCC1=O
11363176,6328154,0,CCCN=C1N(C(=O)C(=CC2=CC(=C(C=C2)OCC(CO)O)Cl)S1)C3=CC=CC=C3C,CC(=O)O.C(C(C(C(C(C=O)O)O)O)O)O.[Na]
11363176,5541,0,CCCN=C1N(C(=O)C(=CC2=CC(=C(C=C2)OCC(CO)O)Cl)S1)C3=CC=CC=C3C,CC(=O)OCC(COC(=O)C)OC(=O)C
11363176,24832095,0,CCCN=C1N(C(=O)C(=CC2=CC(=C(C=C2)OCC(CO)O)Cl)S1)C3=CC=CC=C3C,CC(COCC1C(C(C(C(O1)OC)OCC(C)O)OCC(C)O)OC2C(C(C(C(O2)COC)OC3C(C(C(C(O3)CO)OC)O)O)OC)OC)O
11363176,11177,0,CCCN=C1N(C(=O)C(=CC2=CC(=C(C=C2)OCC(CO)O)Cl)S1)C3=CC=CC=C3C,CCCCCCCCCCCCCCCCCC(=O)[O-].CCCCCCCCCCCCCCCCCC(=O)[O-].[Mg+2]
11363176,3423265,0,CCCN=C1N(C(=O)C(=CC2=CC(=C(C=C2)OCC(CO)O)Cl)S1)C3=CC=CC=C3C,CCCCCCCCCCCCOS(=O)(=O)[O-].[Na+]
11363176,14055602,0,CCCN=C1N(C(=O)C(=CC2=CC(=C(C=C2)OCC(CO)O)Cl)S1)C3=CC=CC=C3C,COC1C(OC(C(C1O)O)OC2C(OC(C(C2O)O)OC)CO)CO
11363176,14789,0,CCCN=C1N(C(=O)C(=CC2=CC(=C(C=C2)OCC(CO)O)Cl)S1)C3=CC=CC=C3C,O[Fe]=O.O[Fe]=O.[Fe]
11363176,518696,0,CCCN=C1N(C(=O)C(=CC2=CC(=C(C=C2)OCC(CO)O)Cl)S1)C3=CC=CC=C3C,O=[Fe]O[Fe]=O
11363176,24261,0,CCCN=C1N(C(=O)C(=CC2=CC(=C(C=C2)OCC(CO)O)Cl)S1)C3=CC=CC=C3C,O=[Si]=O
11363176,26042,0,CCCN=C1N(C(=O)C(=CC2=CC(=C(C=C2)OCC(CO)O)Cl)S1)C3=CC=CC=C3C,O=[Ti]=O
11476460,6251,0,CN1N=C(N=N1)C2=NC=C(C=C2)C3=C(C=C(C=C3)N4CC(OC4=O)COP(=O)(O)O)F,C(C(C(C(C(CO)O)O)O)O)O
11476460,174,0,CN1N=C(N=N1)C2=NC=C(C=C2)C3=C(C=C(C=C3)N4CC(OC4=O)COP(=O)(O)O)F,C(CO)O
11476460,6917,0,CN1N=C(N=N1)C2=NC=C(C=C2)C3=C(C=C(C=C3)N4CC(OC4=O)COP(=O)(O)O)F,C=CN1CCCC1=O
11476460,11199,0,CN1N=C(N=N1)C2=NC=C(C=C2)C3=C(C=C(C=C3)N4CC(OC4=O)COP(=O)(O)O)F,C=CO
11476460,131751496,0,CN1N=C(N=N1)C2=NC=C(C=C2)C3=C(C=C(C=C3)N4CC(OC4=O)COP(=O)(O)O)F,C1CC(=O)N(C1)C(CP)P
11476460,11177,0,CN1N=C(N=N1)C2=NC=C(C=C2)C3=C(C=C(C=C3)N4CC(OC4=O)COP(=O)(O)O)F,CCCCCCCCCCCCCCCCCC(=O)[O-].CCCCCCCCCCCCCCCCCC(=O)[O-].[Mg+2]
11476460,14055602,0,CN1N=C(N=N1)C2=NC=C(C=C2)C3=C(C=C(C=C3)N4CC(OC4=O)COP(=O)(O)O)F,COC1C(OC(C(C1O)O)OC2C(OC(C(C2O)O)OC)CO)CO
11476460,445709,0,CN1N=C(N=N1)C2=NC=C(C=C2)C3=C(C=C(C=C3)N4CC(OC4=O)COP(=O)(O)O)F,O.O.O.[Fe]
11476460,26924,0,CN1N=C(N=N1)C2=NC=C(C=C2)C3=C(C=C(C=C3)N4CC(OC4=O)COP(=O)(O)O)F,O[Si](=O)[O-].O[Si](=O)[O-].[O-][Si](=O)[O-].[O-][Si](=O)[O-].[Mg+2].[Mg+2].[Mg+2]
11476460,26042,0,CN1N=C(N=N1)C2=NC=C(C=C2)C3=C(C=C(C=C3)N4CC(OC4=O)COP(=O)(O)O)F,O=[Ti]=O
11511120,104938,0,COC1=C(C=C2C(=C1)N=CN=C2NC3=CC(=C(C=C3)F)Cl)NC(=O)C=CCN4CCCCC4,C(C1C(C(C(C(O1)OC2C(OC(C(C2O)O)O)CO)O)O)O)O.O
11511120,174,0,COC1=C(C=C2C(=C1)N=CN=C2NC3=CC(=C(C=C3)F)Cl)NC(=O)C=CCN4CCCCC4,C(CO)O
11511120,2723854,0,COC1=C(C=C2C(=C1)N=CN=C2NC3=CC(=C(C=C3)F)Cl)NC(=O)C=CCN4CCCCC4,C1=CC2=C(C=C1S(=O)(=O)[O-])C(=C(N2)C3=NC4=C(C3=O)C=C(C=C4)S(=O)(=O)[O-])O.[Na+].[Na+]
11511120,22146182,0,COC1=C(C=C2C(=C1)N=CN=C2NC3=CC(=C(C=C3)F)Cl)NC(=O)C=CCN4CCCCC4,CC(=O)OC=C.C=CO
11511120,11177,0,COC1=C(C=C2C(=C1)N=CN=C2NC3=CC(=C(C=C3)F)Cl)NC(=O)C=CCN4CCCCC4,CCCCCCCCCCCCCCCCCC(=O)[O-].CCCCCCCCCCCCCCCCCC(=O)[O-].[Mg+2]
11511120,14055602,0,COC1=C(C=C2C(=C1)N=CN=C2NC3=CC(=C(C=C3)F)Cl)NC(=O)C=CCN4CCCCC4,COC1C(OC(C(C1O)O)OC2C(OC(C(C2O)O)OC)CO)CO
11511120,26924,0,COC1=C(C=C2C(=C1)N=CN=C2NC3=CC(=C(C=C3)F)Cl)NC(=O)C=CCN4CCCCC4,O[Si](=O)[O-].O[Si](=O)[O-].[O-][Si](=O)[O-].[O-][Si](=O)[O-].[Mg+2].[Mg+2].[Mg+2]
11511120,26042,0,COC1=C(C=C2C(=C1)N=CN=C2NC3=CC(=C(C=C3)F)Cl)NC(=O)C=CCN4CCCCC4,O=[Ti]=O
11525740,174,0,CC1=C(C=C(C=C1)NC2=NC=CC(=N2)N(C)C3=CC4=NN(C(=C4C=C3)C)C)S(=O)(=O)N.Cl,C(CO)O
11525740,6917,0,CC1=C(C=C(C=C1)NC2=NC=CC(=N2)N(C)C3=CC4=NN(C(=C4C=C3)C)C)S(=O)(=O)N.Cl,C=CN1CCCC1=O
11525740,5281955,0,CC1=C(C=C(C=C1)NC2=NC=CC(=N2)N(C)C3=CC4=NN(C(=C4C=C3)C)C)S(=O)(=O)N.Cl,CCCCCCCCC=CCCCCCCCC(=O)OCCOCC(C1C(C(CO1)OCCO)OCCO)OCCO
11525740,11177,0,CC1=C(C=C(C=C1)NC2=NC=CC(=N2)N(C)C3=CC4=NN(C(=C4C=C3)C)C)S(=O)(=O)N.Cl,CCCCCCCCCCCCCCCCCC(=O)[O-].CCCCCCCCCCCCCCCCCC(=O)[O-].[Mg+2]
11525740,14055602,0,CC1=C(C=C(C=C1)NC2=NC=CC(=N2)N(C)C3=CC4=NN(C(=C4C=C3)C)C)S(=O)(=O)N.Cl,COC1C(OC(C(C1O)O)OC2C(OC(C(C2O)O)OC)CO)CO
11525740,16211978,0,CC1=C(C=C(C=C1)NC2=NC=CC(=N2)N(C)C3=CC4=NN(C(=C4C=C3)C)C)S(=O)(=O)N.Cl,O=[Fe].O=[Fe]O[Fe]=O
11525740,26042,0,CC1=C(C=C(C=C1)NC2=NC=CC(=N2)N(C)C3=CC4=NN(C(=C4C=C3)C)C)S(=O)(=O)N.Cl,O=[Ti]=O
11547978,6251,0,CC1=CC(=NO1)NC(=O)NC2=C(C=C(C=C2)OC3=C4C=C(C(=CC4=NC=C3)OC)OC)Cl.O.Cl,C(C(C(C(C(CO)O)O)O)O)O
11547978,164825,0,CC1=CC(=NO1)NC(=O)NC2=C(C=C(C=C2)OC3=C4C=C(C(=CC4=NC=C3)OC)OC)Cl.O.Cl,C1=CC(=CC=C1N=NC2C(=NN(C2=O)C3=CC=C(C=C3)S(=O)(=O)[O-])C(=O)[O-])S(=O)(=O)[O-].[Na+].[Na+].[Na+]
11547978,2723854,0,CC1=CC(=NO1)NC(=O)NC2=C(C=C(C=C2)OC3=C4C=C(C(=CC4=NC=C3)OC)OC)Cl.O.Cl,C1=CC2=C(C=C1S(=O)(=O)[O-])C(=C(N2)C3=NC4=C(C3=O)C=C(C=C4)S(=O)(=O)[O-])O.[Na+].[Na+]
11547978,11177,0,CC1=CC(=NO1)NC(=O)NC2=C(C=C(C=C2)OC3=C4C=C(C(=CC4=NC=C3)OC)OC)Cl.O.Cl,CCCCCCCCCCCCCCCCCC(=O)[O-].CCCCCCCCCCCCCCCCCC(=O)[O-].[Mg+2]
11547978,445709,0,CC1=CC(=NO1)NC(=O)NC2=C(C=C(C=C2)OC3=C4C=C(C(=CC4=NC=C3)OC)OC)Cl.O.Cl,O.O.O.[Fe]
11547978,26042,0,CC1=CC(=NO1)NC(=O)NC2=C(C=C(C=C2)OC3=C4C=C(C(=CC4=NC=C3)OC)OC)Cl.O.Cl,O=[Ti]=O
11551689,174,0,C1CCN(CC1)CCCOCCCC2=CC=C(C=C2)Cl.Cl,C(CO)O
11551689,11199,0,C1CCN(CC1)CCCOCCCC2=CC=C(C=C2)Cl.Cl,C=CO
11551689,131751496,0,C1CCN(CC1)CCCOCCCC2=CC=C(C=C2)Cl.Cl,C1CC(=O)N(C1)C(CP)P
11551689,11177,0,C1CCN(CC1)CCCOCCCC2=CC=C(C=C2)Cl.Cl,CCCCCCCCCCCCCCCCCC(=O)[O-].CCCCCCCCCCCCCCCCCC(=O)[O-].[Mg+2]
11551689,14055602,0,C1CCN(CC1)CCCOCCCC2=CC=C(C=C2)Cl.Cl,COC1C(OC(C(C1O)O)OC2C(OC(C(C2O)O)OC)CO)CO
11551689,26924,0,C1CCN(CC1)CCCOCCCC2=CC=C(C=C2)Cl.Cl,O[Si](=O)[O-].O[Si](=O)[O-].[O-][Si](=O)[O-].[O-][Si](=O)[O-].[Mg+2].[Mg+2].[Mg+2]
11551689,24261,0,C1CCN(CC1)CCCOCCCC2=CC=C(C=C2)Cl.Cl,O=[Si]=O
11551689,26042,0,C1CCN(CC1)CCCOCCCC2=CC=C(C=C2)Cl.Cl,O=[Ti]=O
11597697,6328154,0,CC(CC1=CC=CC=C1)NC(=O)C(CCCCN)N.CS(=O)(=O)O.CS(=O)(=O)O,CC(=O)O.C(C(C(C(C(C=O)O)O)O)O)O.[Na]
11597697,11177,0,CC(CC1=CC=CC=C1)NC(=O)C(CCCCN)N.CS(=O)(=O)O.CS(=O)(=O)O,CCCCCCCCCCCCCCCCCC(=O)[O-].CCCCCCCCCCCCCCCCCC(=O)[O-].[Mg+2]
11597697,14055602,0,CC(CC1=CC=CC=C1)NC(=O)C(CCCCN)N.CS(=O)(=O)O.CS(=O)(=O)O,COC1C(OC(C(C1O)O)OC2C(OC(C(C2O)O)OC)CO)CO
11597697,445709,0,CC(CC1=CC=CC=C1)NC(=O)C(CCCCN)N.CS(=O)(=O)O.CS(=O)(=O)O,O.O.O.[Fe]
11597697,16211978,0,CC(CC1=CC=CC=C1)NC(=O)C(CCCCN)N.CS(=O)(=O)O.CS(=O)(=O)O,O=[Fe].O=[Fe]O[Fe]=O
11597697,26042,0,CC(CC1=CC=CC=C1)NC(=O)C(CCCCN)N.CS(=O)(=O)O.CS(=O)(=O)O,O=[Ti]=O
11626560,14797,0,CC(C1=C(C=CC(=C1Cl)F)Cl)OC2=C(N=CC(=C2)C3=CN(N=C3)C4CCNCC4)N,[OH-].[K+]
11626560,6850749,0,CC(C1=C(C=CC(=C1Cl)F)Cl)OC2=C(N=CC(=C2)C3=CN(N=C3)C4CCNCC4)N,CC1(C2CCC(C23CC1C(=CC3O)C(=O)O)C(=O)O)CO.C(CCCC(C(CCCCCO)O)O)CCCC(=O)O
11626560,1030,0,CC(C1=C(C=CC(=C1Cl)F)Cl)OC2=C(N=CC(=C2)C3=CN(N=C3)C4CCNCC4)N,CC(CO)O
11626560,11177,0,CC(C1=C(C=CC(=C1Cl)F)Cl)OC2=C(N=CC(=C2)C3=CN(N=C3)C4CCNCC4)N,CCCCCCCCCCCCCCCCCC(=O)[O-].CCCCCCCCCCCCCCCCCC(=O)[O-].[Mg+2]
11626560,14055602,0,CC(C1=C(C=CC(=C1Cl)F)Cl)OC2=C(N=CC(=C2)C3=CN(N=C3)C4CCNCC4)N,COC1C(OC(C(C1O)O)OC2C(OC(C(C2O)O)OC)CO)CO
11626560,56841934,0,CC(C1=C(C=CC(=C1Cl)F)Cl)OC2=C(N=CC(=C2)C3=CN(N=C3)C4CCNCC4)N,O.O.O.[Fe].[Fe]
11626560,16211978,0,CC(C1=C(C=CC(=C1Cl)F)Cl)OC2=C(N=CC(=C2)C3=CN(N=C3)C4CCNCC4)N,O=[Fe].O=[Fe]O[Fe]=O
11626560,24261,0,CC(C1=C(C=CC(=C1Cl)F)Cl)OC2=C(N=CC(=C2)C3=CN(N=C3)C4CCNCC4)N,O=[Si]=O
11626560,26042,0,CC(C1=C(C=CC(=C1Cl)F)Cl)OC2=C(N=CC(=C2)C3=CN(N=C3)C4CCNCC4)N,O=[Ti]=O
11626560,24441,0,CC(C1=C(C=CC(=C1Cl)F)Cl)OC2=C(N=CC(=C2)C3=CN(N=C3)C4CCNCC4)N,OP(=O)([O-])[O-].[Ca+2]
11644097,14797,0,C1C(C(C(C(N1)CO)O)O)O.Cl,[OH-].[K+]
11644097,6850749,0,C1C(C(C(C(N1)CO)O)O)O.Cl,CC1(C2CCC(C23CC1C(=CC3O)C(=O)O)C(=O)O)CO.C(CCCC(C(CCCCCO)O)O)CCCC(=O)O
11644097,2723854,0,C1C(C(C(C(N1)CO)O)O)O.Cl,C1=CC2=C(C=C1S(=O)(=O)[O-])C(=C(N2)C3=NC4=C(C3=O)C=C(C=C4)S(=O)(=O)[O-])O.[Na+].[Na+]
11644097,11177,0,C1C(C(C(C(N1)CO)O)O)O.Cl,CCCCCCCCCCCCCCCCCC(=O)[O-].CCCCCCCCCCCCCCCCCC(=O)[O-].[Mg+2]
11644097,16211978,0,C1C(C(C(C(N1)CO)O)O)O.Cl,O=[Fe].O=[Fe]O[Fe]=O
11644097,26042,0,C1C(C(C(C(N1)CO)O)O)O.Cl,O=[Ti]=O
11673085,6251,0,CC1CNCCC2=C1C=C(C=C2)Cl.Cl,C(C(C(C(C(CO)O)O)O)O)O
11673085,294,0,CC1CNCCC2=C1C=C(C=C2)Cl.Cl,C(C1C(C(C(C(O1)OC2C(OC(C(C2O)O)O)CO)O)O)O)O
11673085,174,0,CC1CNCCC2=C1C=C(C=C2)Cl.Cl,C(CO)O
11673085,11199,0,CC1CNCCC2=C1C=C(C=C2)Cl.Cl,C=CO
11673085,17730,0,CC1CNCCC2=C1C=C(C=C2)Cl.Cl,C1=CC(=CC=C1N=NC2=C(C=CC3=C2C=CC(=C3)S(=O)(=O)[O-])O)S(=O)(=O)[O-].[Na+].[Na+]
11673085,135436515,0,CC1CNCCC2=C1C=C(C=C2)Cl.Cl,C1=CC2=C(C=C1S(=O)(=O)O)C(=C(N2)C3=NC4=C(C3=O)C=C(C=C4)S(=O)(=O)O)O.[Na+]
11673085,6328154,0,CC1CNCCC2=C1C=C(C=C2)Cl.Cl,CC(=O)O.C(C(C(C(C(C=O)O)O)O)O)O.[Na]
11673085,24832095,0,CC1CNCCC2=C1C=C(C=C2)Cl.Cl,CC(COCC1C(C(C(C(O1)OC)OCC(C)O)OCC(C)O)OC2C(C(C(C(O2)COC)OC3C(C(C(C(O3)CO)OC)O)O)OC)OC)O
11673085,123706,0,CC1CNCCC2=C1C=C(C=C2)Cl.Cl,CCC(C1=C(C=C(C=C1)N(C)C)C)N
11673085,11177,0,CC1CNCCC2=C1C=C(C=C2)Cl.Cl,CCCCCCCCCCCCCCCCCC(=O)[O-].CCCCCCCCCCCCCCCCCC(=O)[O-].[Mg+2]
11673085,14055602,0,CC1CNCCC2=C1C=C(C=C2)Cl.Cl,COC1C(OC(C(C1O)O)OC2C(OC(C(C2O)O)OC)CO)CO
11673085,56841934,0,CC1CNCCC2=C1C=C(C=C2)Cl.Cl,O.O.O.[Fe].[Fe]
11673085,3026,0,CC1CNCCC2=C1C=C(C=C2)Cl.Cl,CCCCOC(=O)C1=CC=CC=C1C(=O)OCCCC
11673085,26924,0,CC1CNCCC2=C1C=C(C=C2)Cl.Cl,O[Si](=O)[O-].O[Si](=O)[O-].[O-][Si](=O)[O-].[O-][Si](=O)[O-].[Mg+2].[Mg+2].[Mg+2]
11673085,518696,0,CC1CNCCC2=C1C=C(C=C2)Cl.Cl,O=[Fe]O[Fe]=O
11673085,24261,0,CC1CNCCC2=C1C=C(C=C2)Cl.Cl,O=[Si]=O
11673085,5780,0,CC1CNCCC2=C1C=C(C=C2)Cl.Cl,C(C(C(C(C(CO)O)O)O)O)O
11673085,26042,0,CC1CNCCC2=C1C=C(C=C2)Cl.Cl,O=[Ti]=O
11673085,5281,0,CC1CNCCC2=C1C=C(C=C2)Cl.Cl,CCCCCCCCCCCCCCCCCC(=O)O
11711114,104938,0,CC1=CC(=CC(=C1NC2=NC(=NC=C2)NC3=CC=C(C=C3)C#N)C)C=CC#N.Cl,C(C1C(C(C(C(O1)OC2C(OC(C(C2O)O)O)CO)O)O)O)O.O
11711114,294,0,CC1=CC(=CC(=C1NC2=NC(=NC=C2)NC3=CC=C(C=C3)C#N)C)C=CC#N.Cl,C(C1C(C(C(C(O1)OC2C(OC(C(C2O)O)O)CO)O)O)O)O
11711114,174,0,CC1=CC(=CC(=C1NC2=NC(=NC=C2)NC3=CC=C(C=C3)C#N)C)C=CC#N.Cl,C(CO)O
11711114,6917,0,CC1=CC(=CC(=C1NC2=NC(=NC=C2)NC3=CC=C(C=C3)C#N)C)C=CC#N.Cl,C=CN1CCCC1=O
11711114,6328154,0,CC1=CC(=CC(=C1NC2=NC(=NC=C2)NC3=CC=C(C=C3)C#N)C)C=CC#N.Cl,CC(=O)O.C(C(C(C(C(C=O)O)O)O)O)O.[Na]
11711114,5541,0,CC1=CC(=CC(=C1NC2=NC(=NC=C2)NC3=CC=C(C=C3)C#N)C)C=CC#N.Cl,CC(=O)OCC(COC(=O)C)OC(=O)C
11711114,24832095,0,CC1=CC(=CC(=C1NC2=NC(=NC=C2)NC3=CC=C(C=C3)C#N)C)C=CC#N.Cl,CC(COCC1C(C(C(C(O1)OC)OCC(C)O)OCC(C)O)OC2C(C(C(C(O2)COC)OC3C(C(C(C(O3)CO)OC)O)O)OC)OC)O
11711114,443314,0,CC1=CC(=CC(=C1NC2=NC(=NC=C2)NC3=CC=C(C=C3)C#N)C)C=CC#N.Cl,CCCCCCCCCCCC(=O)OCCOCC(C1C(C(CO1)OCCO)OCCO)OCCO
11711114,11177,0,CC1=CC(=CC(=C1NC2=NC(=NC=C2)NC3=CC=C(C=C3)C#N)C)C=CC#N.Cl,CCCCCCCCCCCCCCCCCC(=O)[O-].CCCCCCCCCCCCCCCCCC(=O)[O-].[Mg+2]
11711114,26042,0,CC1=CC(=CC(=C1NC2=NC(=NC=C2)NC3=CC=C(C=C3)C#N)C)C=CC#N.Cl,O=[Ti]=O
11751549,6134,0,CCCCC1=NC(=C(N1CC2=CC=C(C=C2)C3=CC=CC=C3C4=NN=N[N-]4)CO)Cl.[K+],C(C1C(C(C(C(O1)OC2C(OC(C(C2O)O)O)CO)O)O)O)O
11751549,5102882,0,CCCCC1=NC(=C(N1CC2=CC=C(C=C2)C3=CC=CC=C3C4=NN=N[N-]4)CO)Cl.[K+],C1(C(C(OC(C1O)O)C(=O)[O-])O)O.[Na+]
11751549,11177,0,CCCCC1=NC(=C(N1CC2=CC=C(C=C2)C3=CC=CC=C3C4=NN=N[N-]4)CO)Cl.[K+],CCCCCCCCCCCCCCCCCC(=O)[O-].CCCCCCCCCCCCCCCCCC(=O)[O-].[Mg+2]
11751549,26924,0,CCCCC1=NC(=C(N1CC2=CC=C(C=C2)C3=CC=CC=C3C4=NN=N[N-]4)CO)Cl.[K+],O[Si](=O)[O-].O[Si](=O)[O-].[O-][Si](=O)[O-].[O-][Si](=O)[O-].[Mg+2].[Mg+2].[Mg+2]
11949652,11177,1,CC1=NN(C(=C1)N2CCN(CC2)C3CC(NC3)C(=O)N4CCSC4)C5=CC=CC=C5,CCCCCCCCCCCCCCCCCC(=O)[O-].CCCCCCCCCCCCCCCCCC(=O)[O-].[Mg+2]
11978813,104938,0,C1CN(CCN1CCCCOC2=CC3=C(C=C2)C=CC(=O)N3)C4=C5C=CSC5=CC=C4,C(C1C(C(C(C(O1)OC2C(OC(C(C2O)O)O)CO)O)O)O)O.O
11978813,123706,0,C1CN(CCN1CCCCOC2=CC3=C(C=C2)C=CC(=O)N3)C4=C5C=CSC5=CC=C4,CCC(C1=C(C=C(C=C1)N(C)C)C)N
11978813,11177,0,C1CN(CCN1CCCCOC2=CC3=C(C=C2)C=CC(=O)N3)C4=C5C=CSC5=CC=C4,CCCCCCCCCCCCCCCCCC(=O)[O-].CCCCCCCCCCCCCCCCCC(=O)[O-].[Mg+2]
11978813,14055602,0,C1CN(CCN1CCCCOC2=CC3=C(C=C2)C=CC(=O)N3)C4=C5C=CSC5=CC=C4,COC1C(OC(C(C1O)O)OC2C(OC(C(C2O)O)OC)CO)CO
11978813,56841934,0,C1CN(CCN1CCCCOC2=CC3=C(C=C2)C=CC(=O)N3)C4=C5C=CSC5=CC=C4,O.O.O.[Fe].[Fe]
11978813,14789,0,C1CN(CCN1CCCCOC2=CC3=C(C=C2)C=CC(=O)N3)C4=C5C=CSC5=CC=C4,O[Fe]=O.O[Fe]=O.[Fe]
11978813,26924,0,C1CN(CCN1CCCCOC2=CC3=C(C=C2)C=CC(=O)N3)C4=C5C=CSC5=CC=C4,O[Si](=O)[O-].O[Si](=O)[O-].[O-][Si](=O)[O-].[O-][Si](=O)[O-].[Mg+2].[Mg+2].[Mg+2]
11978813,518696,0,C1CN(CCN1CCCCOC2=CC3=C(C=C2)C=CC(=O)N3)C4=C5C=CSC5=CC=C4,O=[Fe]O[Fe]=O
11990828,174,0,CN1CCN(CC1)CCCOC2=C(C=C3C(=C2)N=CC(=C3NC4=CC(=C(C=C4Cl)Cl)OC)C#N)OC.O,C(CO)O
11990828,6917,0,CN1CCN(CC1)CCCOC2=C(C=C3C(=C2)N=CC(=C3NC4=CC(=C(C=C4Cl)Cl)OC)C#N)OC.O,C=CN1CCCC1=O
11990828,11199,0,CN1CCN(CC1)CCCOC2=C(C=C3C(=C2)N=CC(=C3NC4=CC(=C(C=C4Cl)Cl)OC)C#N)OC.O,C=CO
11990828,6328154,0,CN1CCN(CC1)CCCOC2=C(C=C3C(=C2)N=CC(=C3NC4=CC(=C(C=C4Cl)Cl)OC)C#N)OC.O,CC(=O)O.C(C(C(C(C(C=O)O)O)O)O)O.[Na]
11990828,11177,0,CN1CCN(CC1)CCCOC2=C(C=C3C(=C2)N=CC(=C3NC4=CC(=C(C=C4Cl)Cl)OC)C#N)OC.O,CCCCCCCCCCCCCCCCCC(=O)[O-].CCCCCCCCCCCCCCCCCC(=O)[O-].[Mg+2]
11990828,22895896,0,CN1CCN(CC1)CCCOC2=C(C=C3C(=C2)N=CC(=C3NC4=CC(=C(C=C4Cl)Cl)OC)C#N)OC.O,CCCOC(C)COCCO
11990828,14055602,0,CN1CCN(CC1)CCCOC2=C(C=C3C(=C2)N=CC(=C3NC4=CC(=C(C=C4Cl)Cl)OC)C#N)OC.O,COC1C(OC(C(C1O)O)OC2C(OC(C(C2O)O)OC)CO)CO
11990828,26924,0,CN1CCN(CC1)CCCOC2=C(C=C3C(=C2)N=CC(=C3NC4=CC(=C(C=C4Cl)Cl)OC)C#N)OC.O,O[Si](=O)[O-].O[Si](=O)[O-].[O-][Si](=O)[O-].[O-][Si](=O)[O-].[Mg+2].[Mg+2].[Mg+2]
11990828,518696,0,CN1CCN(CC1)CCCOC2=C(C=C3C(=C2)N=CC(=C3NC4=CC(=C(C=C4Cl)Cl)OC)C#N)OC.O,O=[Fe]O[Fe]=O
11990828,26042,0,CN1CCN(CC1)CCCOC2=C(C=C3C(=C2)N=CC(=C3NC4=CC(=C(C=C4Cl)Cl)OC)C#N)OC.O,O=[Ti]=O
14055602,516875,1,COC1C(OC(C(C1O)O)OC2C(OC(C(C2O)O)OC)CO)CO,[O-][Mn](=O)(=O)=O.[K+]
14055602,24823,1,COC1C(OC(C(C1O)O)OC2C(OC(C(C2O)O)OC)CO)CO,[O-][O+]=O
15951529,174,0,CC1(C(=O)N(C(=S)N1C2=CC(=C(C=C2)C(=O)NC)F)C3=CC(=C(C=C3)C#N)C(F)(F)F)C,C(CO)O
15951529,6328154,0,CC1(C(=O)N(C(=S)N1C2=CC(=C(C=C2)C(=O)NC)F)C3=CC(=C(C=C3)C#N)C(F)(F)F)C,CC(=O)O.C(C(C(C(C(C=O)O)O)O)O)O.[Na]
15951529,8456,0,CC1(C(=O)N(C(=S)N1C2=CC(=C(C=C2)C(=O)NC)F)C3=CC(=C(C=C3)C#N)C(F)(F)F)C,CC(C)(C)C1=C(C=CC(=C1)OC)O
15951529,121950,0,CC1(C(=O)N(C(=S)N1C2=CC(=C(C=C2)C(=O)NC)F)C3=CC(=C(C=C3)C#N)C(F)(F)F)C,CC(CO)O.CC(=O)O.CO.C(CC(=O)O)C(=O)O
15951529,31404,0,CC1(C(=O)N(C(=S)N1C2=CC(=C(C=C2)C(=O)NC)F)C3=CC(=C(C=C3)C#N)C(F)(F)F)C,CC1=CC(=C(C(=C1)C(C)(C)C)O)C(C)(C)C
15951529,11177,0,CC1(C(=O)N(C(=S)N1C2=CC(=C(C=C2)C(=O)NC)F)C3=CC(=C(C=C3)C#N)C(F)(F)F)C,CCCCCCCCCCCCCCCCCC(=O)[O-].CCCCCCCCCCCCCCCCCC(=O)[O-].[Mg+2]
15951529,14055602,0,CC1(C(=O)N(C(=S)N1C2=CC(=C(C=C2)C(=O)NC)F)C3=CC(=C(C=C3)C#N)C(F)(F)F)C,COC1C(OC(C(C1O)O)OC2C(OC(C(C2O)O)OC)CO)CO
15951529,56841934,0,CC1(C(=O)N(C(=S)N1C2=CC(=C(C=C2)C(=O)NC)F)C3=CC(=C(C=C3)C#N)C(F)(F)F)C,O.O.O.[Fe].[Fe]
15951529,26924,0,CC1(C(=O)N(C(=S)N1C2=CC(=C(C=C2)C(=O)NC)F)C3=CC(=C(C=C3)C#N)C(F)(F)F)C,O[Si](=O)[O-].O[Si](=O)[O-].[O-][Si](=O)[O-].[O-][Si](=O)[O-].[Mg+2].[Mg+2].[Mg+2]
15951529,24261,0,CC1(C(=O)N(C(=S)N1C2=CC(=C(C=C2)C(=O)NC)F)C3=CC(=C(C=C3)C#N)C(F)(F)F)C,O=[Si]=O
15951529,26042,0,CC1(C(=O)N(C(=S)N1C2=CC(=C(C=C2)C(=O)NC)F)C3=CC(=C(C=C3)C#N)C(F)(F)F)C,O=[Ti]=O
16004692,104938,0,CCCNS(=O)(=O)NC1=C(C(=NC=N1)OCCOC2=NC=C(C=N2)Br)C3=CC=C(C=C3)Br,C(C1C(C(C(C(O1)OC2C(OC(C(C2O)O)O)CO)O)O)O)O.O
16004692,6917,0,CCCNS(=O)(=O)NC1=C(C(=NC=N1)OCCOC2=NC=C(C=N2)Br)C3=CC=C(C=C3)Br,C=CN1CCCC1=O
16004692,11199,0,CCCNS(=O)(=O)NC1=C(C(=NC=N1)OCCOC2=NC=C(C=N2)Br)C3=CC=C(C=C3)Br,C=CO
16004692,47932,0,CCCNS(=O)(=O)NC1=C(C(=NC=N1)OCCOC2=NC=C(C=N2)Br)C3=CC=C(C=C3)Br,C1=CC(=C(C=C1N)N)OCCO.Cl.Cl
16004692,5281955,0,CCCNS(=O)(=O)NC1=C(C(=NC=N1)OCCOC2=NC=C(C=N2)Br)C3=CC=C(C=C3)Br,CCCCCCCCC=CCCCCCCCC(=O)OCCOCC(C1C(C(CO1)OCCO)OCCO)OCCO
16004692,5287971,0,CCCNS(=O)(=O)NC1=C(C(=NC=N1)OCCOC2=NC=C(C=N2)Br)C3=CC=C(C=C3)Br,CCCCCCCCCCCCCCCC(=O)OCC(COP(=O)([O-])OCC[N+](C)(C)C)OC(=O)CCCCCCCC=CCC=CCCCCC
16004692,11177,0,CCCNS(=O)(=O)NC1=C(C(=NC=N1)OCCOC2=NC=C(C=N2)Br)C3=CC=C(C=C3)Br,CCCCCCCCCCCCCCCCCC(=O)[O-].CCCCCCCCCCCCCCCCCC(=O)[O-].[Mg+2]
16004692,14055602,0,CCCNS(=O)(=O)NC1=C(C(=NC=N1)OCCOC2=NC=C(C=N2)Br)C3=CC=C(C=C3)Br,COC1C(OC(C(C1O)O)OC2C(OC(C(C2O)O)OC)CO)CO
16004692,26924,0,CCCNS(=O)(=O)NC1=C(C(=NC=N1)OCCOC2=NC=C(C=N2)Br)C3=CC=C(C=C3)Br,O[Si](=O)[O-].O[Si](=O)[O-].[O-][Si](=O)[O-].[O-][Si](=O)[O-].[Mg+2].[Mg+2].[Mg+2]
16004692,26042,0,CCCNS(=O)(=O)NC1=C(C(=NC=N1)OCCOC2=NC=C(C=N2)Br)C3=CC=C(C=C3)Br,O=[Ti]=O
16220172,104938,0,CC(C)(C)C1=CC(=C(C=C1NC(=O)C2=CNC3=CC=CC=C3C2=O)O)C(C)(C)C,C(C1C(C(C(C(O1)OC2C(OC(C(C2O)O)O)CO)O)O)O)O.O
16220172,71485,0,CC(C)(C)C1=CC(=C(C=C1NC(=O)C2=CNC3=CC=CC=C3C2=O)O)C(C)(C)C,C(C1C(C(C(C(O1)OC2(C(C(C(O2)CCl)O)O)CCl)O)O)Cl)O
16220172,6251,0,CC(C)(C)C1=CC(=C(C=C1NC(=O)C2=CNC3=CC=CC=C3C2=O)O)C(C)(C)C,C(C(C(C(C(CO)O)O)O)O)O
16220172,174,0,CC(C)(C)C1=CC(=C(C=C1NC(=O)C2=CNC3=CC=CC=C3C2=O)O)C(C)(C)C,C(CO)O
16220172,6850749,0,CC(C)(C)C1=CC(=C(C=C1NC(=O)C2=CNC3=CC=CC=C3C2=O)O)C(C)(C)C,CC1(C2CCC(C23CC1C(=CC3O)C(=O)O)C(=O)O)CO.C(CCCC(C(CCCCCO)O)O)CCCC(=O)O
16220172,11199,0,CC(C)(C)C1=CC(=C(C=C1NC(=O)C2=CNC3=CC=CC=C3C2=O)O)C(C)(C)C,C=CO
16220172,135436515,0,CC(C)(C)C1=CC(=C(C=C1NC(=O)C2=CNC3=CC=CC=C3C2=O)O)C(C)(C)C,C1=CC2=C(C=C1S(=O)(=O)O)C(=C(N2)C3=NC4=C(C3=O)C=C(C=C4)S(=O)(=O)O)O.[Na+]
16220172,6328154,0,CC(C)(C)C1=CC(=C(C=C1NC(=O)C2=CNC3=CC=CC=C3C2=O)O)C(C)(C)C,CC(=O)O.C(C(C(C(C(C=O)O)O)O)O)O.[Na]
16220172,1030,0,CC(C)(C)C1=CC(=C(C=C1NC(=O)C2=CNC3=CC=CC=C3C2=O)O)C(C)(C)C,CC(CO)O
16220172,121950,0,CC(C)(C)C1=CC(=C(C=C1NC(=O)C2=CNC3=CC=CC=C3C2=O)O)C(C)(C)C,CC(CO)O.CC(=O)O.CO.C(CC(=O)O)C(=O)O
16220172,3423265,0,CC(C)(C)C1=CC(=C(C=C1NC(=O)C2=CNC3=CC=CC=C3C2=O)O)C(C)(C)C,CCCCCCCCCCCCOS(=O)(=O)[O-].[Na+]
16220172,14055602,0,CC(C)(C)C1=CC(=C(C=C1NC(=O)C2=CNC3=CC=CC=C3C2=O)O)C(C)(C)C,COC1C(OC(C(C1O)O)OC2C(OC(C(C2O)O)OC)CO)CO
16220172,26924,0,CC(C)(C)C1=CC(=C(C=C1NC(=O)C2=CNC3=CC=CC=C3C2=O)O)C(C)(C)C,O[Si](=O)[O-].O[Si](=O)[O-].[O-][Si](=O)[O-].[O-][Si](=O)[O-].[Mg+2].[Mg+2].[Mg+2]
16220172,16211978,0,CC(C)(C)C1=CC(=C(C=C1NC(=O)C2=CNC3=CC=CC=C3C2=O)O)C(C)(C)C,O=[Fe].O=[Fe]O[Fe]=O
16757572,104938,0,CC1=C(C=C(C=C1)C(=O)NC2=CC(=CC(=C2)C(F)(F)F)N3C=C(N=C3)C)NC4=NC=CC(=N4)C5=CN=CC=C5.O.Cl,C(C1C(C(C(C(O1)OC2C(OC(C(C2O)O)O)CO)O)O)O)O.O
16757572,131751496,0,CC1=C(C=C(C=C1)C(=O)NC2=CC(=CC(=C2)C(F)(F)F)N3C=C(N=C3)C)NC4=NC=CC(=N4)C5=CN=CC=C5.O.Cl,C1CC(=O)N(C1)C(CP)P
16757572,11177,0,CC1=C(C=C(C=C1)C(=O)NC2=CC(=CC(=C2)C(F)(F)F)N3C=C(N=C3)C)NC4=NC=CC(=N4)C5=CN=CC=C5.O.Cl,CCCCCCCCCCCCCCCCCC(=O)[O-].CCCCCCCCCCCCCCCCCC(=O)[O-].[Mg+2]
16757572,22895896,0,CC1=C(C=C(C=C1)C(=O)NC2=CC(=CC(=C2)C(F)(F)F)N3C=C(N=C3)C)NC4=NC=CC(=N4)C5=CN=CC=C5.O.Cl,CCCOC(C)COCCO
16757572,445709,0,CC1=C(C=C(C=C1)C(=O)NC2=CC(=CC(=C2)C(F)(F)F)N3C=C(N=C3)C)NC4=NC=CC(=N4)C5=CN=CC=C5.O.Cl,O.O.O.[Fe]
16757572,16211978,0,CC1=C(C=C(C=C1)C(=O)NC2=CC(=CC(=C2)C(F)(F)F)N3C=C(N=C3)C)NC4=NC=CC(=N4)C5=CN=CC=C5.O.Cl,O=[Fe].O=[Fe]O[Fe]=O
16757572,24261,0,CC1=C(C=C(C=C1)C(=O)NC2=CC(=CC(=C2)C(F)(F)F)N3C=C(N=C3)C)NC4=NC=CC(=N4)C5=CN=CC=C5.O.Cl,O=[Si]=O
16757572,26042,0,CC1=C(C=C(C=C1)C(=O)NC2=CC(=CC(=C2)C(F)(F)F)N3C=C(N=C3)C)NC4=NC=CC(=N4)C5=CN=CC=C5.O.Cl,O=[Ti]=O
17397714,47932,0,COC1=CC=CC=C1CNC(=O)C2=NOC(=C2)C3=CC=CC=C3,C1=CC(=C(C=C1N)N)OCCO.Cl.Cl
17397714,6328154,0,COC1=CC=CC=C1CNC(=O)C2=NOC(=C2)C3=CC=CC=C3,CC(=O)O.C(C(C(C(C(C=O)O)O)O)O)O.[Na]
17397714,11177,0,COC1=CC=CC=C1CNC(=O)C2=NOC(=C2)C3=CC=CC=C3,CCCCCCCCCCCCCCCCCC(=O)[O-].CCCCCCCCCCCCCCCCCC(=O)[O-].[Mg+2]
17397714,7175,0,COC1=CC=CC=C1CNC(=O)C2=NOC(=C2)C3=CC=CC=C3,CCCOC(=O)C1=CC=C(C=C1)O
17397714,6506,0,COC1=CC=CC=C1CNC(=O)C2=NOC(=C2)C3=CC=CC=C3,CCOC(=O)CC(CC(=O)OCC)(C(=O)OCC)O
17397714,7456,0,COC1=CC=CC=C1CNC(=O)C2=NOC(=C2)C3=CC=CC=C3,COC(=O)C1=CC=C(C=C1)O
17397714,14055602,0,COC1=CC=CC=C1CNC(=O)C2=NOC(=C2)C3=CC=CC=C3,COC1C(OC(C(C1O)O)OC2C(OC(C(C2O)O)OC)CO)CO
17397714,26924,0,COC1=CC=CC=C1CNC(=O)C2=NOC(=C2)C3=CC=CC=C3,O[Si](=O)[O-].O[Si](=O)[O-].[O-][Si](=O)[O-].[O-][Si](=O)[O-].[Mg+2].[Mg+2].[Mg+2]
17397714,24261,0,COC1=CC=CC=C1CNC(=O)C2=NOC(=C2)C3=CC=CC=C3,O=[Si]=O
17397714,26042,0,COC1=CC=CC=C1CNC(=O)C2=NOC(=C2)C3=CC=CC=C3,O=[Ti]=O
17747012,138843,0,CC1=CN=C(C(=C1OC)C)CS(=O)C2=NC3=C([N-]2)C=CC(=C3)OC.CC1=CN=C(C(=C1OC)C)CS(=O)C2=NC3=C([N-]2)C=CC(=C3)OC.O.O.[Mg+2],C#P
17747012,6134,0,CC1=CN=C(C(=C1OC)C)CS(=O)C2=NC3=C([N-]2)C=CC(=C3)OC.CC1=CN=C(C(=C1OC)C)CS(=O)C2=NC3=C([N-]2)C=CC(=C3)OC.O.O.[Mg+2],C(C1C(C(C(C(O1)OC2C(OC(C(C2O)O)O)CO)O)O)O)O
17747012,6917,0,CC1=CN=C(C(=C1OC)C)CS(=O)C2=NC3=C([N-]2)C=CC(=C3)OC.CC1=CN=C(C(=C1OC)C)CS(=O)C2=NC3=C([N-]2)C=CC(=C3)OC.O.O.[Mg+2],C=CN1CCCC1=O
17747012,23706213,0,CC1=CN=C(C(=C1OC)C)CS(=O)C2=NC3=C([N-]2)C=CC(=C3)OC.CC1=CN=C(C(=C1OC)C)CS(=O)C2=NC3=C([N-]2)C=CC(=C3)OC.O.O.[Mg+2],CC(=O)[O-].C(C(C(C(C(C=O)O)O)O)O)O.[Na+]
17747012,11177,0,CC1=CN=C(C(=C1OC)C)CS(=O)C2=NC3=C([N-]2)C=CC(=C3)OC.CC1=CN=C(C(=C1OC)C)CS(=O)C2=NC3=C([N-]2)C=CC(=C3)OC.O.O.[Mg+2],CCCCCCCCCCCCCCCCCC(=O)[O-].CCCCCCCCCCCCCCCCCC(=O)[O-].[Mg+2]
17747012,8567,0,CC1=CN=C(C(=C1OC)C)CS(=O)C2=NC3=C([N-]2)C=CC(=C3)OC.CC1=CN=C(C(=C1OC)C)CS(=O)C2=NC3=C([N-]2)C=CC(=C3)OC.O.O.[Mg+2],CNCC(C(C(C(CO)O)O)O)O
17747012,24261,0,CC1=CN=C(C(=C1OC)C)CS(=O)C2=NC3=C([N-]2)C=CC(=C3)OC.CC1=CN=C(C(=C1OC)C)CS(=O)C2=NC3=C([N-]2)C=CC(=C3)OC.O.O.[Mg+2],O=[Si]=O
23663870,14055602,1,C(CC(=O)[O-])CO.[Na+],COC1C(OC(C(C1O)O)OC2C(OC(C(C2O)O)OC)CO)CO
23663870,6917,0,C(CC(=O)[O-])CO.[Na+],C=CN1CCCC1=O
23663870,23706213,0,C(CC(=O)[O-])CO.[Na+],CC(=O)[O-].C(C(C(C(C(C=O)O)O)O)O)O.[Na+]
23663870,11177,0,C(CC(=O)[O-])CO.[Na+],CCCCCCCCCCCCCCCCCC(=O)[O-].CCCCCCCCCCCCCCCCCC(=O)[O-].[Mg+2]
23663870,24261,0,C(CC(=O)[O-])CO.[Na+],O=[Si]=O
23670359,3037558,0,CCCCCN(C)CCC(O)(P(=O)(O)O)P(=O)(O)[O-].[Na+],C(C1C(C(C(C(O1)OC(C(CO)O)C(C(C=O)O)O)O)O)O)O
23670359,174,0,CCCCCN(C)CCC(O)(P(=O)(O)O)P(=O)(O)[O-].[Na+],C(CO)O
23670359,6917,0,CCCCCN(C)CCC(O)(P(=O)(O)O)P(=O)(O)[O-].[Na+],C=CN1CCCC1=O
23670359,131751496,0,CCCCCN(C)CCC(O)(P(=O)(O)O)P(=O)(O)[O-].[Na+],C1CC(=O)N(C1)C(CP)P
23670359,5281,0,CCCCCN(C)CCC(O)(P(=O)(O)O)P(=O)(O)[O-].[Na+],CCCCCCCCCCCCCCCCCC(=O)O
23670359,14055602,0,CCCCCN(C)CCC(O)(P(=O)(O)O)P(=O)(O)[O-].[Na+],COC1C(OC(C(C1O)O)OC2C(OC(C(C2O)O)OC)CO)CO
23670359,24261,0,CCCCCN(C)CCC(O)(P(=O)(O)O)P(=O)(O)[O-].[Na+],O=[Si]=O
23670359,26042,0,CCCCCN(C)CCC(O)(P(=O)(O)O)P(=O)(O)[O-].[Na+],O=[Ti]=O
23681451,11177,1,CCC(=O)OC(C(C)C)OP(=O)(CCCCC1=CC=CC=C1)CC(=O)N2CC(CC2C(=O)[O-])C3CCCCC3.[Na+],CCCCCCCCCCCCCCCCCC(=O)[O-].CCCCCCCCCCCCCCCCCC(=O)[O-].[Mg+2]
23699544,14798,0,CCOC1=NC2=CC=CC(=C2N1CC3=CC=C(C=C3)C4=CC=CC=C4C5=NOC(=O)[N-]5)C(=O)OCC6=C(OC(=O)O6)C.[K+],[OH-].[Na+]
23699544,6251,0,CCOC1=NC2=CC=CC(=C2N1CC3=CC=C(C=C3)C4=CC=CC=C4C5=NOC(=O)[N-]5)C(=O)OCC6=C(OC(=O)O6)C.[K+],C(C(C(C(C(CO)O)O)O)O)O
23699544,444972,0,CCOC1=NC2=CC=CC(=C2N1CC3=CC=C(C=C3)C4=CC=CC=C4C5=NOC(=O)[N-]5)C(=O)OCC6=C(OC(=O)O6)C.[K+],C(=CC(=O)O)C(=O)O
23699544,6328154,0,CCOC1=NC2=CC=CC(=C2N1CC3=CC=C(C=C3)C4=CC=CC=C4C5=NOC(=O)[N-]5)C(=O)OCC6=C(OC(=O)O6)C.[K+],CC(=O)O.C(C(C(C(C(C=O)O)O)O)O)O.[Na]
23699544,123706,0,CCOC1=NC2=CC=CC(=C2N1CC3=CC=C(C=C3)C4=CC=CC=C4C5=NOC(=O)[N-]5)C(=O)OCC6=C(OC(=O)O6)C.[K+],CCC(C1=C(C=C(C=C1)N(C)C)C)N
23699544,11177,0,CCOC1=NC2=CC=CC(=C2N1CC3=CC=C(C=C3)C4=CC=CC=C4C5=NOC(=O)[N-]5)C(=O)OCC6=C(OC(=O)O6)C.[K+],CCCCCCCCCCCCCCCCCC(=O)[O-].CCCCCCCCCCCCCCCCCC(=O)[O-].[Mg+2]
23699544,14055602,0,CCOC1=NC2=CC=CC(=C2N1CC3=CC=C(C=C3)C4=CC=CC=C4C5=NOC(=O)[N-]5)C(=O)OCC6=C(OC(=O)O6)C.[K+],COC1C(OC(C(C1O)O)OC2C(OC(C(C2O)O)OC)CO)CO
23725083,174,0,CCO.CC(C)CN(CC(C(CC1=CC=CC=C1)NC(=O)OC2COC3C2CCO3)O)S(=O)(=O)C4=CC=C(C=C4)N,C(CO)O
23725083,11199,0,CCO.CC(C)CN(CC(C(CC1=CC=CC=C1)NC(=O)OC2COC3C2CCO3)O)S(=O)(=O)C4=CC=C(C=C4)N,C=CO
23725083,17730,0,CCO.CC(C)CN(CC(C(CC1=CC=CC=C1)NC(=O)OC2COC3C2CCO3)O)S(=O)(=O)C4=CC=C(C=C4)N,C1=CC(=CC=C1N=NC2=C(C=CC3=C2C=CC(=C3)S(=O)(=O)[O-])O)S(=O)(=O)[O-].[Na+].[Na+]
23725083,131751496,0,CCO.CC(C)CN(CC(C(CC1=CC=CC=C1)NC(=O)OC2COC3C2CCO3)O)S(=O)(=O)C4=CC=C(C=C4)N,C1CC(=O)N(C1)C(CP)P
23725083,11177,0,CCO.CC(C)CN(CC(C(CC1=CC=CC=C1)NC(=O)OC2COC3C2CCO3)O)S(=O)(=O)C4=CC=C(C=C4)N,CCCCCCCCCCCCCCCCCC(=O)[O-].CCCCCCCCCCCCCCCCCC(=O)[O-].[Mg+2]
23725083,14055602,0,CCO.CC(C)CN(CC(C(CC1=CC=CC=C1)NC(=O)OC2COC3C2CCO3)O)S(=O)(=O)C4=CC=C(C=C4)N,COC1C(OC(C(C1O)O)OC2C(OC(C(C2O)O)OC)CO)CO
23725083,56841934,0,CCO.CC(C)CN(CC(C(CC1=CC=CC=C1)NC(=O)OC2COC3C2CCO3)O)S(=O)(=O)C4=CC=C(C=C4)N,O.O.O.[Fe].[Fe]
23725083,26924,0,CCO.CC(C)CN(CC(C(CC1=CC=CC=C1)NC(=O)OC2COC3C2CCO3)O)S(=O)(=O)C4=CC=C(C=C4)N,O[Si](=O)[O-].O[Si](=O)[O-].[O-][Si](=O)[O-].[O-][Si](=O)[O-].[Mg+2].[Mg+2].[Mg+2]
23725083,24261,0,CCO.CC(C)CN(CC(C(CC1=CC=CC=C1)NC(=O)OC2COC3C2CCO3)O)S(=O)(=O)C4=CC=C(C=C4)N,O=[Si]=O
23725083,26042,0,CCO.CC(C)CN(CC(C(CC1=CC=CC=C1)NC(=O)OC2COC3C2CCO3)O)S(=O)(=O)C4=CC=C(C=C4)N,O=[Ti]=O
23725625,6850749,0,C1CC1C(=O)N2CCN(CC2)C(=O)C3=C(C=CC(=C3)CC4=NNC(=O)C5=CC=CC=C54)F,CC1(C2CCC(C23CC1C(=CC3O)C(=O)O)C(=O)O)CO.C(CCCC(C(CCCCCO)O)O)CCCC(=O)O
23725625,517044,0,C1CC1C(=O)N2CCN(CC2)C(=O)C3=C(C=CC(=C3)CC4=NNC(=O)C5=CC=CC=C54)F,CC(=O)[O-].[K+]
23725625,14789,0,C1CC1C(=O)N2CCN(CC2)C(=O)C3=C(C=CC(=C3)CC4=NNC(=O)C5=CC=CC=C54)F,O[Fe]=O.O[Fe]=O.[Fe]
23725625,26042,0,C1CC1C(=O)N2CCN(CC2)C(=O)C3=C(C=CC(=C3)CC4=NNC(=O)C5=CC=CC=C54)F,O=[Ti]=O
24755604,174,0,CCCCC(=O)N(CC1=CC=C(C=C1)C2=CC=CC=C2C3=NN=N[N-]3)C(C(C)C)C(=O)[O-].CCOC(=O)C(C)CC(CC1=CC=C(C=C1)C2=CC=CC=C2)NC(=O)CCC(=O)[O-].O.[Na+].[Na+].[Na+],C(CO)O
24755604,131751496,0,CCCCC(=O)N(CC1=CC=C(C=C1)C2=CC=CC=C2C3=NN=N[N-]3)C(C(C)C)C(=O)[O-].CCOC(=O)C(C)CC(CC1=CC=C(C=C1)C2=CC=CC=C2)NC(=O)CCC(=O)[O-].O.[Na+].[Na+].[Na+],C1CC(=O)N(C1)C(CP)P
24755604,11177,0,CCCCC(=O)N(CC1=CC=C(C=C1)C2=CC=CC=C2C3=NN=N[N-]3)C(C(C)C)C(=O)[O-].CCOC(=O)C(C)CC(CC1=CC=C(C=C1)C2=CC=CC=C2)NC(=O)CCC(=O)[O-].O.[Na+].[Na+].[Na+],CCCCCCCCCCCCCCCCCC(=O)[O-].CCCCCCCCCCCCCCCCCC(=O)[O-].[Mg+2]
24755604,14055602,0,CCCCC(=O)N(CC1=CC=C(C=C1)C2=CC=CC=C2C3=NN=N[N-]3)C(C(C)C)C(=O)[O-].CCOC(=O)C(C)CC(CC1=CC=C(C=C1)C2=CC=CC=C2)NC(=O)CCC(=O)[O-].O.[Na+].[Na+].[Na+],COC1C(OC(C(C1O)O)OC2C(OC(C(C2O)O)OC)CO)CO
24755604,56841934,0,CCCCC(=O)N(CC1=CC=C(C=C1)C2=CC=CC=C2C3=NN=N[N-]3)C(C(C)C)C(=O)[O-].CCOC(=O)C(C)CC(CC1=CC=C(C=C1)C2=CC=CC=C2)NC(=O)CCC(=O)[O-].O.[Na+].[Na+].[Na+],O.O.O.[Fe].[Fe]
24755604,26924,0,CCCCC(=O)N(CC1=CC=C(C=C1)C2=CC=CC=C2C3=NN=N[N-]3)C(C(C)C)C(=O)[O-].CCOC(=O)C(C)CC(CC1=CC=C(C=C1)C2=CC=CC=C2)NC(=O)CCC(=O)[O-].O.[Na+].[Na+].[Na+],O[Si](=O)[O-].O[Si](=O)[O-].[O-][Si](=O)[O-].[O-][Si](=O)[O-].[Mg+2].[Mg+2].[Mg+2]
24755604,16211978,0,CCCCC(=O)N(CC1=CC=C(C=C1)C2=CC=CC=C2C3=NN=N[N-]3)C(C(C)C)C(=O)[O-].CCOC(=O)C(C)CC(CC1=CC=C(C=C1)C2=CC=CC=C2)NC(=O)CCC(=O)[O-].O.[Na+].[Na+].[Na+],O=[Fe].O=[Fe]O[Fe]=O
24755604,518696,0,CCCCC(=O)N(CC1=CC=C(C=C1)C2=CC=CC=C2C3=NN=N[N-]3)C(C(C)C)C(=O)[O-].CCOC(=O)C(C)CC(CC1=CC=C(C=C1)C2=CC=CC=C2)NC(=O)CCC(=O)[O-].O.[Na+].[Na+].[Na+],O=[Fe]O[Fe]=O
24755604,24261,0,CCCCC(=O)N(CC1=CC=C(C=C1)C2=CC=CC=C2C3=NN=N[N-]3)C(C(C)C)C(=O)[O-].CCOC(=O)C(C)CC(CC1=CC=C(C=C1)C2=CC=CC=C2)NC(=O)CCC(=O)[O-].O.[Na+].[Na+].[Na+],O=[Si]=O
24755604,26042,0,CCCCC(=O)N(CC1=CC=C(C=C1)C2=CC=CC=C2C3=NN=N[N-]3)C(C(C)C)C(=O)[O-].CCOC(=O)C(C)CC(CC1=CC=C(C=C1)C2=CC=CC=C2)NC(=O)CCC(=O)[O-].O.[Na+].[Na+].[Na+],O=[Ti]=O
24776445,104938,0,CS(=O)(=O)C1=CC(=C(C=C1)C(=O)NC2=CC(=C(C=C2)Cl)C3=CC=CC=N3)Cl,C(C1C(C(C(C(O1)OC2C(OC(C(C2O)O)O)CO)O)O)O)O.O
24776445,6850749,0,CS(=O)(=O)C1=CC(=C(C=C1)C(=O)NC2=CC(=C(C=C2)Cl)C3=CC=CC=N3)Cl,CC1(C2CCC(C23CC1C(=CC3O)C(=O)O)C(=O)O)CO.C(CCCC(C(CCCCCO)O)O)CCCC(=O)O
24776445,6917,0,CS(=O)(=O)C1=CC(=C(C=C1)C(=O)NC2=CC(=C(C=C2)Cl)C3=CC=CC=N3)Cl,C=CN1CCCC1=O
24776445,11177,0,CS(=O)(=O)C1=CC(=C(C=C1)C(=O)NC2=CC(=C(C=C2)Cl)C3=CC=CC=N3)Cl,CCCCCCCCCCCCCCCCCC(=O)[O-].CCCCCCCCCCCCCCCCCC(=O)[O-].[Mg+2]
24776445,3423265,0,CS(=O)(=O)C1=CC(=C(C=C1)C(=O)NC2=CC(=C(C=C2)Cl)C3=CC=CC=N3)Cl,CCCCCCCCCCCCOS(=O)(=O)[O-].[Na+]
24776445,14055602,0,CS(=O)(=O)C1=CC(=C(C=C1)C(=O)NC2=CC(=C(C=C2)Cl)C3=CC=CC=N3)Cl,COC1C(OC(C(C1O)O)OC2C(OC(C(C2O)O)OC)CO)CO
24776445,56841934,0,CS(=O)(=O)C1=CC(=C(C=C1)C(=O)NC2=CC(=C(C=C2)Cl)C3=CC=CC=N3)Cl,O.O.O.[Fe].[Fe]
24776445,26924,0,CS(=O)(=O)C1=CC(=C(C=C1)C(=O)NC2=CC(=C(C=C2)Cl)C3=CC=CC=N3)Cl,O[Si](=O)[O-].O[Si](=O)[O-].[O-][Si](=O)[O-].[O-][Si](=O)[O-].[Mg+2].[Mg+2].[Mg+2]
24776445,16211978,0,CS(=O)(=O)C1=CC(=C(C=C1)C(=O)NC2=CC(=C(C=C2)Cl)C3=CC=CC=N3)Cl,O=[Fe].O=[Fe]O[Fe]=O
24776445,26042,0,CS(=O)(=O)C1=CC(=C(C=C1)C(=O)NC2=CC(=C(C=C2)Cl)C3=CC=CC=N3)Cl,O=[Ti]=O
24785956,6251,0,CC1=C(C(=O)N(C(=O)N1CC2=C(C=CC=C2F)C(F)(F)F)CC(C3=CC=CC=C3)NCCCC(=O)[O-])C4=C(C(=CC=C4)OC)F.[Na+],C(C(C(C(C(CO)O)O)O)O)O
24785956,2735133,0,CC1=C(C(=O)N(C(=O)N1CC2=C(C=CC=C2F)C(F)(F)F)CC(C3=CC=CC=C3)NCCCC(=O)[O-])C4=C(C(=CC=C4)OC)F.[Na+],C(=O)([O-])[O-].O.[Na+].[Na+]
24785956,174,0,CC1=C(C(=O)N(C(=O)N1CC2=C(C=CC=C2F)C(F)(F)F)CC(C3=CC=CC=C3)NCCCC(=O)[O-])C4=C(C(=CC=C4)OC)F.[Na+],C(CO)O
24785956,6917,0,CC1=C(C(=O)N(C(=O)N1CC2=C(C=CC=C2F)C(F)(F)F)CC(C3=CC=CC=C3)NCCCC(=O)[O-])C4=C(C(=CC=C4)OC)F.[Na+],C=CN1CCCC1=O
24785956,11199,0,CC1=C(C(=O)N(C(=O)N1CC2=C(C=CC=C2F)C(F)(F)F)CC(C3=CC=CC=C3)NCCCC(=O)[O-])C4=C(C(=CC=C4)OC)F.[Na+],C=CO
24785956,14950,0,CC1=C(C(=O)N(C(=O)N1CC2=C(C=CC=C2F)C(F)(F)F)CC(C3=CC=CC=C3)NCCCC(=O)[O-])C4=C(C(=CC=C4)OC)F.[Na+],CC1=C2C(=CC(=C1C(=O)O)O)C(=O)C3=C(C2=O)C(=C(C(=C3O)O)C4C(C(C(C(O4)CO)O)O)O)O
24785956,11177,0,CC1=C(C(=O)N(C(=O)N1CC2=C(C=CC=C2F)C(F)(F)F)CC(C3=CC=CC=C3)NCCCC(=O)[O-])C4=C(C(=CC=C4)OC)F.[Na+],CCCCCCCCCCCCCCCCCC(=O)[O-].CCCCCCCCCCCCCCCCCC(=O)[O-].[Mg+2]
24785956,56841934,0,CC1=C(C(=O)N(C(=O)N1CC2=C(C=CC=C2F)C(F)(F)F)CC(C3=CC=CC=C3)NCCCC(=O)[O-])C4=C(C(=CC=C4)OC)F.[Na+],O.O.O.[Fe].[Fe]
24785956,26924,0,CC1=C(C(=O)N(C(=O)N1CC2=C(C=CC=C2F)C(F)(F)F)CC(C3=CC=CC=C3)NCCCC(=O)[O-])C4=C(C(=CC=C4)OC)F.[Na+],O[Si](=O)[O-].O[Si](=O)[O-].[O-][Si](=O)[O-].[O-][Si](=O)[O-].[Mg+2].[Mg+2].[Mg+2]
24785956,26042,0,CC1=C(C(=O)N(C(=O)N1CC2=C(C=CC=C2F)C(F)(F)F)CC(C3=CC=CC=C3)NCCCC(=O)[O-])C4=C(C(=CC=C4)OC)F.[Na+],O=[Ti]=O
24812732,104938,0,CN(C)CCC(C1=CC=CC2=CC=CC=C21)(C(C3=CC=CC=C3)C4=C(N=C5C=CC(=CC5=C4)Br)OC)O.C(=CC(=O)O)C(=O)O,C(C1C(C(C(C(O1)OC2C(OC(C(C2O)O)O)CO)O)O)O)O.O
24812732,86278134,0,CN(C)CCC(C1=CC=CC2=CC=CC=C21)(C(C3=CC=CC=C3)C4=C(N=C5C=CC(=CC5=C4)Br)OC)O.C(=CC(=O)O)C(=O)O,C(C1C(C(C(C(O1)OC2C(OC(C(C2O)O)OCC3C(C(C(C(O3)OC4C(OC(C(C4O)O)OC5C(OC(C(C5O)O)O)CO)CO)O)O)OC6C(C(C(C(O6)CO)OC7C(C(C(C(O7)CO)O)O)O)O)O)CO)O)O)O)O
24812732,6328154,0,CN(C)CCC(C1=CC=CC2=CC=CC=C21)(C(C3=CC=CC=C3)C4=C(N=C5C=CC(=CC5=C4)Br)OC)O.C(=CC(=O)O)C(=O)O,CC(=O)O.C(C(C(C(C(C=O)O)O)O)O)O.[Na]
24812732,24832095,0,CN(C)CCC(C1=CC=CC2=CC=CC=C21)(C(C3=CC=CC=C3)C4=C(N=C5C=CC(=CC5=C4)Br)OC)O.C(=CC(=O)O)C(=O)O,CC(COCC1C(C(C(C(O1)OC)OCC(C)O)OCC(C)O)OC2C(C(C(C(O2)COC)OC3C(C(C(C(O3)CO)OC)O)O)OC)OC)O
24812732,443314,0,CN(C)CCC(C1=CC=CC2=CC=CC=C21)(C(C3=CC=CC=C3)C4=C(N=C5C=CC(=CC5=C4)Br)OC)O.C(=CC(=O)O)C(=O)O,CCCCCCCCCCCC(=O)OCCOCC(C1C(C(CO1)OCCO)OCCO)OCCO
24812732,11177,0,CN(C)CCC(C1=CC=CC2=CC=CC=C21)(C(C3=CC=CC=C3)C4=C(N=C5C=CC(=CC5=C4)Br)OC)O.C(=CC(=O)O)C(=O)O,CCCCCCCCCCCCCCCCCC(=O)[O-].CCCCCCCCCCCCCCCCCC(=O)[O-].[Mg+2]
24812732,14055602,0,CN(C)CCC(C1=CC=CC2=CC=CC=C21)(C(C3=CC=CC=C3)C4=C(N=C5C=CC(=CC5=C4)Br)OC)O.C(=CC(=O)O)C(=O)O,COC1C(OC(C(C1O)O)OC2C(OC(C(C2O)O)OC)CO)CO
24812732,24261,0,CN(C)CCC(C1=CC=CC2=CC=CC=C21)(C(C3=CC=CC=C3)C4=C(N=C5C=CC(=CC5=C4)Br)OC)O.C(=CC(=O)O)C(=O)O,O=[Si]=O
24812758,3037558,0,CC1=C(C=C(C=C1)C2C(C(C(C(O2)CO)O)O)O)CC3=CC=C(S3)C4=CC=C(C=C4)F,C(C1C(C(C(C(O1)OC(C(CO)O)C(C(C=O)O)O)O)O)O)O
24812758,174,0,CC1=C(C=C(C=C1)C2C(C(C(C(O2)CO)O)O)O)CC3=CC=C(S3)C4=CC=C(C=C4)F,C(CO)O
24812758,11199,0,CC1=C(C=C(C=C1)C2C(C(C(C(O2)CO)O)O)O)CC3=CC=C(S3)C4=CC=C(C=C4)F,C=CO
24812758,6328154,0,CC1=C(C=C(C=C1)C2C(C(C(C(O2)CO)O)O)O)CC3=CC=C(S3)C4=CC=C(C=C4)F,CC(=O)O.C(C(C(C(C(C=O)O)O)O)O)O.[Na]
24812758,123706,0,CC1=C(C=C(C=C1)C2C(C(C(C(O2)CO)O)O)O)CC3=CC=C(S3)C4=CC=C(C=C4)F,CCC(C1=C(C=C(C=C1)N(C)C)C)N
24812758,11177,0,CC1=C(C=C(C=C1)C2C(C(C(C(O2)CO)O)O)O)CC3=CC=C(S3)C4=CC=C(C=C4)F,CCCCCCCCCCCCCCCCCC(=O)[O-].CCCCCCCCCCCCCCCCCC(=O)[O-].[Mg+2]
24812758,14055602,0,CC1=C(C=C(C=C1)C2C(C(C(C(O2)CO)O)O)O)CC3=CC=C(S3)C4=CC=C(C=C4)F,COC1C(OC(C(C1O)O)OC2C(OC(C(C2O)O)OC)CO)CO
24812758,26924,0,CC1=C(C=C(C=C1)C2C(C(C(C(O2)CO)O)O)O)CC3=CC=C(S3)C4=CC=C(C=C4)F,O[Si](=O)[O-].O[Si](=O)[O-].[O-][Si](=O)[O-].[O-][Si](=O)[O-].[Mg+2].[Mg+2].[Mg+2]
24812758,518696,0,CC1=C(C=C(C=C1)C2C(C(C(C(O2)CO)O)O)O)CC3=CC=C(S3)C4=CC=C(C=C4)F,O=[Fe]O[Fe]=O
24812758,26042,0,CC1=C(C=C(C=C1)C2C(C(C(C(O2)CO)O)O)O)CC3=CC=C(S3)C4=CC=C(C=C4)F,O=[Ti]=O
24872560,294,0,CNC(=O)C1=C(C=C(C=C1)N2C(=S)N(C(=O)C23CCC3)C4=CC(=C(N=C4)C#N)C(F)(F)F)F,C(C1C(C(C(C(O1)OC2C(OC(C(C2O)O)O)CO)O)O)O)O
24872560,174,0,CNC(=O)C1=C(C=C(C=C1)N2C(=S)N(C(=O)C23CCC3)C4=CC(=C(N=C4)C#N)C(F)(F)F)F,C(CO)O
24872560,11199,0,CNC(=O)C1=C(C=C(C=C1)N2C(=S)N(C(=O)C23CCC3)C4=CC(=C(N=C4)C#N)C(F)(F)F)F,C=CO
24872560,6328154,0,CNC(=O)C1=C(C=C(C=C1)N2C(=S)N(C(=O)C23CCC3)C4=CC(=C(N=C4)C#N)C(F)(F)F)F,CC(=O)O.C(C(C(C(C(C=O)O)O)O)O)O.[Na]
24872560,121950,0,CNC(=O)C1=C(C=C(C=C1)N2C(=S)N(C(=O)C23CCC3)C4=CC(=C(N=C4)C#N)C(F)(F)F)F,CC(CO)O.CC(=O)O.CO.C(CC(=O)O)C(=O)O
24872560,11177,0,CNC(=O)C1=C(C=C(C=C1)N2C(=S)N(C(=O)C23CCC3)C4=CC(=C(N=C4)C#N)C(F)(F)F)F,CCCCCCCCCCCCCCCCCC(=O)[O-].CCCCCCCCCCCCCCCCCC(=O)[O-].[Mg+2]
24872560,14055602,0,CNC(=O)C1=C(C=C(C=C1)N2C(=S)N(C(=O)C23CCC3)C4=CC(=C(N=C4)C#N)C(F)(F)F)F,COC1C(OC(C(C1O)O)OC2C(OC(C(C2O)O)OC)CO)CO
24872560,26924,0,CNC(=O)C1=C(C=C(C=C1)N2C(=S)N(C(=O)C23CCC3)C4=CC(=C(N=C4)C#N)C(F)(F)F)F,O[Si](=O)[O-].O[Si](=O)[O-].[O-][Si](=O)[O-].[O-][Si](=O)[O-].[Mg+2].[Mg+2].[Mg+2]
24872560,16211978,0,CNC(=O)C1=C(C=C(C=C1)N2C(=S)N(C(=O)C23CCC3)C4=CC(=C(N=C4)C#N)C(F)(F)F)F,O=[Fe].O=[Fe]O[Fe]=O
24872560,518696,0,CNC(=O)C1=C(C=C(C=C1)N2C(=S)N(C(=O)C23CCC3)C4=CC(=C(N=C4)C#N)C(F)(F)F)F,O=[Fe]O[Fe]=O
24872560,24261,0,CNC(=O)C1=C(C=C(C=C1)N2C(=S)N(C(=O)C23CCC3)C4=CC(=C(N=C4)C#N)C(F)(F)F)F,O=[Si]=O
24872560,26042,0,CNC(=O)C1=C(C=C(C=C1)N2C(=S)N(C(=O)C23CCC3)C4=CC(=C(N=C4)C#N)C(F)(F)F)F,O=[Ti]=O
24883443,6134,0,[H+].C1=C(N=C(S1)N=C(N)N)CSCCC(=NS(=O)(=O)N)N.[Cl-],C(C1C(C(C(C(O1)OC2C(OC(C(C2O)O)O)CO)O)O)O)O
24883443,516892,0,[H+].C1=C(N=C(S1)N=C(N)N)CSCCC(=NS(=O)(=O)N)N.[Cl-],C(=O)(O)[O-].[Na+]
24883443,311,0,[H+].C1=C(N=C(S1)N=C(N)N)CSCCC(=NS(=O)(=O)N)N.[Cl-],C(C(=O)O)C(CC(=O)O)(C(=O)O)O
24883443,131750926,0,[H+].C1=C(N=C(S1)N=C(N)N)CSCCC(=NS(=O)(=O)N)N.[Cl-],CC(=O)OCC1C(C(C(C(O1)OC2C(C(OC(C2OC3C(C(C(C(O3)CO)OP)O)O)CO)CP)O)OC4C(C(C(C(O4)C(=O)O)OC5C(C(C6C(O5)COC(O6)(C)C(=O)O)O)O)O)O)O)O
24883443,11177,0,[H+].C1=C(N=C(S1)N=C(N)N)CSCCC(=NS(=O)(=O)N)N.[Cl-],CCCCCCCCCCCCCCCCCC(=O)[O-].CCCCCCCCCCCCCCCCCC(=O)[O-].[Mg+2]
24883443,71853,0,[H+].C1=C(N=C(S1)N=C(N)N)CSCCC(=NS(=O)(=O)N)N.[Cl-],COC(=O)NC1C(C(C(OC1OC2C(OC(C(C2O)N)OC3C(OC(C(C3O)N)O)CO)CO)CO)OC4C(C(C(C(O4)CO)OC5C(C(C(C(O5)CO)OC6C(C(C(C(O6)CO)OC7C(C(C(C(O7)CO)OC8C(C(C(C(O8)CO)OC9C(C(C(C(O9)CO)O)O)N)O)N)O)N)O)N)O)N)O)N)O
24906252,3037558,0,CCOC1=CC=C(C=C1)CC2=C(C=CC(=C2)C3C(C(C(C(O3)CO)O)O)O)Cl.CC(CO)O.O,C(C1C(C(C(C(O1)OC(C(CO)O)C(C(C=O)O)O)O)O)O)O
24906252,174,0,CCOC1=CC=C(C=C1)CC2=C(C=CC(=C2)C3C(C(C(C(O3)CO)O)O)O)Cl.CC(CO)O.O,C(CO)O
24906252,11199,0,CCOC1=CC=C(C=C1)CC2=C(C=CC(=C2)C3C(C(C(C(O3)CO)O)O)O)Cl.CC(CO)O.O,C=CO
24906252,131751496,0,CCOC1=CC=C(C=C1)CC2=C(C=CC(=C2)C3C(C(C(C(O3)CO)O)O)O)Cl.CC(CO)O.O,C1CC(=O)N(C1)C(CP)P
24906252,11177,0,CCOC1=CC=C(C=C1)CC2=C(C=CC(=C2)C3C(C(C(C(O3)CO)O)O)O)Cl.CC(CO)O.O,CCCCCCCCCCCCCCCCCC(=O)[O-].CCCCCCCCCCCCCCCCCC(=O)[O-].[Mg+2]
24906252,14055602,0,CCOC1=CC=C(C=C1)CC2=C(C=CC(=C2)C3C(C(C(C(O3)CO)O)O)O)Cl.CC(CO)O.O,COC1C(OC(C(C1O)O)OC2C(OC(C(C2O)O)OC)CO)CO
24906252,445709,0,CCOC1=CC=C(C=C1)CC2=C(C=CC(=C2)C3C(C(C(C(O3)CO)O)O)O)Cl.CC(CO)O.O,O.O.O.[Fe]
24906252,26924,0,CCOC1=CC=C(C=C1)CC2=C(C=CC(=C2)C3C(C(C(C(O3)CO)O)O)O)Cl.CC(CO)O.O,O[Si](=O)[O-].O[Si](=O)[O-].[O-][Si](=O)[O-].[O-][Si](=O)[O-].[Mg+2].[Mg+2].[Mg+2]
24906252,24261,0,CCOC1=CC=C(C=C1)CC2=C(C=CC(=C2)C3C(C(C(C(O3)CO)O)O)O)Cl.CC(CO)O.O,O=[Si]=O
24906252,26042,0,CCOC1=CC=C(C=C1)CC2=C(C=CC(=C2)C3C(C(C(C(O3)CO)O)O)O)Cl.CC(CO)O.O,O=[Ti]=O
24970412,14923,0,CNCC(C(C(C(CO)O)O)O)O.C1=CC2=C(C=C1C(=O)O)OC(=N2)C3=CC(=CC(=C3)Cl)Cl,[NH4+].[OH-]
24970412,5780,0,CNCC(C(C(C(CO)O)O)O)O.C1=CC2=C(C=C1C(=O)O)OC(=N2)C3=CC(=CC(=C3)Cl)Cl,C(C(C(C(C(CO)O)O)O)O)O
24970412,753,0,CNCC(C(C(C(CO)O)O)O)O.C1=CC2=C(C=C1C(=O)O)OC(=N2)C3=CC(=CC(=C3)Cl)Cl,C(C(CO)O)O
24970412,174,0,CNCC(C(C(C(CO)O)O)O)O.C1=CC2=C(C=C1C(=O)O)OC(=N2)C3=CC(=CC(=C3)Cl)Cl,C(CO)O
24970412,161821,0,CNCC(C(C(C(CO)O)O)O)O.C1=CC2=C(C=C1C(=O)O)OC(=N2)C3=CC(=CC(=C3)Cl)Cl,CC(=O)OC=C.C1=CC=C(C(=C1)C(=O)O)C(=O)O
24970412,3776,0,CNCC(C(C(C(CO)O)O)O)O.C1=CC2=C(C=C1C(=O)O)OC(=N2)C3=CC(=CC(=C3)Cl)Cl,CC(C)O
24970412,1030,0,CNCC(C(C(C(CO)O)O)O)O.C1=CC2=C(C=C1C(=O)O)OC(=N2)C3=CC(=CC(=C3)Cl)Cl,CC(CO)O
24970412,14950,0,CNCC(C(C(C(CO)O)O)O)O.C1=CC2=C(C=C1C(=O)O)OC(=N2)C3=CC(=CC(=C3)Cl)Cl,CC1=C2C(=CC(=C1C(=O)O)O)C(=O)C3=C(C2=O)C(=C(C(=C3O)O)C4C(C(C(C(O4)CO)O)O)O)O
24970412,5284448,0,CNCC(C(C(C(CO)O)O)O)O.C1=CC2=C(C=C1C(=O)O)OC(=N2)C3=CC(=CC(=C3)Cl)Cl,CCCCCCCCC=CCCCCCCCC(=O)OCCOCC(C1C(CC(O1)OCCO)OCCO)OCCO
24970412,9920342,0,CNCC(C(C(C(CO)O)O)O)O.C1=CC2=C(C=C1C(=O)O)OC(=N2)C3=CC(=CC(=C3)Cl)Cl,CCCCCCCCC=CCCCCCCCC(=O)OCC(C1C(C(CO1)O)O)O
24970412,19700,0,CNCC(C(C(C(CO)O)O)O)O.C1=CC2=C(C=C1C(=O)O)OC(=N2)C3=CC(=CC(=C3)Cl)Cl,CCN(CC1=CC(=CC=C1)S(=O)(=O)[O-])C2=CC=C(C=C2)C(=C3C=CC(=[N+](CC)CC4=CC(=CC=C4)S(=O)(=O)[O-])C=C3)C5=CC=CC=C5S(=O)(=O)[O-].[Na+].[Na+]
24970412,702,0,CNCC(C(C(C(CO)O)O)O)O.C1=CC2=C(C=C1C(=O)O)OC(=N2)C3=CC(=CC(=C3)Cl)Cl,CCO
24970412,518696,0,CNCC(C(C(C(CO)O)O)O)O.C1=CC2=C(C=C1C(=O)O)OC(=N2)C3=CC(=CC(=C3)Cl)Cl,O=[Fe]O[Fe]=O
24970412,26042,0,CNCC(C(C(C(CO)O)O)O)O.C1=CC2=C(C=C1C(=O)O)OC(=N2)C3=CC(=CC(=C3)Cl)Cl,O=[Ti]=O
25008120,6251,0,CC1(C(=O)N(C2=C(O1)C=CC(=N2)NC3=NC(=NC=C3F)NC4=CC(=C(C(=C4)OC)OC)OC)COP(=O)([O-])[O-])C.[Na+].[Na+],C(C(C(C(C(CO)O)O)O)O)O
25008120,516892,0,CC1(C(=O)N(C2=C(O1)C=CC(=N2)NC3=NC(=NC=C3F)NC4=CC(=C(C(=C4)OC)OC)OC)COP(=O)([O-])[O-])C.[Na+].[Na+],C(=O)(O)[O-].[Na+]
25008120,174,0,CC1(C(=O)N(C2=C(O1)C=CC(=N2)NC3=NC(=NC=C3F)NC4=CC(=C(C(=C4)OC)OC)OC)COP(=O)([O-])[O-])C.[Na+].[Na+],C(CO)O
25008120,6917,0,CC1(C(=O)N(C2=C(O1)C=CC(=N2)NC3=NC(=NC=C3F)NC4=CC(=C(C(=C4)OC)OC)OC)COP(=O)([O-])[O-])C.[Na+].[Na+],C=CN1CCCC1=O
25008120,11199,0,CC1(C(=O)N(C2=C(O1)C=CC(=N2)NC3=NC(=NC=C3F)NC4=CC(=C(C(=C4)OC)OC)OC)COP(=O)([O-])[O-])C.[Na+].[Na+],C=CO
25008120,11177,0,CC1(C(=O)N(C2=C(O1)C=CC(=N2)NC3=NC(=NC=C3F)NC4=CC(=C(C(=C4)OC)OC)OC)COP(=O)([O-])[O-])C.[Na+].[Na+],CCCCCCCCCCCCCCCCCC(=O)[O-].CCCCCCCCCCCCCCCCCC(=O)[O-].[Mg+2]
25008120,56841934,0,CC1(C(=O)N(C2=C(O1)C=CC(=N2)NC3=NC(=NC=C3F)NC4=CC(=C(C(=C4)OC)OC)OC)COP(=O)([O-])[O-])C.[Na+].[Na+],O.O.O.[Fe].[Fe]
25008120,26924,0,CC1(C(=O)N(C2=C(O1)C=CC(=N2)NC3=NC(=NC=C3F)NC4=CC(=C(C(=C4)OC)OC)OC)COP(=O)([O-])[O-])C.[Na+].[Na+],O[Si](=O)[O-].O[Si](=O)[O-].[O-][Si](=O)[O-].[O-][Si](=O)[O-].[Mg+2].[Mg+2].[Mg+2]
25008120,518696,0,CC1(C(=O)N(C2=C(O1)C=CC(=N2)NC3=NC(=NC=C3F)NC4=CC(=C(C(=C4)OC)OC)OC)COP(=O)([O-])[O-])C.[Na+].[Na+],O=[Fe]O[Fe]=O
25008120,26042,0,CC1(C(=O)N(C2=C(O1)C=CC(=N2)NC3=NC(=NC=C3F)NC4=CC(=C(C(=C4)OC)OC)OC)COP(=O)([O-])[O-])C.[Na+].[Na+],O=[Ti]=O
25127112,104938,0,C1CCC(C1)C(CC#N)N2C=C(C=N2)C3=C4C=CNC4=NC=N3.OP(=O)(O)O,C(C1C(C(C(C(O1)OC2C(OC(C(C2O)O)O)CO)O)O)O)O.O
25127112,6917,0,C1CCC(C1)C(CC#N)N2C=C(C=N2)C3=C4C=CNC4=NC=N3.OP(=O)(O)O,C=CN1CCCC1=O
25127112,123706,0,C1CCC(C1)C(CC#N)N2C=C(C=N2)C3=C4C=CNC4=NC=N3.OP(=O)(O)O,CCC(C1=C(C=C(C=C1)N(C)C)C)N
25127112,11177,0,C1CCC(C1)C(CC#N)N2C=C(C=N2)C3=C4C=CNC4=NC=N3.OP(=O)(O)O,CCCCCCCCCCCCCCCCCC(=O)[O-].CCCCCCCCCCCCCCCCCC(=O)[O-].[Mg+2]
25127112,14055602,0,C1CCC(C1)C(CC#N)N2C=C(C=N2)C3=C4C=CNC4=NC=N3.OP(=O)(O)O,COC1C(OC(C(C1O)O)OC2C(OC(C(C2O)O)OC)CO)CO
25127112,24261,0,C1CCC(C1)C(CC#N)N2C=C(C=N2)C3=C4C=CNC4=NC=N3.OP(=O)(O)O,O=[Si]=O
25141092,3037558,0,CN1CCN(CC1)C2=CC(=C(C=C2)C(=O)NC3=NNC4=C3C=C(C=C4)CC5=CC(=CC(=C5)F)F)NC6CCOCC6,C(C1C(C(C(C(O1)OC(C(CO)O)C(C(C=O)O)O)O)O)O)O
25141092,875,0,CN1CCN(CC1)C2=CC(=C(C=C2)C(=O)NC3=NNC4=C3C=C(C=C4)CC5=CC(=CC(=C5)F)F)NC6CCOCC6,C(C(C(=O)O)O)(C(=O)O)O
25141092,6850749,0,CN1CCN(CC1)C2=CC(=C(C=C2)C(=O)NC3=NNC4=C3C=C(C=C4)CC5=CC(=CC(=C5)F)F)NC6CCOCC6,CC1(C2CCC(C23CC1C(=CC3O)C(=O)O)C(=O)O)CO.C(CCCC(C(CCCCCO)O)O)CCCC(=O)O
25141092,2723854,0,CN1CCN(CC1)C2=CC(=C(C=C2)C(=O)NC3=NNC4=C3C=C(C=C4)CC5=CC(=CC(=C5)F)F)NC6CCOCC6,C1=CC2=C(C=C1S(=O)(=O)[O-])C(=C(N2)C3=NC4=C(C3=O)C=C(C=C4)S(=O)(=O)[O-])O.[Na+].[Na+]
25141092,131751496,0,CN1CCN(CC1)C2=CC(=C(C=C2)C(=O)NC3=NNC4=C3C=C(C=C4)CC5=CC(=CC(=C5)F)F)NC6CCOCC6,C1CC(=O)N(C1)C(CP)P
25141092,1030,0,CN1CCN(CC1)C2=CC(=C(C=C2)C(=O)NC3=NNC4=C3C=C(C=C4)CC5=CC(=CC(=C5)F)F)NC6CCOCC6,CC(CO)O
25141092,11177,0,CN1CCN(CC1)C2=CC(=C(C=C2)C(=O)NC3=NNC4=C3C=C(C=C4)CC5=CC(=CC(=C5)F)F)NC6CCOCC6,CCCCCCCCCCCCCCCCCC(=O)[O-].CCCCCCCCCCCCCCCCCC(=O)[O-].[Mg+2]
25141092,14055602,0,CN1CCN(CC1)C2=CC(=C(C=C2)C(=O)NC3=NNC4=C3C=C(C=C4)CC5=CC(=CC(=C5)F)F)NC6CCOCC6,COC1C(OC(C(C1O)O)OC2C(OC(C(C2O)O)OC)CO)CO
25141092,222,0,CN1CCN(CC1)C2=CC(=C(C=C2)C(=O)NC3=NNC4=C3C=C(C=C4)CC5=CC(=CC(=C5)F)F)NC6CCOCC6,N
25141092,445709,0,CN1CCN(CC1)C2=CC(=C(C=C2)C(=O)NC3=NNC4=C3C=C(C=C4)CC5=CC(=CC(=C5)F)F)NC6CCOCC6,O.O.O.[Fe]
25141092,24261,0,CN1CCN(CC1)C2=CC(=C(C=C2)C(=O)NC3=NNC4=C3C=C(C=C4)CC5=CC(=CC(=C5)F)F)NC6CCOCC6,O=[Si]=O
25141092,26042,0,CN1CCN(CC1)C2=CC(=C(C=C2)C(=O)NC3=NNC4=C3C=C(C=C4)CC5=CC(=CC(=C5)F)F)NC6CCOCC6,O=[Ti]=O
25166913,104938,0,CN1CCC(CC1C2=NC3=CC=CC=C3N2)NC(=O)NC4=CC=C(C=C4)C#N,C(C1C(C(C(C(O1)OC2C(OC(C(C2O)O)O)CO)O)O)O)O.O
25166913,174,0,CN1CCC(CC1C2=NC3=CC=CC=C3N2)NC(=O)NC4=CC=C(C=C4)C#N,C(CO)O
25166913,5541,0,CN1CCC(CC1C2=NC3=CC=CC=C3N2)NC(=O)NC4=CC=C(C=C4)C#N,CC(=O)OCC(COC(=O)C)OC(=O)C
25166913,11177,0,CN1CCC(CC1C2=NC3=CC=CC=C3N2)NC(=O)NC4=CC=C(C=C4)C#N,CCCCCCCCCCCCCCCCCC(=O)[O-].CCCCCCCCCCCCCCCCCC(=O)[O-].[Mg+2]
25166913,14055602,0,CN1CCC(CC1C2=NC3=CC=CC=C3N2)NC(=O)NC4=CC=C(C=C4)C#N,COC1C(OC(C(C1O)O)OC2C(OC(C(C2O)O)OC)CO)CO
25166913,56841934,0,CN1CCC(CC1C2=NC3=CC=CC=C3N2)NC(=O)NC4=CC=C(C=C4)C#N,O.O.O.[Fe].[Fe]
25166913,518696,0,CN1CCC(CC1C2=NC3=CC=CC=C3N2)NC(=O)NC4=CC=C(C=C4)C#N,O=[Fe]O[Fe]=O
25166913,26042,0,CN1CCC(CC1C2=NC3=CC=CC=C3N2)NC(=O)NC4=CC=C(C=C4)C#N,O=[Ti]=O
25166913,24441,0,CN1CCC(CC1C2=NC3=CC=CC=C3N2)NC(=O)NC4=CC=C(C=C4)C#N,OP(=O)([O-])[O-].[Ca+2]
42611257,174,0,CCCS(=O)(=O)NC1=C(C(=C(C=C1)F)C(=O)C2=CNC3=C2C=C(C=N3)C4=CC=C(C=C4)Cl)F,C(CO)O
42611257,11199,0,CCCS(=O)(=O)NC1=C(C(=C(C=C1)F)C(=O)C2=CNC3=C2C=C(C=N3)C4=CC=C(C=C4)Cl)F,C=CO
42611257,6328154,0,CCCS(=O)(=O)NC1=C(C(=C(C=C1)F)C(=O)C2=CNC3=C2C=C(C=N3)C4=CC=C(C=C4)Cl)F,CC(=O)O.C(C(C(C(C(C=O)O)O)O)O)O.[Na]
42611257,121950,0,CCCS(=O)(=O)NC1=C(C(=C(C=C1)F)C(=O)C2=CNC3=C2C=C(C=N3)C4=CC=C(C=C4)Cl)F,CC(CO)O.CC(=O)O.CO.C(CC(=O)O)C(=O)O
42611257,123706,0,CCCS(=O)(=O)NC1=C(C(=C(C=C1)F)C(=O)C2=CNC3=C2C=C(C=N3)C4=CC=C(C=C4)Cl)F,CCC(C1=C(C=C(C=C1)N(C)C)C)N
42611257,11177,0,CCCS(=O)(=O)NC1=C(C(=C(C=C1)F)C(=O)C2=CNC3=C2C=C(C=N3)C4=CC=C(C=C4)Cl)F,CCCCCCCCCCCCCCCCCC(=O)[O-].CCCCCCCCCCCCCCCCCC(=O)[O-].[Mg+2]
42611257,56841934,0,CCCS(=O)(=O)NC1=C(C(=C(C=C1)F)C(=O)C2=CNC3=C2C=C(C=N3)C4=CC=C(C=C4)Cl)F,O.O.O.[Fe].[Fe]
42611257,26924,0,CCCS(=O)(=O)NC1=C(C(=C(C=C1)F)C(=O)C2=CNC3=C2C=C(C=N3)C4=CC=C(C=C4)Cl)F,O[Si](=O)[O-].O[Si](=O)[O-].[O-][Si](=O)[O-].[O-][Si](=O)[O-].[Mg+2].[Mg+2].[Mg+2]
42611257,24261,0,CCCS(=O)(=O)NC1=C(C(=C(C=C1)F)C(=O)C2=CNC3=C2C=C(C=N3)C4=CC=C(C=C4)Cl)F,O=[Si]=O
42611257,26042,0,CCCS(=O)(=O)NC1=C(C(=C(C=C1)F)C(=O)C2=CNC3=C2C=C(C=N3)C4=CC=C(C=C4)Cl)F,O=[Ti]=O
44472635,104938,0,C1CC(NC1CC2=CC=C(C=C2)NC(=O)C3CCC4=NC=CC(=O)N34)C(C5=CC=CC=C5)O,C(C1C(C(C(C(O1)OC2C(OC(C(C2O)O)O)CO)O)O)O)O.O
44472635,6251,0,C1CC(NC1CC2=CC=C(C=C2)NC(=O)C3CCC4=NC=CC(=O)N34)C(C5=CC=CC=C5)O,C(C(C(C(C(CO)O)O)O)O)O
44472635,2723854,0,C1CC(NC1CC2=CC=C(C=C2)NC(=O)C3CCC4=NC=CC(=O)N34)C(C5=CC=CC=C5)O,C1=CC2=C(C=C1S(=O)(=O)[O-])C(=C(N2)C3=NC4=C(C3=O)C=C(C=C4)S(=O)(=O)[O-])O.[Na+].[Na+]
44472635,6328154,0,C1CC(NC1CC2=CC=C(C=C2)NC(=O)C3CCC4=NC=CC(=O)N34)C(C5=CC=CC=C5)O,CC(=O)O.C(C(C(C(C(C=O)O)O)O)O)O.[Na]
44472635,5541,0,C1CC(NC1CC2=CC=C(C=C2)NC(=O)C3CCC4=NC=CC(=O)N34)C(C5=CC=CC=C5)O,CC(=O)OCC(COC(=O)C)OC(=O)C
44472635,123706,0,C1CC(NC1CC2=CC=C(C=C2)NC(=O)C3CCC4=NC=CC(=O)N34)C(C5=CC=CC=C5)O,CCC(C1=C(C=C(C=C1)N(C)C)C)N
44472635,11177,0,C1CC(NC1CC2=CC=C(C=C2)NC(=O)C3CCC4=NC=CC(=O)N34)C(C5=CC=CC=C5)O,CCCCCCCCCCCCCCCCCC(=O)[O-].CCCCCCCCCCCCCCCCCC(=O)[O-].[Mg+2]
44472635,14055602,0,C1CC(NC1CC2=CC=C(C=C2)NC(=O)C3CCC4=NC=CC(=O)N34)C(C5=CC=CC=C5)O,COC1C(OC(C(C1O)O)OC2C(OC(C(C2O)O)OC)CO)CO
44472635,518696,0,C1CC(NC1CC2=CC=C(C=C2)NC(=O)C3CCC4=NC=CC(=O)N34)C(C5=CC=CC=C5)O,O=[Fe]O[Fe]=O
44472635,26042,0,C1CC(NC1CC2=CC=C(C=C2)NC(=O)C3CCC4=NC=CC(=O)N34)C(C5=CC=CC=C5)O,O=[Ti]=O
44516822,14923,0,CC(C)(C)C1=NC(=C(S1)C2=NC(=NC=C2)N)C3=C(C(=CC=C3)NS(=O)(=O)C4=C(C=CC=C4F)F)F.CS(=O)(=O)O,[NH4+].[OH-]
44516822,3776,0,CC(C)(C)C1=NC(=C(S1)C2=NC(=NC=C2)N)C3=C(C(=CC=C3)NS(=O)(=O)C4=C(C=CC=C4F)F)F.CS(=O)(=O)O,CC(C)O
44516822,1030,0,CC(C)(C)C1=NC(=C(S1)C2=NC(=NC=C2)N)C3=C(C(=CC=C3)NS(=O)(=O)C4=C(C=CC=C4F)F)F.CS(=O)(=O)O,CC(CO)O
44516822,11177,0,CC(C)(C)C1=NC(=C(S1)C2=NC(=NC=C2)N)C3=C(C(=CC=C3)NS(=O)(=O)C4=C(C=CC=C4F)F)F.CS(=O)(=O)O,CCCCCCCCCCCCCCCCCC(=O)[O-].CCCCCCCCCCCCCCCCCC(=O)[O-].[Mg+2]
44516822,263,0,CC(C)(C)C1=NC(=C(S1)C2=NC(=NC=C2)N)C3=C(C(=CC=C3)NS(=O)(=O)C4=C(C=CC=C4F)F)F.CS(=O)(=O)O,CCCCO
44516822,14055602,0,CC(C)(C)C1=NC(=C(S1)C2=NC(=NC=C2)N)C3=C(C(=CC=C3)NS(=O)(=O)C4=C(C=CC=C4F)F)F.CS(=O)(=O)O,COC1C(OC(C(C1O)O)OC2C(OC(C(C2O)O)OC)CO)CO
44516822,56841934,0,CC(C)(C)C1=NC(=C(S1)C2=NC(=NC=C2)N)C3=C(C(=CC=C3)NS(=O)(=O)C4=C(C=CC=C4F)F)F.CS(=O)(=O)O,O.O.O.[Fe].[Fe]
44516822,16211978,0,CC(C)(C)C1=NC(=C(S1)C2=NC(=NC=C2)N)C3=C(C(=CC=C3)NS(=O)(=O)C4=C(C=CC=C4F)F)F.CS(=O)(=O)O,O=[Fe].O=[Fe]O[Fe]=O
44516822,24261,0,CC(C)(C)C1=NC(=C(S1)C2=NC(=NC=C2)N)C3=C(C(=CC=C3)NS(=O)(=O)C4=C(C=CC=C4F)F)F.CS(=O)(=O)O,O=[Si]=O
44516822,26042,0,CC(C)(C)C1=NC(=C(S1)C2=NC(=NC=C2)N)C3=C(C(=CC=C3)NS(=O)(=O)C4=C(C=CC=C4F)F)F.CS(=O)(=O)O,O=[Ti]=O
44610678,6251,0,CC1=CC=C(C=C1)S(=O)(=O)O.CN1CCC2=C(C1)SC(=N2)C(=O)NC3CC(CCC3NC(=O)C(=O)NC4=NC=C(C=C4)Cl)C(=O)N(C)C,C(C(C(C(C(CO)O)O)O)O)O
44610678,4134690,0,CC1=CC=C(C=C1)S(=O)(=O)O.CN1CCC2=C(C1)SC(=N2)C(=O)NC3CC(CCC3NC(=O)C(=O)NC4=NC=C(C=C4)Cl)C(=O)N(C)C,C(CCCCCCCCCCO)CCCCCCCCCO
44610678,174,0,CC1=CC=C(C=C1)S(=O)(=O)O.CN1CCC2=C(C1)SC(=N2)C(=O)NC3CC(CCC3NC(=O)C(=O)NC4=NC=C(C=C4)Cl)C(=O)N(C)C,C(CO)O
44610678,131751496,0,CC1=CC=C(C=C1)S(=O)(=O)O.CN1CCC2=C(C1)SC(=N2)C(=O)NC3CC(CCC3NC(=O)C(=O)NC4=NC=C(C=C4)Cl)C(=O)N(C)C,C1CC(=O)N(C1)C(CP)P
44610678,123706,0,CC1=CC=C(C=C1)S(=O)(=O)O.CN1CCC2=C(C1)SC(=N2)C(=O)NC3CC(CCC3NC(=O)C(=O)NC4=NC=C(C=C4)Cl)C(=O)N(C)C,CCC(C1=C(C=C(C=C1)N(C)C)C)N
44610678,11177,0,CC1=CC=C(C=C1)S(=O)(=O)O.CN1CCC2=C(C1)SC(=N2)C(=O)NC3CC(CCC3NC(=O)C(=O)NC4=NC=C(C=C4)Cl)C(=O)N(C)C,CCCCCCCCCCCCCCCCCC(=O)[O-].CCCCCCCCCCCCCCCCCC(=O)[O-].[Mg+2]
44610678,56841934,0,CC1=CC=C(C=C1)S(=O)(=O)O.CN1CCC2=C(C1)SC(=N2)C(=O)NC3CC(CCC3NC(=O)C(=O)NC4=NC=C(C=C4)Cl)C(=O)N(C)C,O.O.O.[Fe].[Fe]
44610678,26924,0,CC1=CC=C(C=C1)S(=O)(=O)O.CN1CCC2=C(C1)SC(=N2)C(=O)NC3CC(CCC3NC(=O)C(=O)NC4=NC=C(C=C4)Cl)C(=O)N(C)C,O[Si](=O)[O-].O[Si](=O)[O-].[O-][Si](=O)[O-].[O-][Si](=O)[O-].[Mg+2].[Mg+2].[Mg+2]
44610678,518696,0,CC1=CC=C(C=C1)S(=O)(=O)O.CN1CCC2=C(C1)SC(=N2)C(=O)NC3CC(CCC3NC(=O)C(=O)NC4=NC=C(C=C4)Cl)C(=O)N(C)C,O=[Fe]O[Fe]=O
44610678,26042,0,CC1=CC=C(C=C1)S(=O)(=O)O.CN1CCC2=C(C1)SC(=N2)C(=O)NC3CC(CCC3NC(=O)C(=O)NC4=NC=C(C=C4)Cl)C(=O)N(C)C,O=[Ti]=O
44630049,14798,1,C1(C(C(OC(C1O)OC2C(C(C(OC2C(=O)O)OC3C(C(C(OC3C(=O)[O-])O)O)O)O)O)C(=O)[O-])O)O.[Ca+2],[OH-].[Na+]
45138699,14923,0,CC1CN(CC(O1)C)C2=NC=C(C=C2)NC(=O)C3=CC=CC(=C3C)C4=CC=C(C=C4)OC(F)(F)F.OP(=O)(O)O.OP(=O)(O)O,[NH4+].[OH-]
45138699,104938,0,CC1CN(CC(O1)C)C2=NC=C(C=C2)NC(=O)C3=CC=CC(=C3C)C4=CC=C(C=C4)OC(F)(F)F.OP(=O)(O)O.OP(=O)(O)O,C(C1C(C(C(C(O1)OC2C(OC(C(C2O)O)O)CO)O)O)O)O.O
45138699,6850749,0,CC1CN(CC(O1)C)C2=NC=C(C=C2)NC(=O)C3=CC=CC(=C3C)C4=CC=C(C=C4)OC(F)(F)F.OP(=O)(O)O.OP(=O)(O)O,CC1(C2CCC(C23CC1C(=CC3O)C(=O)O)C(=O)O)CO.C(CCCC(C(CCCCCO)O)O)CCCC(=O)O
45138699,131751496,0,CC1CN(CC(O1)C)C2=NC=C(C=C2)NC(=O)C3=CC=CC(=C3C)C4=CC=C(C=C4)OC(F)(F)F.OP(=O)(O)O.OP(=O)(O)O,C1CC(=O)N(C1)C(CP)P
45138699,1030,0,CC1CN(CC(O1)C)C2=NC=C(C=C2)NC(=O)C3=CC=CC(=C3C)C4=CC=C(C=C4)OC(F)(F)F.OP(=O)(O)O.OP(=O)(O)O,CC(CO)O
45138699,11177,0,CC1CN(CC(O1)C)C2=NC=C(C=C2)NC(=O)C3=CC=CC(=C3C)C4=CC=C(C=C4)OC(F)(F)F.OP(=O)(O)O.OP(=O)(O)O,CCCCCCCCCCCCCCCCCC(=O)[O-].CCCCCCCCCCCCCCCCCC(=O)[O-].[Mg+2]
45138699,3423265,0,CC1CN(CC(O1)C)C2=NC=C(C=C2)NC(=O)C3=CC=CC(=C3C)C4=CC=C(C=C4)OC(F)(F)F.OP(=O)(O)O.OP(=O)(O)O,CCCCCCCCCCCCOS(=O)(=O)[O-].[Na+]
45138699,56841934,0,CC1CN(CC(O1)C)C2=NC=C(C=C2)NC(=O)C3=CC=CC(=C3C)C4=CC=C(C=C4)OC(F)(F)F.OP(=O)(O)O.OP(=O)(O)O,O.O.O.[Fe].[Fe]
45138699,16211978,0,CC1CN(CC(O1)C)C2=NC=C(C=C2)NC(=O)C3=CC=CC(=C3C)C4=CC=C(C=C4)OC(F)(F)F.OP(=O)(O)O.OP(=O)(O)O,O=[Fe].O=[Fe]O[Fe]=O
45138699,24261,0,CC1CN(CC(O1)C)C2=NC=C(C=C2)NC(=O)C3=CC=CC(=C3C)C4=CC=C(C=C4)OC(F)(F)F.OP(=O)(O)O.OP(=O)(O)O,O=[Si]=O
45138699,26042,0,CC1CN(CC(O1)C)C2=NC=C(C=C2)NC(=O)C3=CC=CC(=C3C)C4=CC=C(C=C4)OC(F)(F)F.OP(=O)(O)O.OP(=O)(O)O,O=[Ti]=O
45375808,6251,0,CC(C)OC(=O)C(C)NP(=O)(OCC1C(C(C(O1)N2C=CC(=O)NC2=O)(C)F)O)OC3=CC=CC=C3,C(C(C(C(C(CO)O)O)O)O)O
45375808,174,0,CC(C)OC(=O)C(C)NP(=O)(OCC1C(C(C(O1)N2C=CC(=O)NC2=O)(C)F)O)OC3=CC=CC=C3,C(CO)O
45375808,11199,0,CC(C)OC(=O)C(C)NP(=O)(OCC1C(C(C(O1)N2C=CC(=O)NC2=O)(C)F)O)OC3=CC=CC=C3,C=CO
45375808,6328154,0,CC(C)OC(=O)C(C)NP(=O)(OCC1C(C(C(O1)N2C=CC(=O)NC2=O)(C)F)O)OC3=CC=CC=C3,CC(=O)O.C(C(C(C(C(C=O)O)O)O)O)O.[Na]
45375808,11177,0,CC(C)OC(=O)C(C)NP(=O)(OCC1C(C(C(O1)N2C=CC(=O)NC2=O)(C)F)O)OC3=CC=CC=C3,CCCCCCCCCCCCCCCCCC(=O)[O-].CCCCCCCCCCCCCCCCCC(=O)[O-].[Mg+2]
45375808,14055602,0,CC(C)OC(=O)C(C)NP(=O)(OCC1C(C(C(O1)N2C=CC(=O)NC2=O)(C)F)O)OC3=CC=CC=C3,COC1C(OC(C(C1O)O)OC2C(OC(C(C2O)O)OC)CO)CO
45375808,445709,0,CC(C)OC(=O)C(C)NP(=O)(OCC1C(C(C(O1)N2C=CC(=O)NC2=O)(C)F)O)OC3=CC=CC=C3,O.O.O.[Fe]
45375808,26924,0,CC(C)OC(=O)C(C)NP(=O)(OCC1C(C(C(O1)N2C=CC(=O)NC2=O)(C)F)O)OC3=CC=CC=C3,O[Si](=O)[O-].O[Si](=O)[O-].[O-][Si](=O)[O-].[O-][Si](=O)[O-].[Mg+2].[Mg+2].[Mg+2]
45375808,24261,0,CC(C)OC(=O)C(C)NP(=O)(OCC1C(C(C(O1)N2C=CC(=O)NC2=O)(C)F)O)OC3=CC=CC=C3,O=[Si]=O
45375808,26042,0,CC(C)OC(=O)C(C)NP(=O)(OCC1C(C(C(O1)N2C=CC(=O)NC2=O)(C)F)O)OC3=CC=CC=C3,O=[Ti]=O
46188928,26042,0,C1CC(N(C1)C2=NC3=C(C=NN3C=C2)NC(=O)N4CCC(C4)O)C5=C(C=CC(=C5)F)F,O=[Ti]=O
46215800,104938,0,CC1COC2N1C(=O)C3=C(C(=O)C(=CN3C2)C(=O)NCC4=C(C=C(C=C4)F)F)[O-].[Na+],C(C1C(C(C(C(O1)OC2C(OC(C(C2O)O)O)CO)O)O)O)O.O
46215800,174,0,CC1COC2N1C(=O)C3=C(C(=O)C(=CN3C2)C(=O)NCC4=C(C=C(C=C4)F)F)[O-].[Na+],C(CO)O
46215800,11177,0,CC1COC2N1C(=O)C3=C(C(=O)C(=CN3C2)C(=O)NCC4=C(C=C(C=C4)F)F)[O-].[Na+],CCCCCCCCCCCCCCCCCC(=O)[O-].CCCCCCCCCCCCCCCCCC(=O)[O-].[Mg+2]
46215800,14055602,0,CC1COC2N1C(=O)C3=C(C(=O)C(=CN3C2)C(=O)NCC4=C(C=C(C=C4)F)F)[O-].[Na+],COC1C(OC(C(C1O)O)OC2C(OC(C(C2O)O)OC)CO)CO
46215800,26042,0,CC1COC2N1C(=O)C3=C(C(=O)C(=CN3C2)C(=O)NCC4=C(C=C(C=C4)F)F)[O-].[Na+],O=[Ti]=O
46216142,71485,0,CC1CCOC2N1C(=O)C3=C(C(=O)C(=CN3C2)C(=O)NCC4=C(C=C(C=C4)F)F)[O-].[Na+],C(C1C(C(C(C(O1)OC2(C(C(C(O2)CCl)O)O)CCl)O)O)Cl)O
46216142,6251,0,CC1CCOC2N1C(=O)C3=C(C(=O)C(=CN3C2)C(=O)NCC4=C(C=C(C=C4)F)F)[O-].[Na+],C(C(C(C(C(CO)O)O)O)O)O
46216142,24261,0,CC1CCOC2N1C(=O)C3=C(C(=O)C(=CN3C2)C(=O)NCC4=C(C=C(C=C4)F)F)[O-].[Na+],O=[Si]=O
46216142,294,0,CC1CCOC2N1C(=O)C3=C(C(=O)C(=CN3C2)C(=O)NCC4=C(C=C(C=C4)F)F)[O-].[Na+],C(C1C(C(C(C(O1)OC2C(OC(C(C2O)O)O)CO)O)O)O)O
46216142,174,0,CC1CCOC2N1C(=O)C3=C(C(=O)C(=CN3C2)C(=O)NCC4=C(C=C(C=C4)F)F)[O-].[Na+],C(CO)O
46216142,6917,0,CC1CCOC2N1C(=O)C3=C(C(=O)C(=CN3C2)C(=O)NCC4=C(C=C(C=C4)F)F)[O-].[Na+],C=CN1CCCC1=O
46216142,57503849,0,CC1CCOC2N1C(=O)C3=C(C(=O)C(=CN3C2)C(=O)NCC4=C(C=C(C=C4)F)F)[O-].[Na+],CC(COCC1C(C(C(C(O1)OC2C(OC(C(C2OCC(C)O)OCC(C)O)OCC(C)O)COCC(C)O)OCC(C)O)OCC(C)O)OCC(C)O)O.COCC1C(C(C(C(O1)OC2C(OC(C(C2OC)OC)OC)COC)OC)OC)OC
46216142,11199,0,CC1CCOC2N1C(=O)C3=C(C(=O)C(=CN3C2)C(=O)NCC4=C(C=C(C=C4)F)F)[O-].[Na+],C=CO
46216142,131751496,0,CC1CCOC2N1C(=O)C3=C(C(=O)C(=CN3C2)C(=O)NCC4=C(C=C(C=C4)F)F)[O-].[Na+],C1CC(=O)N(C1)C(CP)P
46216142,23665634,0,CC1CCOC2N1C(=O)C3=C(C(=O)C(=CN3C2)C(=O)NCC4=C(C=C(C=C4)F)F)[O-].[Na+],CCCCCCCCCCCCCCCCCCOC(=O)C=CC(=O)[O-].[Na+]
46216142,14055602,0,CC1CCOC2N1C(=O)C3=C(C(=O)C(=CN3C2)C(=O)NCC4=C(C=C(C=C4)F)F)[O-].[Na+],COC1C(OC(C(C1O)O)OC2C(OC(C(C2O)O)OC)CO)CO
46216142,14945,0,CC1CCOC2N1C(=O)C3=C(C(=O)C(=CN3C2)C(=O)NCC4=C(C=C(C=C4)F)F)[O-].[Na+],O=[Fe]
46216142,24928,0,CC1CCOC2N1C(=O)C3=C(C(=O)C(=CN3C2)C(=O)NCC4=C(C=C(C=C4)F)F)[O-].[Na+],O.O.[O-]S(=O)(=O)[O-].[Ca+2]
46216142,26924,0,CC1CCOC2N1C(=O)C3=C(C(=O)C(=CN3C2)C(=O)NCC4=C(C=C(C=C4)F)F)[O-].[Na+],O[Si](=O)[O-].O[Si](=O)[O-].[O-][Si](=O)[O-].[O-][Si](=O)[O-].[Mg+2].[Mg+2].[Mg+2]
46216142,518696,0,CC1CCOC2N1C(=O)C3=C(C(=O)C(=CN3C2)C(=O)NCC4=C(C=C(C=C4)F)F)[O-].[Na+],O=[Fe]O[Fe]=O
46216142,26042,0,CC1CCOC2N1C(=O)C3=C(C(=O)C(=CN3C2)C(=O)NCC4=C(C=C(C=C4)F)F)[O-].[Na+],O=[Ti]=O
46700777,104938,0,CCC1=C(C=CC(=C1)C(=NOCC2=CC(=C(C=C2)C3CCCCC3)C(F)(F)F)C)CN4CC(C4)C(=O)O.CCC1=C(C=CC(=C1)C(=NOCC2=CC(=C(C=C2)C3CCCCC3)C(F)(F)F)C)CN4CC(C4)C(=O)O.C(=CC(=O)O)C(=O)O,C(C1C(C(C(C(O1)OC2C(OC(C(C2O)O)O)CO)O)O)O)O.O
46700777,11199,0,CCC1=C(C=CC(=C1)C(=NOCC2=CC(=C(C=C2)C3CCCCC3)C(F)(F)F)C)CN4CC(C4)C(=O)O.CCC1=C(C=CC(=C1)C(=NOCC2=CC(=C(C=C2)C3CCCCC3)C(F)(F)F)C)CN4CC(C4)C(=O)O.C(=CC(=O)O)C(=O)O,C=CO
46700777,47932,0,CCC1=C(C=CC(=C1)C(=NOCC2=CC(=C(C=C2)C3CCCCC3)C(F)(F)F)C)CN4CC(C4)C(=O)O.CCC1=C(C=CC(=C1)C(=NOCC2=CC(=C(C=C2)C3CCCCC3)C(F)(F)F)C)CN4CC(C4)C(=O)O.C(=CC(=O)O)C(=O)O,C1=CC(=C(C=C1N)N)OCCO.Cl.Cl
46700777,131751496,0,CCC1=C(C=CC(=C1)C(=NOCC2=CC(=C(C=C2)C3CCCCC3)C(F)(F)F)C)CN4CC(C4)C(=O)O.CCC1=C(C=CC(=C1)C(=NOCC2=CC(=C(C=C2)C3CCCCC3)C(F)(F)F)C)CN4CC(C4)C(=O)O.C(=CC(=O)O)C(=O)O,C1CC(=O)N(C1)C(CP)P
46700777,6438359,0,CCC1=C(C=CC(=C1)C(=NOCC2=CC(=C(C=C2)C3CCCCC3)C(F)(F)F)C)CN4CC(C4)C(=O)O.CCC1=C(C=CC(=C1)C(=NOCC2=CC(=C(C=C2)C3CCCCC3)C(F)(F)F)C)CN4CC(C4)C(=O)O.C(=CC(=O)O)C(=O)O,CCCCCCCCCCCCCCCC(=O)OCC(COP(=O)([O-])OCC[N+](C)(C)C)OC(=O)CCCCCCCC=CCC=CCCCCC
46700777,5362585,0,CCC1=C(C=CC(=C1)C(=NOCC2=CC(=C(C=C2)C3CCCCC3)C(F)(F)F)C)CN4CC(C4)C(=O)O.CCC1=C(C=CC(=C1)C(=NOCC2=CC(=C(C=C2)C3CCCCC3)C(F)(F)F)C)CN4CC(C4)C(=O)O.C(=CC(=O)O)C(=O)O,CCCCCCCCCCCCCCCCCCCCCC(=O)OCC(CO)O
46700777,14055602,0,CCC1=C(C=CC(=C1)C(=NOCC2=CC(=C(C=C2)C3CCCCC3)C(F)(F)F)C)CN4CC(C4)C(=O)O.CCC1=C(C=CC(=C1)C(=NOCC2=CC(=C(C=C2)C3CCCCC3)C(F)(F)F)C)CN4CC(C4)C(=O)O.C(=CC(=O)O)C(=O)O,COC1C(OC(C(C1O)O)OC2C(OC(C(C2O)O)OC)CO)CO
46700777,56841934,0,CCC1=C(C=CC(=C1)C(=NOCC2=CC(=C(C=C2)C3CCCCC3)C(F)(F)F)C)CN4CC(C4)C(=O)O.CCC1=C(C=CC(=C1)C(=NOCC2=CC(=C(C=C2)C3CCCCC3)C(F)(F)F)C)CN4CC(C4)C(=O)O.C(=CC(=O)O)C(=O)O,O.O.O.[Fe].[Fe]
46700777,26924,0,CCC1=C(C=CC(=C1)C(=NOCC2=CC(=C(C=C2)C3CCCCC3)C(F)(F)F)C)CN4CC(C4)C(=O)O.CCC1=C(C=CC(=C1)C(=NOCC2=CC(=C(C=C2)C3CCCCC3)C(F)(F)F)C)CN4CC(C4)C(=O)O.C(=CC(=O)O)C(=O)O,O[Si](=O)[O-].O[Si](=O)[O-].[O-][Si](=O)[O-].[O-][Si](=O)[O-].[Mg+2].[Mg+2].[Mg+2]
46700777,16211978,0,CCC1=C(C=CC(=C1)C(=NOCC2=CC(=C(C=C2)C3CCCCC3)C(F)(F)F)C)CN4CC(C4)C(=O)O.CCC1=C(C=CC(=C1)C(=NOCC2=CC(=C(C=C2)C3CCCCC3)C(F)(F)F)C)CN4CC(C4)C(=O)O.C(=CC(=O)O)C(=O)O,O=[Fe].O=[Fe]O[Fe]=O
46700777,518696,0,CCC1=C(C=CC(=C1)C(=NOCC2=CC(=C(C=C2)C3CCCCC3)C(F)(F)F)C)CN4CC(C4)C(=O)O.CCC1=C(C=CC(=C1)C(=NOCC2=CC(=C(C=C2)C3CCCCC3)C(F)(F)F)C)CN4CC(C4)C(=O)O.C(=CC(=O)O)C(=O)O,O=[Fe]O[Fe]=O
46700777,24261,0,CCC1=C(C=CC(=C1)C(=NOCC2=CC(=C(C=C2)C3CCCCC3)C(F)(F)F)C)CN4CC(C4)C(=O)O.CCC1=C(C=CC(=C1)C(=NOCC2=CC(=C(C=C2)C3CCCCC3)C(F)(F)F)C)CN4CC(C4)C(=O)O.C(=CC(=O)O)C(=O)O,O=[Si]=O
46700777,26042,0,CCC1=C(C=CC(=C1)C(=NOCC2=CC(=C(C=C2)C3CCCCC3)C(F)(F)F)C)CN4CC(C4)C(=O)O.CCC1=C(C=CC(=C1)C(=NOCC2=CC(=C(C=C2)C3CCCCC3)C(F)(F)F)C)CN4CC(C4)C(=O)O.C(=CC(=O)O)C(=O)O,O=[Ti]=O
46783236,11177,0,C1C2CNC(=O)C1C3=CC4=NC=CN=C4C=C23,CCCCCCCCCCCCCCCCCC(=O)[O-].CCCCCCCCCCCCCCCCCC(=O)[O-].[Mg+2]
46866715,104938,0,CC1=C(C=CC2=C1N=C(C=C2OC3CC4C(C3)C(=O)N(CCCCC=CC5CC5(NC4=O)C(=O)[N-]S(=O)(=O)C6CC6)C)C7=NC(=CS7)C(C)C)OC.[Na+],C(C1C(C(C(C(O1)OC2C(OC(C(C2O)O)O)CO)O)O)O)O.O
46866715,6850749,0,CC1=C(C=CC2=C1N=C(C=C2OC3CC4C(C3)C(=O)N(CCCCC=CC5CC5(NC4=O)C(=O)[N-]S(=O)(=O)C6CC6)C)C7=NC(=CS7)C(C)C)OC.[Na+],CC1(C2CCC(C23CC1C(=CC3O)C(=O)O)C(=O)O)CO.C(CCCC(C(CCCCCO)O)O)CCCC(=O)O
46866715,6328154,0,CC1=C(C=CC2=C1N=C(C=C2OC3CC4C(C3)C(=O)N(CCCCC=CC5CC5(NC4=O)C(=O)[N-]S(=O)(=O)C6CC6)C)C7=NC(=CS7)C(C)C)OC.[Na+],CC(=O)O.C(C(C(C(C(C=O)O)O)O)O)O.[Na]
46866715,11177,0,CC1=C(C=CC2=C1N=C(C=C2OC3CC4C(C3)C(=O)N(CCCCC=CC5CC5(NC4=O)C(=O)[N-]S(=O)(=O)C6CC6)C)C7=NC(=CS7)C(C)C)OC.[Na+],CCCCCCCCCCCCCCCCCC(=O)[O-].CCCCCCCCCCCCCCCCCC(=O)[O-].[Mg+2]
46866715,3423265,0,CC1=C(C=CC2=C1N=C(C=C2OC3CC4C(C3)C(=O)N(CCCCC=CC5CC5(NC4=O)C(=O)[N-]S(=O)(=O)C6CC6)C)C7=NC(=CS7)C(C)C)OC.[Na+],CCCCCCCCCCCCOS(=O)(=O)[O-].[Na+]
46866715,16211978,0,CC1=C(C=CC2=C1N=C(C=C2OC3CC4C(C3)C(=O)N(CCCCC=CC5CC5(NC4=O)C(=O)[N-]S(=O)(=O)C6CC6)C)C7=NC(=CS7)C(C)C)OC.[Na+],O=[Fe].O=[Fe]O[Fe]=O
46866715,24261,0,CC1=C(C=CC2=C1N=C(C=C2OC3CC4C(C3)C(=O)N(CCCCC=CC5CC5(NC4=O)C(=O)[N-]S(=O)(=O)C6CC6)C)C7=NC(=CS7)C(C)C)OC.[Na+],O=[Si]=O
46866715,26042,0,CC1=C(C=CC2=C1N=C(C=C2OC3CC4C(C3)C(=O)N(CCCCC=CC5CC5(NC4=O)C(=O)[N-]S(=O)(=O)C6CC6)C)C7=NC(=CS7)C(C)C)OC.[Na+],O=[Ti]=O
49800073,104938,0,C1C2CC2N(C1C#N)C(=O)C(C34CC5CC(C3)CC(C5)(C4)O)N.Cl,C(C1C(C(C(C(O1)OC2C(OC(C(C2O)O)O)CO)O)O)O)O.O
49800073,174,0,C1C2CC2N(C1C#N)C(=O)C(C34CC5CC(C3)CC(C5)(C4)O)N.Cl,C(CO)O
49800073,11199,0,C1C2CC2N(C1C#N)C(=O)C(C34CC5CC(C3)CC(C5)(C4)O)N.Cl,C=CO
49800073,6328154,0,C1C2CC2N(C1C#N)C(=O)C(C34CC5CC(C3)CC(C5)(C4)O)N.Cl,CC(=O)O.C(C(C(C(C(C=O)O)O)O)O)O.[Na]
49800073,11177,0,C1C2CC2N(C1C#N)C(=O)C(C34CC5CC(C3)CC(C5)(C4)O)N.Cl,CCCCCCCCCCCCCCCCCC(=O)[O-].CCCCCCCCCCCCCCCCCC(=O)[O-].[Mg+2]
49800073,14055602,0,C1C2CC2N(C1C#N)C(=O)C(C34CC5CC(C3)CC(C5)(C4)O)N.Cl,COC1C(OC(C(C1O)O)OC2C(OC(C(C2O)O)OC)CO)CO
49800073,26924,0,C1C2CC2N(C1C#N)C(=O)C(C34CC5CC(C3)CC(C5)(C4)O)N.Cl,O[Si](=O)[O-].O[Si](=O)[O-].[O-][Si](=O)[O-].[O-][Si](=O)[O-].[Mg+2].[Mg+2].[Mg+2]
49800073,26042,0,C1C2CC2N(C1C#N)C(=O)C(C34CC5CC(C3)CC(C5)(C4)O)N.Cl,O=[Ti]=O
49843517,6251,0,CCCCCCOC(C)C1=CC=CC(=C1OC)C2=CSC(=N2)NC(=O)C3=CC(=C(C(=C3)Cl)C=C(C)C(=O)O)Cl,C(C(C(C(C(CO)O)O)O)O)O
49843517,123706,0,CCCCCCOC(C)C1=CC=CC(=C1OC)C2=CSC(=N2)NC(=O)C3=CC(=C(C(=C3)Cl)C=C(C)C(=O)O)Cl,CCC(C1=C(C=C(C=C1)N(C)C)C)N
49843517,11177,0,CCCCCCOC(C)C1=CC=CC(=C1OC)C2=CSC(=N2)NC(=O)C3=CC(=C(C(=C3)Cl)C=C(C)C(=O)O)Cl,CCCCCCCCCCCCCCCCCC(=O)[O-].CCCCCCCCCCCCCCCCCC(=O)[O-].[Mg+2]
49843517,3423265,0,CCCCCCOC(C)C1=CC=CC(=C1OC)C2=CSC(=N2)NC(=O)C3=CC(=C(C(=C3)Cl)C=C(C)C(=O)O)Cl,CCCCCCCCCCCCOS(=O)(=O)[O-].[Na+]
49843517,6506,0,CCCCCCOC(C)C1=CC=CC(=C1OC)C2=CSC(=N2)NC(=O)C3=CC(=C(C(=C3)Cl)C=C(C)C(=O)O)Cl,CCOC(=O)CC(CC(=O)OCC)(C(=O)OCC)O
49843517,14055602,0,CCCCCCOC(C)C1=CC=CC(=C1OC)C2=CSC(=N2)NC(=O)C3=CC(=C(C(=C3)Cl)C=C(C)C(=O)O)Cl,COC1C(OC(C(C1O)O)OC2C(OC(C(C2O)O)OC)CO)CO
49843517,26924,0,CCCCCCOC(C)C1=CC=CC(=C1OC)C2=CSC(=N2)NC(=O)C3=CC(=C(C(=C3)Cl)C=C(C)C(=O)O)Cl,O[Si](=O)[O-].O[Si](=O)[O-].[O-][Si](=O)[O-].[O-][Si](=O)[O-].[Mg+2].[Mg+2].[Mg+2]
49843517,518696,0,CCCCCCOC(C)C1=CC=CC(=C1OC)C2=CSC(=N2)NC(=O)C3=CC(=C(C(=C3)Cl)C=C(C)C(=O)O)Cl,O=[Fe]O[Fe]=O
49843517,14792,0,CCCCCCOC(C)C1=CC=CC(=C1OC)C2=CSC(=N2)NC(=O)C3=CC(=C(C(=C3)Cl)C=C(C)C(=O)O)Cl,O=[Mg]
49843517,26042,0,CCCCCCOC(C)C1=CC=CC(=C1OC)C2=CSC(=N2)NC(=O)C3=CC(=C(C(=C3)Cl)C=C(C)C(=O)O)Cl,O=[Ti]=O
50905713,131751496,0,CC(C1=CC2=C(C(=CC=C2)Cl)C(=O)N1C3=CC=CC=C3)NC4=NC=NC5=C4NC=N5,C1CC(=O)N(C1)C(CP)P
50905713,11177,0,CC(C1=CC2=C(C(=CC=C2)Cl)C(=O)N1C3=CC=CC=C3)NC4=NC=NC5=C4NC=N5,CCCCCCCCCCCCCCCCCC(=O)[O-].CCCCCCCCCCCCCCCCCC(=O)[O-].[Mg+2]
50905713,14055602,0,CC(C1=CC2=C(C(=CC=C2)Cl)C(=O)N1C3=CC=CC=C3)NC4=NC=NC5=C4NC=N5,COC1C(OC(C(C1O)O)OC2C(OC(C(C2O)O)OC)CO)CO
50905713,56841934,0,CC(C1=CC2=C(C(=CC=C2)Cl)C(=O)N1C3=CC=CC=C3)NC4=NC=NC5=C4NC=N5,O.O.O.[Fe].[Fe]
50905713,24261,0,CC(C1=CC2=C(C(=CC=C2)Cl)C(=O)N1C3=CC=CC=C3)NC4=NC=NC5=C4NC=N5,O=[Si]=O
50905713,26042,0,CC(C1=CC2=C(C(=CC=C2)Cl)C(=O)N1C3=CC=CC=C3)NC4=NC=NC5=C4NC=N5,O=[Ti]=O
51039094,4873,0,CC1=C(C=CC(=C1)NC2=NC=NC3=C2C=C(C=C3)NC4=NC(CO4)(C)C)OC5=CC6=NC=NN6C=C5,[Cl-].[K+]
51039094,5234,0,CC1=C(C=CC(=C1)NC2=NC=NC3=C2C=C(C=C3)NC4=NC(CO4)(C)C)OC5=CC6=NC=NN6C=C5,[Na+].[Cl-]
51039094,516892,0,CC1=C(C=CC(=C1)NC2=NC=NC3=C2C=C(C=C3)NC4=NC(CO4)(C)C)OC5=CC6=NC=NN6C=C5,C(=O)(O)[O-].[Na+]
51039094,174,0,CC1=C(C=CC(=C1)NC2=NC=NC3=C2C=C(C=C3)NC4=NC(CO4)(C)C)OC5=CC6=NC=NN6C=C5,C(CO)O
51039094,11199,0,CC1=C(C=CC(=C1)NC2=NC=NC3=C2C=C(C=C3)NC4=NC(CO4)(C)C)OC5=CC6=NC=NN6C=C5,C=CO
51039094,131751496,0,CC1=C(C=CC(=C1)NC2=NC=NC3=C2C=C(C=C3)NC4=NC(CO4)(C)C)OC5=CC6=NC=NN6C=C5,C1CC(=O)N(C1)C(CP)P
51039094,270885,0,CC1=C(C=CC(=C1)NC2=NC=NC3=C2C=C(C=C3)NC4=NC(CO4)(C)C)OC5=CC6=NC=NN6C=C5,CC(=O)OC=C.C=CN1CCCC1=O
51039094,11177,0,CC1=C(C=CC(=C1)NC2=NC=NC3=C2C=C(C=C3)NC4=NC(CO4)(C)C)OC5=CC6=NC=NN6C=C5,CCCCCCCCCCCCCCCCCC(=O)[O-].CCCCCCCCCCCCCCCCCC(=O)[O-].[Mg+2]
51039094,14055602,0,CC1=C(C=CC(=C1)NC2=NC=NC3=C2C=C(C=C3)NC4=NC(CO4)(C)C)OC5=CC6=NC=NN6C=C5,COC1C(OC(C(C1O)O)OC2C(OC(C(C2O)O)OC)CO)CO
51039094,26924,0,CC1=C(C=CC(=C1)NC2=NC=NC3=C2C=C(C=C3)NC4=NC(CO4)(C)C)OC5=CC6=NC=NN6C=C5,O[Si](=O)[O-].O[Si](=O)[O-].[O-][Si](=O)[O-].[O-][Si](=O)[O-].[Mg+2].[Mg+2].[Mg+2]
51039094,518696,0,CC1=C(C=CC(=C1)NC2=NC=NC3=C2C=C(C=C3)NC4=NC(CO4)(C)C)OC5=CC6=NC=NN6C=C5,O=[Fe]O[Fe]=O
51039094,24261,0,CC1=C(C=CC(=C1)NC2=NC=NC3=C2C=C(C=C3)NC4=NC(CO4)(C)C)OC5=CC6=NC=NN6C=C5,O=[Si]=O
51039094,26042,0,CC1=C(C=CC(=C1)NC2=NC=NC3=C2C=C(C=C3)NC4=NC(CO4)(C)C)OC5=CC6=NC=NN6C=C5,O=[Ti]=O
54676228,71853,1,CN1C(=C(C2=CC=CC=C2S1(=O)=O)O)C(=O)NC3=CC=CC=N3,COC(=O)NC1C(C(C(OC1OC2C(OC(C(C2O)N)OC3C(OC(C(C3O)N)O)CO)CO)CO)OC4C(C(C(C(O4)CO)OC5C(C(C(C(O5)CO)OC6C(C(C(C(O6)CO)OC7C(C(C(C(O7)CO)OC8C(C(C(C(O8)CO)OC9C(C(C(C(O9)CO)O)O)N)O)N)O)N)O)N)O)N)O)N)O
54676228,12961638,0,CN1C(=C(C2=CC=CC=C2S1(=O)=O)O)C(=O)NC3=CC=CC=N3,C1=CC=C2C(=C1)C(=O)OC23C4=CC(=C(C(=C4OC5=C(C(=C(C=C35)I)[O-])I)I)[O-])I.[Na+].[Na+]
54676228,11177,0,CN1C(=C(C2=CC=CC=C2S1(=O)=O)O)C(=O)NC3=CC=CC=N3,CCCCCCCCCCCCCCCCCC(=O)[O-].CCCCCCCCCCCCCCCCCC(=O)[O-].[Mg+2]
54676228,3423265,0,CN1C(=C(C2=CC=CC=C2S1(=O)=O)O)C(=O)NC3=CC=CC=N3,CCCCCCCCCCCCOS(=O)(=O)[O-].[Na+]
54676228,17734,0,CN1C(=C(C2=CC=CC=C2S1(=O)=O)O)C(=O)NC3=CC=CC=N3,CNC1=C(C=C(C=C1)N(CCO)CCO)[N+](=O)[O-]
54681908,516892,0,CN(C)C1C2CC3CC4=C(C=CC(=C4C(=C3C(=O)C2(C(=C(C1=O)C(=O)N)O)O)O)O)CN(C)OC,C(=O)(O)[O-].[Na+]
54681908,174,0,CN(C)C1C2CC3CC4=C(C=CC(=C4C(=C3C(=O)C2(C(=C(C1=O)C(=O)N)O)O)O)O)CN(C)OC,C(CO)O
54681908,6917,0,CN(C)C1C2CC3CC4=C(C=CC(=C4C(=C3C(=O)C2(C(=C(C1=O)C(=O)N)O)O)O)O)CN(C)OC,C=CN1CCCC1=O
54681908,11199,0,CN(C)C1C2CC3CC4=C(C=CC(=C4C(=C3C(=O)C2(C(=C(C1=O)C(=O)N)O)O)O)O)CN(C)OC,C=CO
54681908,24671,0,CN(C)C1C2CC3CC4=C(C=CC(=C4C(=C3C(=O)C2(C(=C(C1=O)C(=O)N)O)O)O)O)CN(C)OC,C1=CC=C2C(=C1)C(=O)C(C2=O)C3=NC4=C(C=C(C=C4C=C3)S(=O)(=O)[O-])S(=O)(=O)[O-].[Na+].[Na+]
54681908,23665634,0,CN(C)C1C2CC3CC4=C(C=CC(=C4C(=C3C(=O)C2(C(=C(C1=O)C(=O)N)O)O)O)O)CN(C)OC,CCCCCCCCCCCCCCCCCCOC(=O)C=CC(=O)[O-].[Na+]
54681908,14055602,0,CN(C)C1C2CC3CC4=C(C=CC(=C4C(=C3C(=O)C2(C(=C(C1=O)C(=O)N)O)O)O)O)CN(C)OC,COC1C(OC(C(C1O)O)OC2C(OC(C(C2O)O)OC)CO)CO
54681908,26924,0,CN(C)C1C2CC3CC4=C(C=CC(=C4C(=C3C(=O)C2(C(=C(C1=O)C(=O)N)O)O)O)O)CN(C)OC,O[Si](=O)[O-].O[Si](=O)[O-].[O-][Si](=O)[O-].[O-][Si](=O)[O-].[Mg+2].[Mg+2].[Mg+2]
54681908,518696,0,CN(C)C1C2CC3CC4=C(C=CC(=C4C(=C3C(=O)C2(C(=C(C1=O)C(=O)N)O)O)O)O)CN(C)OC,O=[Fe]O[Fe]=O
54681908,26042,0,CN(C)C1C2CC3CC4=C(C=CC(=C4C(=C3C(=O)C2(C(=C(C1=O)C(=O)N)O)O)O)O)CN(C)OC,O=[Ti]=O
54682461,1030,0,CCCC1(CC(=C(C(=O)O1)C(CC)C2=CC(=CC=C2)NS(=O)(=O)C3=NC=C(C=C3)C(F)(F)F)O)CCC4=CC=CC=C4,CC(CO)O
54682461,154733643,0,CCCC1(CC(=C(C(=O)O1)C(CC)C2=CC(=CC=C2)NS(=O)(=O)C3=NC=C(C=C3)C(F)(F)F)O)CCC4=CC=CC=C4,CCCCCCC(CC=CCCCCCCCOC(=O)OCCOCC(COCCOC(=O)OCCCCCCCC=CCC(CCCCCC)O)OCCOC(=O)OCCCCCCCC=CCC(CCCCCC)O)O
54682461,379,0,CCCC1(CC(=C(C(=O)O1)C(CC)C2=CC(=CC=C2)NS(=O)(=O)C3=NC=C(C=C3)C(F)(F)F)O)CCC4=CC=CC=C4,CCCCCCCC(=O)O
54682461,702,0,CCCC1(CC(=C(C(=O)O1)C(CC)C2=CC(=CC=C2)NS(=O)(=O)C3=NC=C(C=C3)C(F)(F)F)O)CCC4=CC=CC=C4,CCO
54684141,104938,0,CC(=C(C#N)C(=O)NC1=CC=C(C=C1)C(F)(F)F)O,C(C1C(C(C(C(O1)OC2C(OC(C(C2O)O)O)CO)O)O)O)O.O
54684141,86278134,0,CC(=C(C#N)C(=O)NC1=CC=C(C=C1)C(F)(F)F)O,C(C1C(C(C(C(O1)OC2C(OC(C(C2O)O)OCC3C(C(C(C(O3)OC4C(OC(C(C4O)O)OC5C(OC(C(C5O)O)O)CO)CO)O)O)OC6C(C(C(C(O6)CO)OC7C(C(C(C(O7)CO)O)O)O)O)O)CO)O)O)O)O
54684141,174,0,CC(=C(C#N)C(=O)NC1=CC=C(C=C1)C(F)(F)F)O,C(CO)O
54684141,56843209,0,CC(=C(C#N)C(=O)NC1=CC=C(C=C1)C(F)(F)F)O,C1=CC(=CC=C1N=NC2C(=NN(C2=O)C3=CC=C(C=C3)S(=O)(=O)O)C(=O)O)S(=O)(=O)O.[Al]
54684141,123706,0,CC(=C(C#N)C(=O)NC1=CC=C(C=C1)C(F)(F)F)O,CCC(C1=C(C=C(C=C1)N(C)C)C)N
54684141,11177,0,CC(=C(C#N)C(=O)NC1=CC=C(C=C1)C(F)(F)F)O,CCCCCCCCCCCCCCCCCC(=O)[O-].CCCCCCCCCCCCCCCCCC(=O)[O-].[Mg+2]
54684141,14055602,0,CC(=C(C#N)C(=O)NC1=CC=C(C=C1)C(F)(F)F)O,COC1C(OC(C(C1O)O)OC2C(OC(C(C2O)O)OC)CO)CO
54684141,26924,0,CC(=C(C#N)C(=O)NC1=CC=C(C=C1)C(F)(F)F)O,O[Si](=O)[O-].O[Si](=O)[O-].[O-][Si](=O)[O-].[O-][Si](=O)[O-].[Mg+2].[Mg+2].[Mg+2]
54684141,518696,0,CC(=C(C#N)C(=O)NC1=CC=C(C=C1)C(F)(F)F)O,O=[Fe]O[Fe]=O
54684141,26042,0,CC(=C(C#N)C(=O)NC1=CC=C(C=C1)C(F)(F)F)O,O=[Ti]=O
54697325,104938,0,CC(C)(C)CNCC1=CC(=C2CC3CC4C(C(=O)C(=C(C4(C(=O)C3=C(C2=C1O)O)O)O)C(=O)N)N(C)C)N(C)C,C(C1C(C(C(C(O1)OC2C(OC(C(C2O)O)O)CO)O)O)O)O.O
54697325,11199,0,CC(C)(C)CNCC1=CC(=C2CC3CC4C(C(=O)C(=C(C4(C(=O)C3=C(C2=C1O)O)O)O)C(=O)N)N(C)C)N(C)C,C=CO
54697325,131751496,0,CC(C)(C)CNCC1=CC(=C2CC3CC4C(C(=O)C(=C(C4(C(=O)C3=C(C2=C1O)O)O)O)C(=O)N)N(C)C)N(C)C,C1CC(=O)N(C1)C(CP)P
54697325,23665634,0,CC(C)(C)CNCC1=CC(=C2CC3CC4C(C(=O)C(=C(C4(C(=O)C3=C(C2=C1O)O)O)O)C(=O)N)N(C)C)N(C)C,CCCCCCCCCCCCCCCCCCOC(=O)C=CC(=O)[O-].[Na+]
54697325,3423265,0,CC(C)(C)CNCC1=CC(=C2CC3CC4C(C(=O)C(=C(C4(C(=O)C3=C(C2=C1O)O)O)O)C(=O)N)N(C)C)N(C)C,CCCCCCCCCCCCOS(=O)(=O)[O-].[Na+]
54697325,14055602,0,CC(C)(C)CNCC1=CC(=C2CC3CC4C(C(=O)C(=C(C4(C(=O)C3=C(C2=C1O)O)O)O)C(=O)N)N(C)C)N(C)C,COC1C(OC(C(C1O)O)OC2C(OC(C(C2O)O)OC)CO)CO
54697325,26924,0,CC(C)(C)CNCC1=CC(=C2CC3CC4C(C(=O)C(=C(C4(C(=O)C3=C(C2=C1O)O)O)O)C(=O)N)N(C)C)N(C)C,O[Si](=O)[O-].O[Si](=O)[O-].[O-][Si](=O)[O-].[O-][Si](=O)[O-].[Mg+2].[Mg+2].[Mg+2]
54697325,518696,0,CC(C)(C)CNCC1=CC(=C2CC3CC4C(C(=O)C(=C(C4(C(=O)C3=C(C2=C1O)O)O)O)C(=O)N)N(C)C)N(C)C,O=[Fe]O[Fe]=O
54697325,24261,0,CC(C)(C)CNCC1=CC(=C2CC3CC4C(C(=O)C(=C(C4(C(=O)C3=C(C2=C1O)O)O)O)C(=O)N)N(C)C)N(C)C,O=[Si]=O
54697325,26042,0,CC(C)(C)CNCC1=CC(=C2CC3CC4C(C(=O)C(=C(C4(C(=O)C3=C(C2=C1O)O)O)O)C(=O)N)N(C)C)N(C)C,O=[Ti]=O
54697325,23665763,0,CC(C)(C)CNCC1=CC(=C2CC3CC4C(C(=O)C(=C(C4(C(=O)C3=C(C2=C1O)O)O)O)C(=O)N)N(C)C)N(C)C,OS(=O)[O-].[Na+]
56843331,6917,0,CCC(C)C(C(=O)NC(C)C(=O)NC(CC1=CNC2=CC=CC=C21)C(=O)NC(CC(C)C)C(=O)NC(C(C)C)C(=O)NC(CCCNC(=N)N)C(=O)NCC(=O)NC(CCCNC(=N)N)C(=O)NCC(=O)O)NC(=O)C(CC3=CC=CC=C3)NC(=O)C(CCC(=O)O)NC(=O)C(CCCCNC(=O)COCCOCCNC(=O)COCCOCCNC(=O)CCC(C(=O)O)NC(=O)CCCCCCCCCCCCCCCCC(=O)O)NC(=O)C(C)NC(=O)C(C)NC(=O)C(CCC(=O)N)NC(=O)CNC(=O)C(CCC(=O)O)NC(=O)C(CC(C)C)NC(=O)C(CC4=CC=C(C=C4)O)NC(=O)C(CO)NC(=O)C(CO)NC(=O)C(C(C)C)NC(=O)C(CC(=O)O)NC(=O)C(CO)NC(=O)C(C(C)O)NC(=O)C(CC5=CC=CC=C5)NC(=O)C(C(C)O)NC(=O)CNC(=O)C(CCC(=O)O)NC(=O)C(C)(C)NC(=O)C(CC6=CN=CN6)N,C=CN1CCCC1=O
56843331,11177,0,CCC(C)C(C(=O)NC(C)C(=O)NC(CC1=CNC2=CC=CC=C21)C(=O)NC(CC(C)C)C(=O)NC(C(C)C)C(=O)NC(CCCNC(=N)N)C(=O)NCC(=O)NC(CCCNC(=N)N)C(=O)NCC(=O)O)NC(=O)C(CC3=CC=CC=C3)NC(=O)C(CCC(=O)O)NC(=O)C(CCCCNC(=O)COCCOCCNC(=O)COCCOCCNC(=O)CCC(C(=O)O)NC(=O)CCCCCCCCCCCCCCCCC(=O)O)NC(=O)C(C)NC(=O)C(C)NC(=O)C(CCC(=O)N)NC(=O)CNC(=O)C(CCC(=O)O)NC(=O)C(CC(C)C)NC(=O)C(CC4=CC=C(C=C4)O)NC(=O)C(CO)NC(=O)C(CO)NC(=O)C(C(C)C)NC(=O)C(CC(=O)O)NC(=O)C(CO)NC(=O)C(C(C)O)NC(=O)C(CC5=CC=CC=C5)NC(=O)C(C(C)O)NC(=O)CNC(=O)C(CCC(=O)O)NC(=O)C(C)(C)NC(=O)C(CC6=CN=CN6)N,CCCCCCCCCCCCCCCCCC(=O)[O-].CCCCCCCCCCCCCCCCCC(=O)[O-].[Mg+2]
56843331,14055602,0,CCC(C)C(C(=O)NC(C)C(=O)NC(CC1=CNC2=CC=CC=C21)C(=O)NC(CC(C)C)C(=O)NC(C(C)C)C(=O)NC(CCCNC(=N)N)C(=O)NCC(=O)NC(CCCNC(=N)N)C(=O)NCC(=O)O)NC(=O)C(CC3=CC=CC=C3)NC(=O)C(CCC(=O)O)NC(=O)C(CCCCNC(=O)COCCOCCNC(=O)COCCOCCNC(=O)CCC(C(=O)O)NC(=O)CCCCCCCCCCCCCCCCC(=O)O)NC(=O)C(C)NC(=O)C(C)NC(=O)C(CCC(=O)N)NC(=O)CNC(=O)C(CCC(=O)O)NC(=O)C(CC(C)C)NC(=O)C(CC4=CC=C(C=C4)O)NC(=O)C(CO)NC(=O)C(CO)NC(=O)C(C(C)C)NC(=O)C(CC(=O)O)NC(=O)C(CO)NC(=O)C(C(C)O)NC(=O)C(CC5=CC=CC=C5)NC(=O)C(C(C)O)NC(=O)CNC(=O)C(CCC(=O)O)NC(=O)C(C)(C)NC(=O)C(CC6=CN=CN6)N,COC1C(OC(C(C1O)O)OC2C(OC(C(C2O)O)OC)CO)CO
56959086,6251,0,COCCOCCOCCOCCOCCOCCOCCOC1CCC2(C3CC4=C5C2(C1OC5=C(C=C4)O)CCN3CC=C)O.C(=O)(C(=O)O)O,C(C(C(C(C(CO)O)O)O)O)O
56959086,174,0,COCCOCCOCCOCCOCCOCCOCCOC1CCC2(C3CC4=C5C2(C1OC5=C(C=C4)O)CCN3CC=C)O.C(=O)(C(=O)O)O,C(CO)O
56959086,6328154,0,COCCOCCOCCOCCOCCOCCOCCOC1CCC2(C3CC4=C5C2(C1OC5=C(C=C4)O)CCN3CC=C)O.C(=O)(C(=O)O)O,CC(=O)O.C(C(C(C(C(C=O)O)O)O)O)O.[Na]
56959086,11177,0,COCCOCCOCCOCCOCCOCCOCCOC1CCC2(C3CC4=C5C2(C1OC5=C(C=C4)O)CCN3CC=C)O.C(=O)(C(=O)O)O,CCCCCCCCCCCCCCCCCC(=O)[O-].CCCCCCCCCCCCCCCCCC(=O)[O-].[Mg+2]
56959086,4947,0,COCCOCCOCCOCCOCCOCCOCCOC1CCC2(C3CC4=C5C2(C1OC5=C(C=C4)O)CCN3CC=C)O.C(=O)(C(=O)O)O,CCCOC(=O)C1=CC(=C(C(=C1)O)O)O
56959086,14055602,0,COCCOCCOCCOCCOCCOCCOCCOC1CCC2(C3CC4=C5C2(C1OC5=C(C=C4)O)CCN3CC=C)O.C(=O)(C(=O)O)O,COC1C(OC(C(C1O)O)OC2C(OC(C(C2O)O)OC)CO)CO
56959086,56841934,0,COCCOCCOCCOCCOCCOCCOCCOC1CCC2(C3CC4=C5C2(C1OC5=C(C=C4)O)CCN3CC=C)O.C(=O)(C(=O)O)O,O.O.O.[Fe].[Fe]
56959086,16211978,0,COCCOCCOCCOCCOCCOCCOCCOC1CCC2(C3CC4=C5C2(C1OC5=C(C=C4)O)CCN3CC=C)O.C(=O)(C(=O)O)O,O=[Fe].O=[Fe]O[Fe]=O
56959086,26042,0,COCCOCCOCCOCCOCCOCCOCCOC1CCC2(C3CC4=C5C2(C1OC5=C(C=C4)O)CCN3CC=C)O.C(=O)(C(=O)O)O,O=[Ti]=O
58460047,104938,0,CN1C(=NNC1=O)CN2C=CC(=C(C2=O)OC3=CC(=CC(=C3)C#N)Cl)C(F)(F)F,C(C1C(C(C(C(O1)OC2C(OC(C(C2O)O)O)CO)O)O)O)O.O
58460047,6328154,0,CN1C(=NNC1=O)CN2C=CC(=C(C2=O)OC3=CC(=CC(=C3)C#N)Cl)C(F)(F)F,CC(=O)O.C(C(C(C(C(C=O)O)O)O)O)O.[Na]
58460047,5541,0,CN1C(=NNC1=O)CN2C=CC(=C(C2=O)OC3=CC(=CC(=C3)C#N)Cl)C(F)(F)F,CC(=O)OCC(COC(=O)C)OC(=O)C
58460047,121950,0,CN1C(=NNC1=O)CN2C=CC(=C(C2=O)OC3=CC(=CC(=C3)C#N)Cl)C(F)(F)F,CC(CO)O.CC(=O)O.CO.C(CC(=O)O)C(=O)O
58460047,11177,0,CN1C(=NNC1=O)CN2C=CC(=C(C2=O)OC3=CC(=CC(=C3)C#N)Cl)C(F)(F)F,CCCCCCCCCCCCCCCCCC(=O)[O-].CCCCCCCCCCCCCCCCCC(=O)[O-].[Mg+2]
58460047,14055602,0,CN1C(=NNC1=O)CN2C=CC(=C(C2=O)OC3=CC(=CC(=C3)C#N)Cl)C(F)(F)F,COC1C(OC(C(C1O)O)OC2C(OC(C(C2O)O)OC)CO)CO
58460047,24261,0,CN1C(=NNC1=O)CN2C=CC(=C(C2=O)OC3=CC(=CC(=C3)C#N)Cl)C(F)(F)F,O=[Si]=O
58460047,26042,0,CN1C(=NNC1=O)CN2C=CC(=C(C2=O)OC3=CC(=CC(=C3)C#N)Cl)C(F)(F)F,O=[Ti]=O
66558664,104938,0,CCN(C1CCOCC1)C2=CC(=CC(=C2C)C(=O)NCC3=C(C=C(NC3=O)C)C)C4=CC=C(C=C4)CN5CCOCC5,C(C1C(C(C(C(O1)OC2C(OC(C(C2O)O)O)CO)O)O)O)O.O
66558664,174,0,CCN(C1CCOCC1)C2=CC(=CC(=C2C)C(=O)NCC3=C(C=C(NC3=O)C)C)C4=CC=C(C=C4)CN5CCOCC5,C(CO)O
66558664,123706,0,CCN(C1CCOCC1)C2=CC(=CC(=C2C)C(=O)NCC3=C(C=C(NC3=O)C)C)C4=CC=C(C=C4)CN5CCOCC5,CCC(C1=C(C=C(C=C1)N(C)C)C)N
66558664,11177,0,CCN(C1CCOCC1)C2=CC(=CC(=C2C)C(=O)NCC3=C(C=C(NC3=O)C)C)C4=CC=C(C=C4)CN5CCOCC5,CCCCCCCCCCCCCCCCCC(=O)[O-].CCCCCCCCCCCCCCCCCC(=O)[O-].[Mg+2]
66558664,61560,0,CCN(C1CCOCC1)C2=CC(=CC(=C2C)C(=O)NCC3=C(C=C(NC3=O)C)C)C4=CC=C(C=C4)CN5CCOCC5,O.[O-2].[O-2].[O-2].[Fe+3].[Fe+3]
66558664,26042,0,CCN(C1CCOCC1)C2=CC(=CC(=C2C)C(=O)NCC3=C(C=C(NC3=O)C)C)C4=CC=C(C=C4)CN5CCOCC5,O=[Ti]=O
66558664,26924,0,CCN(C1CCOCC1)C2=CC(=CC(=C2C)C(=O)NCC3=C(C=C(NC3=O)C)C)C4=CC=C(C=C4)CN5CCOCC5,O[Si](=O)[O-].O[Si](=O)[O-].[O-][Si](=O)[O-].[O-][Si](=O)[O-].[Mg+2].[Mg+2].[Mg+2]
67171867,104938,0,CC(CN1C=CC(=N1)C2=CC(=C(C=C2)C#N)Cl)NC(=O)C3=NNC(=C3)C(C)O,C(C1C(C(C(C(O1)OC2C(OC(C(C2O)O)O)CO)O)O)O)O.O
67171867,174,0,CC(CN1C=CC(=N1)C2=CC(=C(C=C2)C#N)Cl)NC(=O)C3=NNC(=C3)C(C)O,C(CO)O
67171867,6917,0,CC(CN1C=CC(=N1)C2=CC(=C(C=C2)C#N)Cl)NC(=O)C3=NNC(=C3)C(C)O,C=CN1CCCC1=O
67171867,6328154,0,CC(CN1C=CC(=N1)C2=CC(=C(C=C2)C#N)Cl)NC(=O)C3=NNC(=C3)C(C)O,CC(=O)O.C(C(C(C(C(C=O)O)O)O)O)O.[Na]
67171867,11177,0,CC(CN1C=CC(=N1)C2=CC(=C(C=C2)C#N)Cl)NC(=O)C3=NNC(=C3)C(C)O,CCCCCCCCCCCCCCCCCC(=O)[O-].CCCCCCCCCCCCCCCCCC(=O)[O-].[Mg+2]
67171867,26042,0,CC(CN1C=CC(=N1)C2=CC(=C(C=C2)C#N)Cl)NC(=O)C3=NNC(=C3)C(C)O,O=[Ti]=O
67171867,24441,0,CC(CN1C=CC(=N1)C2=CC(=C(C=C2)C#N)Cl)NC(=O)C3=NNC(=C3)C(C)O,OP(=O)([O-])[O-].[Ca+2]
67462786,6251,0,CC(C)NCCN(C1=CC2=NC(=CN=C2C=C1)C3=CN(N=C3)C)C4=CC(=CC(=C4)OC)OC,C(C(C(C(C(CO)O)O)O)O)O
67462786,6328154,0,CC(C)NCCN(C1=CC2=NC(=CN=C2C=C1)C3=CN(N=C3)C)C4=CC(=CC(=C4)OC)OC,CC(=O)O.C(C(C(C(C(C=O)O)O)O)O)O.[Na]
67462786,22146182,0,CC(C)NCCN(C1=CC2=NC(=CN=C2C=C1)C3=CN(N=C3)C)C4=CC(=CC(=C4)OC)OC,CC(=O)OC=C.C=CO
67462786,11177,0,CC(C)NCCN(C1=CC2=NC(=CN=C2C=C1)C3=CN(N=C3)C)C4=CC(=CC(=C4)OC)OC,CCCCCCCCCCCCCCCCCC(=O)[O-].CCCCCCCCCCCCCCCCCC(=O)[O-].[Mg+2]
67462786,3423265,0,CC(C)NCCN(C1=CC2=NC(=CN=C2C=C1)C3=CN(N=C3)C)C4=CC(=CC(=C4)OC)OC,CCCCCCCCCCCCOS(=O)(=O)[O-].[Na+]
67462786,8567,0,CC(C)NCCN(C1=CC2=NC(=CN=C2C=C1)C3=CN(N=C3)C)C4=CC(=CC(=C4)OC)OC,CNCC(C(C(C(CO)O)O)O)O
67462786,14055602,0,CC(C)NCCN(C1=CC2=NC(=CN=C2C=C1)C3=CN(N=C3)C)C4=CC(=CC(=C4)OC)OC,COC1C(OC(C(C1O)O)OC2C(OC(C(C2O)O)OC)CO)CO
67462786,56841934,0,CC(C)NCCN(C1=CC2=NC(=CN=C2C=C1)C3=CN(N=C3)C)C4=CC(=CC(=C4)OC)OC,O.O.O.[Fe].[Fe]
67462786,26924,0,CC(C)NCCN(C1=CC2=NC(=CN=C2C=C1)C3=CN(N=C3)C)C4=CC(=CC(=C4)OC)OC,O[Si](=O)[O-].O[Si](=O)[O-].[O-][Si](=O)[O-].[O-][Si](=O)[O-].[Mg+2].[Mg+2].[Mg+2]
67462786,16211978,0,CC(C)NCCN(C1=CC2=NC(=CN=C2C=C1)C3=CN(N=C3)C)C4=CC(=CC(=C4)OC)OC,O=[Fe].O=[Fe]O[Fe]=O
67462786,518696,0,CC(C)NCCN(C1=CC2=NC(=CN=C2C=C1)C3=CN(N=C3)C)C4=CC(=CC(=C4)OC)OC,O=[Fe]O[Fe]=O
67462786,26042,0,CC(C)NCCN(C1=CC2=NC(=CN=C2C=C1)C3=CN(N=C3)C)C4=CC(=CC(=C4)OC)OC,O=[Ti]=O
67517580,294,0,CC1=CN=C(N=C1NC2=CC(=CC=C2)S(=O)(=O)NC(C)(C)C)NC3=CC=C(C=C3)OCCN4CCCC4.O.Cl.Cl,C(C1C(C(C(C(O1)OC2C(OC(C(C2O)O)O)CO)O)O)O)O
67517580,23665634,0,CC1=CN=C(N=C1NC2=CC(=CC=C2)S(=O)(=O)NC(C)(C)C)NC3=CC=C(C=C3)OCCN4CCCC4.O.Cl.Cl,CCCCCCCCCCCCCCCCCCOC(=O)C=CC(=O)[O-].[Na+]
67517580,56841934,0,CC1=CN=C(N=C1NC2=CC(=CC=C2)S(=O)(=O)NC(C)(C)C)NC3=CC=C(C=C3)OCCN4CCCC4.O.Cl.Cl,O.O.O.[Fe].[Fe]
67517580,26042,0,CC1=CN=C(N=C1NC2=CC(=CC=C2)S(=O)(=O)NC(C)(C)C)NC3=CC=C(C=C3)OCCN4CCCC4.O.Cl.Cl,O=[Ti]=O
71009737,174,0,C1CC2=CN=CN2C1C3=C(C=C(C=C3)C#N)F.OP(=O)(O)O,C(CO)O
71009737,6328154,0,C1CC2=CN=CN2C1C3=C(C=C(C=C3)C#N)F.OP(=O)(O)O,CC(=O)O.C(C(C(C(C(C=O)O)O)O)O)O.[Na]
71009737,11177,0,C1CC2=CN=CN2C1C3=C(C=C(C=C3)C#N)F.OP(=O)(O)O,CCCCCCCCCCCCCCCCCC(=O)[O-].CCCCCCCCCCCCCCCCCC(=O)[O-].[Mg+2]
71009737,14055602,0,C1CC2=CN=CN2C1C3=C(C=C(C=C3)C#N)F.OP(=O)(O)O,COC1C(OC(C(C1O)O)OC2C(OC(C(C2O)O)OC)CO)CO
71009737,23320441,0,C1CC2=CN=CN2C1C3=C(C=C(C=C3)C#N)F.OP(=O)(O)O,O.[OH-].[O-2].[Fe+3]
71009737,14789,0,C1CC2=CN=CN2C1C3=C(C=C(C=C3)C#N)F.OP(=O)(O)O,O[Fe]=O.O[Fe]=O.[Fe]
71009737,26924,0,C1CC2=CN=CN2C1C3=C(C=C(C=C3)C#N)F.OP(=O)(O)O,O[Si](=O)[O-].O[Si](=O)[O-].[O-][Si](=O)[O-].[O-][Si](=O)[O-].[Mg+2].[Mg+2].[Mg+2]
71009737,518696,0,C1CC2=CN=CN2C1C3=C(C=C(C=C3)C#N)F.OP(=O)(O)O,O=[Fe]O[Fe]=O
71009737,24261,0,C1CC2=CN=CN2C1C3=C(C=C(C=C3)C#N)F.OP(=O)(O)O,O=[Si]=O
71009737,26042,0,C1CC2=CN=CN2C1C3=C(C=C(C=C3)C#N)F.OP(=O)(O)O,O=[Ti]=O
71481097,6917,0,C1=CN=C(C=N1)NNC(=O)C=CN2C=NC(=N2)C3=CC(=CC(=C3)C(F)(F)F)C(F)(F)F,C=CN1CCCC1=O
71481097,6328154,0,C1=CN=C(C=N1)NNC(=O)C=CN2C=NC(=N2)C3=CC(=CC(=C3)C(F)(F)F)C(F)(F)F,CC(=O)O.C(C(C(C(C(C=O)O)O)O)O)O.[Na]
71481097,11177,0,C1=CN=C(C=N1)NNC(=O)C=CN2C=NC(=N2)C3=CC(=CC(=C3)C(F)(F)F)C(F)(F)F,CCCCCCCCCCCCCCCCCC(=O)[O-].CCCCCCCCCCCCCCCCCC(=O)[O-].[Mg+2]
71481097,3423265,0,C1=CN=C(C=N1)NNC(=O)C=CN2C=NC(=N2)C3=CC(=CC(=C3)C(F)(F)F)C(F)(F)F,CCCCCCCCCCCCOS(=O)(=O)[O-].[Na+]
71481097,14055602,0,C1=CN=C(C=N1)NNC(=O)C=CN2C=NC(=N2)C3=CC(=CC(=C3)C(F)(F)F)C(F)(F)F,COC1C(OC(C(C1O)O)OC2C(OC(C(C2O)O)OC)CO)CO
71481097,24261,0,C1=CN=C(C=N1)NNC(=O)C=CN2C=NC(=N2)C3=CC(=CC(=C3)C(F)(F)F)C(F)(F)F,O=[Si]=O
71492247,104938,0,CC(C)OC(=O)C(C)NP(=O)(COC(C)CN1C=NC2=C(N=CN=C21)N)OC3=CC=CC=C3.CC(C)OC(=O)C(C)NP(=O)(COC(C)CN1C=NC2=C(N=CN=C21)N)OC3=CC=CC=C3.C(=CC(=O)O)C(=O)O,C(C1C(C(C(C(O1)OC2C(OC(C(C2O)O)O)CO)O)O)O)O.O
71492247,6328154,0,CC(C)OC(=O)C(C)NP(=O)(COC(C)CN1C=NC2=C(N=CN=C21)N)OC3=CC=CC=C3.CC(C)OC(=O)C(C)NP(=O)(COC(C)CN1C=NC2=C(N=CN=C21)N)OC3=CC=CC=C3.C(=CC(=O)O)C(=O)O,CC(=O)O.C(C(C(C(C(C=O)O)O)O)O)O.[Na]
71492247,11177,0,CC(C)OC(=O)C(C)NP(=O)(COC(C)CN1C=NC2=C(N=CN=C21)N)OC3=CC=CC=C3.CC(C)OC(=O)C(C)NP(=O)(COC(C)CN1C=NC2=C(N=CN=C21)N)OC3=CC=CC=C3.C(=CC(=O)O)C(=O)O,CCCCCCCCCCCCCCCCCC(=O)[O-].CCCCCCCCCCCCCCCCCC(=O)[O-].[Mg+2] 
71492247,26042,0,CC(C)OC(=O)C(C)NP(=O)(COC(C)CN1C=NC2=C(N=CN=C21)N)OC3=CC=CC=C3.CC(C)OC(=O)C(C)NP(=O)(COC(C)CN1C=NC2=C(N=CN=C21)N)OC3=CC=CC=C3.C(=CC(=O)O)C(=O)O,O=[Ti]=O
71492247,26924,0,CC(C)OC(=O)C(C)NP(=O)(COC(C)CN1C=NC2=C(N=CN=C21)N)OC3=CC=CC=C3.CC(C)OC(=O)C(C)NP(=O)(COC(C)CN1C=NC2=C(N=CN=C21)N)OC3=CC=CC=C3.C(=CC(=O)O)C(=O)O,O[Si](=O)[O-].O[Si](=O)[O-].[O-][Si](=O)[O-].[O-][Si](=O)[O-].[Mg+2].[Mg+2].[Mg+2]
71492247,23320441,0,CC(C)OC(=O)C(C)NP(=O)(COC(C)CN1C=NC2=C(N=CN=C21)N)OC3=CC=CC=C3.CC(C)OC(=O)C(C)NP(=O)(COC(C)CN1C=NC2=C(N=CN=C21)N)OC3=CC=CC=C3.C(=CC(=O)O)C(=O)O,O.[OH-].[O-2].[Fe+3]
71492247,174,0,CC(C)OC(=O)C(C)NP(=O)(COC(C)CN1C=NC2=C(N=CN=C21)N)OC3=CC=CC=C3.CC(C)OC(=O)C(C)NP(=O)(COC(C)CN1C=NC2=C(N=CN=C21)N)OC3=CC=CC=C3.C(=CC(=O)O)C(=O)O,C(CO)O
71584930,104938,0,CCN1C2=CC(=NC=C2C=C(C1=O)C3=CC(=C(C=C3Br)F)NC(=O)NC4=CC=CC=C4)NC,C(C1C(C(C(C(O1)OC2C(OC(C(C2O)O)O)CO)O)O)O)O.O
71584930,131751496,0,CCN1C2=CC(=NC=C2C=C(C1=O)C3=CC(=C(C=C3Br)F)NC(=O)NC4=CC=CC=C4)NC,C1CC(=O)N(C1)C(CP)P
71584930,121950,0,CCN1C2=CC(=NC=C2C=C(C1=O)C3=CC(=C(C=C3Br)F)NC(=O)NC4=CC=CC=C4)NC,CC(CO)O.CC(=O)O.CO.C(CC(=O)O)C(=O)O
71584930,11177,0,CCN1C2=CC(=NC=C2C=C(C1=O)C3=CC(=C(C=C3Br)F)NC(=O)NC4=CC=CC=C4)NC,CCCCCCCCCCCCCCCCCC(=O)[O-].CCCCCCCCCCCCCCCCCC(=O)[O-].[Mg+2]
71584930,14055602,0,CCN1C2=CC(=NC=C2C=C(C1=O)C3=CC(=C(C=C3Br)F)NC(=O)NC4=CC=CC=C4)NC,COC1C(OC(C(C1O)O)OC2C(OC(C(C2O)O)OC)CO)CO
71584930,24261,0,CCN1C2=CC(=NC=C2C=C(C1=O)C3=CC(=C(C=C3Br)F)NC(=O)NC4=CC=CC=C4)NC,O=[Si]=O
71586738,71485,0,C1CC(C2=C(C=CC=N2)C(C1C3=C(C(=CC=C3)F)F)N)OC(=O)N4CCC(CC4)N5C6=C(NC5=O)N=CC=C6.C1CC(C2=C(C=CC=N2)C(C1C3=C(C(=CC=C3)F)F)N)OC(=O)N4CCC(CC4)N5C6=C(NC5=O)N=CC=C6.O.O.O.OS(=O)(=O)O,C(C1C(C(C(C(O1)OC2(C(C(C(O2)CCl)O)O)CCl)O)O)Cl)O
71586738,6251,0,C1CC(C2=C(C=CC=N2)C(C1C3=C(C(=CC=C3)F)F)N)OC(=O)N4CCC(CC4)N5C6=C(NC5=O)N=CC=C6.C1CC(C2=C(C=CC=N2)C(C1C3=C(C(=CC=C3)F)F)N)OC(=O)N4CCC(CC4)N5C6=C(NC5=O)N=CC=C6.O.O.O.OS(=O)(=O)O,C(C(C(C(C(CO)O)O)O)O)O
71586738,26447,0,C1CC(C2=C(C=CC=N2)C(C1C3=C(C(=CC=C3)F)F)N)OC(=O)N4CCC(CC4)N5C6=C(NC5=O)N=CC=C6.C1CC(C2=C(C=CC=N2)C(C1C3=C(C(=CC=C3)F)F)N)OC(=O)N4CCC(CC4)N5C6=C(NC5=O)N=CC=C6.O.O.O.OS(=O)(=O)O,CC1CCC(C(=O)C1)C(C)C
71586738,244,0,C1CC(C2=C(C=CC=N2)C(C1C3=C(C(=CC=C3)F)F)N)OC(=O)N4CCC(CC4)N5C6=C(NC5=O)N=CC=C6.C1CC(C2=C(C=CC=N2)C(C1C3=C(C(=CC=C3)F)F)N)OC(=O)N4CCC(CC4)N5C6=C(NC5=O)N=CC=C6.O.O.O.OS(=O)(=O)O,C1=CC=C(C=C1)CO
71586738,22311,0,C1CC(C2=C(C=CC=N2)C(C1C3=C(C(=CC=C3)F)F)N)OC(=O)N4CCC(CC4)N5C6=C(NC5=O)N=CC=C6.C1CC(C2=C(C=CC=N2)C(C1C3=C(C(=CC=C3)F)F)N)OC(=O)N4CCC(CC4)N5C6=C(NC5=O)N=CC=C6.O.O.O.OS(=O)(=O)O,CC1=CCC(CC1)C(=C)C
71586738,1254,0,C1CC(C2=C(C=CC=N2)C(C1C3=C(C(=CC=C3)F)F)N)OC(=O)N4CCC(CC4)N5C6=C(NC5=O)N=CC=C6.C1CC(C2=C(C=CC=N2)C(C1C3=C(C(=CC=C3)F)F)N)OC(=O)N4CCC(CC4)N5C6=C(NC5=O)N=CC=C6.O.O.O.OS(=O)(=O)O,CC1CCC(C(C1)O)C(C)C
71586738,1183,0,C1CC(C2=C(C=CC=N2)C(C1C3=C(C(=CC=C3)F)F)N)OC(=O)N4CCC(CC4)N5C6=C(NC5=O)N=CC=C6.C1CC(C2=C(C=CC=N2)C(C1C3=C(C(=CC=C3)F)F)N)OC(=O)N4CCC(CC4)N5C6=C(NC5=O)N=CC=C6.O.O.O.OS(=O)(=O)O,COC1=C(C=CC(=C1)C=O)O
71657455,104938,0,C1CC(=O)N(C1C(=O)N(C2=CC(=CN=C2)F)C(C3=CC=CC=C3Cl)C(=O)NC4CC(C4)(F)F)C5=NC=CC(=C5)C#N,C(C1C(C(C(C(O1)OC2C(OC(C(C2O)O)O)CO)O)O)O)O.O
71657455,2723854,0,C1CC(=O)N(C1C(=O)N(C2=CC(=CN=C2)F)C(C3=CC=CC=C3Cl)C(=O)NC4CC(C4)(F)F)C5=NC=CC(=C5)C#N,C1=CC2=C(C=C1S(=O)(=O)[O-])C(=C(N2)C3=NC4=C(C3=O)C=C(C=C4)S(=O)(=O)[O-])O.[Na+].[Na+]
71657455,6328154,0,C1CC(=O)N(C1C(=O)N(C2=CC(=CN=C2)F)C(C3=CC=CC=C3Cl)C(=O)NC4CC(C4)(F)F)C5=NC=CC(=C5)C#N,CC(=O)O.C(C(C(C(C(C=O)O)O)O)O)O.[Na]
71657455,5541,0,C1CC(=O)N(C1C(=O)N(C2=CC(=CN=C2)F)C(C3=CC=CC=C3Cl)C(=O)NC4CC(C4)(F)F)C5=NC=CC(=C5)C#N,CC(=O)OCC(COC(=O)C)OC(=O)C
71657455,121950,0,C1CC(=O)N(C1C(=O)N(C2=CC(=CN=C2)F)C(C3=CC=CC=C3Cl)C(=O)NC4CC(C4)(F)F)C5=NC=CC(=C5)C#N,CC(CO)O.CC(=O)O.CO.C(CC(=O)O)C(=O)O
71657455,11177,0,C1CC(=O)N(C1C(=O)N(C2=CC(=CN=C2)F)C(C3=CC=CC=C3Cl)C(=O)NC4CC(C4)(F)F)C5=NC=CC(=C5)C#N,CCCCCCCCCCCCCCCCCC(=O)[O-].CCCCCCCCCCCCCCCCCC(=O)[O-].[Mg+2]
71657455,3423265,0,C1CC(=O)N(C1C(=O)N(C2=CC(=CN=C2)F)C(C3=CC=CC=C3Cl)C(=O)NC4CC(C4)(F)F)C5=NC=CC(=C5)C#N,CCCCCCCCCCCCOS(=O)(=O)[O-].[Na+]
71657455,14055602,0,C1CC(=O)N(C1C(=O)N(C2=CC(=CN=C2)F)C(C3=CC=CC=C3Cl)C(=O)NC4CC(C4)(F)F)C5=NC=CC(=C5)C#N,COC1C(OC(C(C1O)O)OC2C(OC(C(C2O)O)OC)CO)CO
71657455,24261,0,C1CC(=O)N(C1C(=O)N(C2=CC(=CN=C2)F)C(C3=CC=CC=C3Cl)C(=O)NC4CC(C4)(F)F)C5=NC=CC(=C5)C#N,O=[Si]=O
71657455,26042,0,C1CC(=O)N(C1C(=O)N(C2=CC(=CN=C2)F)C(C3=CC=CC=C3Cl)C(=O)NC4CC(C4)(F)F)C5=NC=CC(=C5)C#N,O=[Ti]=O
71731823,104938,0,CC1C2=C(C=CC(=C2)F)C(=O)N(CC3=NN(C(=C3C4=CC(=C(N=C4)N)O1)C#N)C)C,C(C1C(C(C(C(O1)OC2C(OC(C(C2O)O)O)CO)O)O)O)O.O
71731823,174,0,CC1C2=C(C=CC(=C2)F)C(=O)N(CC3=NN(C(=C3C4=CC(=C(N=C4)N)O1)C#N)C)C,C(CO)O
71731823,5541,0,CC1C2=C(C=CC(=C2)F)C(=O)N(CC3=NN(C(=C3C4=CC(=C(N=C4)N)O1)C#N)C)C,CC(=O)OCC(COC(=O)C)OC(=O)C
71731823,24832095,0,CC1C2=C(C=CC(=C2)F)C(=O)N(CC3=NN(C(=C3C4=CC(=C(N=C4)N)O1)C#N)C)C,CC(COCC1C(C(C(C(O1)OC)OCC(C)O)OCC(C)O)OC2C(C(C(C(O2)COC)OC3C(C(C(C(O3)CO)OC)O)O)OC)OC)O
71731823,11177,0,CC1C2=C(C=CC(=C2)F)C(=O)N(CC3=NN(C(=C3C4=CC(=C(N=C4)N)O1)C#N)C)C,CCCCCCCCCCCCCCCCCC(=O)[O-].CCCCCCCCCCCCCCCCCC(=O)[O-].[Mg+2]
71731823,14055602,0,CC1C2=C(C=CC(=C2)F)C(=O)N(CC3=NN(C(=C3C4=CC(=C(N=C4)N)O1)C#N)C)C,COC1C(OC(C(C1O)O)OC2C(OC(C(C2O)O)OC)CO)CO
71731823,56841934,0,CC1C2=C(C=CC(=C2)F)C(=O)N(CC3=NN(C(=C3C4=CC(=C(N=C4)N)O1)C#N)C)C,O.O.O.[Fe].[Fe]
71731823,14789,0,CC1C2=C(C=CC(=C2)F)C(=O)N(CC3=NN(C(=C3C4=CC(=C(N=C4)N)O1)C#N)C)C,O[Fe]=O.O[Fe]=O.[Fe]
71731823,26042,0,CC1C2=C(C=CC(=C2)F)C(=O)N(CC3=NN(C(=C3C4=CC(=C(N=C4)N)O1)C#N)C)C,O=[Ti]=O
71731823,24441,0,CC1C2=C(C=CC(=C2)F)C(=O)N(CC3=NN(C(=C3C4=CC(=C(N=C4)N)O1)C#N)C)C,OP(=O)([O-])[O-].[Ca+2]
86346053,6251,0,CC1CCC23CCC(=O)C2C1(C(CC(C(C3C)O)(C)C=C)OC(=O)CSC4CCC(CC4O)N)C.CC(=O)O,C(C(C(C(C(CO)O)O)O)O)O
86346053,174,0,CC1CCC23CCC(=O)C2C1(C(CC(C(C3C)O)(C)C=C)OC(=O)CSC4CCC(CC4O)N)C.CC(=O)O,C(CO)O
86346053,6850749,0,CC1CCC23CCC(=O)C2C1(C(CC(C(C3C)O)(C)C=C)OC(=O)CSC4CCC(CC4O)N)C.CC(=O)O,CC1(C2CCC(C23CC1C(=CC3O)C(=O)O)C(=O)O)CO.C(CCCC(C(CCCCCO)O)O)CCCC(=O)O
86346053,6917,0,CC1CCC23CCC(=O)C2C1(C(CC(C(C3C)O)(C)C=C)OC(=O)CSC4CCC(CC4O)N)C.CC(=O)O,C=CN1CCCC1=O
86346053,2723854,0,CC1CCC23CCC(=O)C2C1(C(CC(C(C3C)O)(C)C=C)OC(=O)CSC4CCC(CC4O)N)C.CC(=O)O,C1=CC2=C(C=C1S(=O)(=O)[O-])C(=C(N2)C3=NC4=C(C3=O)C=C(C=C4)S(=O)(=O)[O-])O.[Na+].[Na+]
86346053,6328154,0,CC1CCC23CCC(=O)C2C1(C(CC(C(C3C)O)(C)C=C)OC(=O)CSC4CCC(CC4O)N)C.CC(=O)O,CC(=O)O.C(C(C(C(C(C=O)O)O)O)O)O.[Na]
86346053,22146182,0,CC1CCC23CCC(=O)C2C1(C(CC(C(C3C)O)(C)C=C)OC(=O)CSC4CCC(CC4O)N)C.CC(=O)O,CC(=O)OC=C.C=CO
86346053,11177,0,CC1CCC23CCC(=O)C2C1(C(CC(C(C3C)O)(C)C=C)OC(=O)CSC4CCC(CC4O)N)C.CC(=O)O,CCCCCCCCCCCCCCCCCC(=O)[O-].CCCCCCCCCCCCCCCCCC(=O)[O-].[Mg+2]
86346053,14055602,0,CC1CCC23CCC(=O)C2C1(C(CC(C(C3C)O)(C)C=C)OC(=O)CSC4CCC(CC4O)N)C.CC(=O)O,COC1C(OC(C(C1O)O)OC2C(OC(C(C2O)O)OC)CO)CO
86346053,14789,0,CC1CCC23CCC(=O)C2C1(C(CC(C(C3C)O)(C)C=C)OC(=O)CSC4CCC(CC4O)N)C.CC(=O)O,O[Fe]=O.O[Fe]=O.[Fe]
86346053,26924,0,CC1CCC23CCC(=O)C2C1(C(CC(C(C3C)O)(C)C=C)OC(=O)CSC4CCC(CC4O)N)C.CC(=O)O,O[Si](=O)[O-].O[Si](=O)[O-].[O-][Si](=O)[O-].[O-][Si](=O)[O-].[Mg+2].[Mg+2].[Mg+2]
86346053,24261,0,CC1CCC23CCC(=O)C2C1(C(CC(C(C3C)O)(C)C=C)OC(=O)CSC4CCC(CC4O)N)C.CC(=O)O,O=[Si]=O
86346053,26042,0,CC1CCC23CCC(=O)C2C1(C(CC(C(C3C)O)(C)C=C)OC(=O)CSC4CCC(CC4O)N)C.CC(=O)O,O=[Ti]=O
86707828,872,0,CC1=CC=C(C=C1)S(=O)(=O)O.CC(C)OC1=C(C=C(C=C1)C2=NN(C3=NC=NC(=C23)N)C(C)C4=C(C(=O)C5=C(O4)C=CC(=C5)F)C6=CC(=CC=C6)F)F,C(C1C(C(C(C(O1)OCC2C(C(C(C(O2)O)O)O)O)O)O)O)O
86707828,174,0,CC1=CC=C(C=C1)S(=O)(=O)O.CC(C)OC1=C(C=C(C=C1)C2=NN(C3=NC=NC(=C23)N)C(C)C4=C(C(=O)C5=C(O4)C=CC(=C5)F)C6=CC(=CC=C6)F)F,C(CO)O
86707828,24181099,0,CC1=CC=C(C=C1)S(=O)(=O)O.CC(C)OC1=C(C=C(C=C1)C2=NN(C3=NC=NC(=C23)N)C(C)C4=C(C(=O)C5=C(O4)C=CC(=C5)F)C6=CC(=CC=C6)F)F,C1=CC(=CC=C1N=NC2C(=NN(C2=O)C3=CC=C(C=C3)S(=O)(=O)O)C(=O)O)S(=O)(=O)O.[Na+]
86707828,6328154,0,CC1=CC=C(C=C1)S(=O)(=O)O.CC(C)OC1=C(C=C(C=C1)C2=NN(C3=NC=NC(=C23)N)C(C)C4=C(C(=O)C5=C(O4)C=CC(=C5)F)C6=CC(=CC=C6)F)F,CC(=O)O.C(C(C(C(C(C=O)O)O)O)O)O.[Na]
86707828,5541,0,CC1=CC=C(C=C1)S(=O)(=O)O.CC(C)OC1=C(C=C(C=C1)C2=NN(C3=NC=NC(=C23)N)C(C)C4=C(C(=O)C5=C(O4)C=CC(=C5)F)C6=CC(=CC=C6)F)F,CC(=O)OCC(COC(=O)C)OC(=O)C
86707828,24832095,0,CC1=CC=C(C=C1)S(=O)(=O)O.CC(C)OC1=C(C=C(C=C1)C2=NN(C3=NC=NC(=C23)N)C(C)C4=C(C(=O)C5=C(O4)C=CC(=C5)F)C6=CC(=CC=C6)F)F,CC(COCC1C(C(C(C(O1)OC)OCC(C)O)OCC(C)O)OC2C(C(C(C(O2)COC)OC3C(C(C(C(O3)CO)OC)O)O)OC)OC)O
86707828,146156863,0,CC1=CC=C(C=C1)S(=O)(=O)O.CC(C)OC1=C(C=C(C=C1)C2=NN(C3=NC=NC(=C23)N)C(C)C4=C(C(=O)C5=C(O4)C=CC(=C5)F)C6=CC(=CC=C6)F)F,CC(COCC1C2C(C(C(O1)OC3C(OC(C(C3O)O)OC4C(OC(C(C4O)O)OC5C(OC(C(C5O)O)OC6C(OC(C(C6O)O)OC7C(OC(C(C7O)O)OC8C(OC(O2)C(C8O)O)CO)CO)COCC(C)O)CO)COCC(C)O)CO)O)O)O
86707828,123706,0,CC1=CC=C(C=C1)S(=O)(=O)O.CC(C)OC1=C(C=C(C=C1)C2=NN(C3=NC=NC(=C23)N)C(C)C4=C(C(=O)C5=C(O4)C=CC(=C5)F)C6=CC(=CC=C6)F)F,CCC(C1=C(C=C(C=C1)N(C)C)C)N
86707828,11177,0,CC1=CC=C(C=C1)S(=O)(=O)O.CC(C)OC1=C(C=C(C=C1)C2=NN(C3=NC=NC(=C23)N)C(C)C4=C(C(=O)C5=C(O4)C=CC(=C5)F)C6=CC(=CC=C6)F)F,CCCCCCCCCCCCCCCCCC(=O)[O-].CCCCCCCCCCCCCCCCCC(=O)[O-].[Mg+2]
86707828,19700,0,CC1=CC=C(C=C1)S(=O)(=O)O.CC(C)OC1=C(C=C(C=C1)C2=NN(C3=NC=NC(=C23)N)C(C)C4=C(C(=O)C5=C(O4)C=CC(=C5)F)C6=CC(=CC=C6)F)F,CCN(CC1=CC(=CC=C1)S(=O)(=O)[O-])C2=CC=C(C=C2)C(=C3C=CC(=[N+](CC)CC4=CC(=CC=C4)S(=O)(=O)[O-])C=C3)C5=CC=CC=C5S(=O)(=O)[O-].[Na+].[Na+]
86707828,14055602,0,CC1=CC=C(C=C1)S(=O)(=O)O.CC(C)OC1=C(C=C(C=C1)C2=NN(C3=NC=NC(=C23)N)C(C)C4=C(C(=O)C5=C(O4)C=CC(=C5)F)C6=CC(=CC=C6)F)F,COC1C(OC(C(C1O)O)OC2C(OC(C(C2O)O)OC)CO)CO
86707828,23320441,0,CC1=CC=C(C=C1)S(=O)(=O)O.CC(C)OC1=C(C=C(C=C1)C2=NN(C3=NC=NC(=C23)N)C(C)C4=C(C(=O)C5=C(O4)C=CC(=C5)F)C6=CC(=CC=C6)F)F,O.[OH-].[O-2].[Fe+3]
86707828,26042,0,CC1=CC=C(C=C1)S(=O)(=O)O.CC(C)OC1=C(C=C(C=C1)C2=NN(C3=NC=NC(=C23)N)C(C)C4=C(C(=O)C5=C(O4)C=CC(=C5)F)C6=CC(=CC=C6)F)F,O=[Ti]=O
91618104,6328154,0,CC(C)OC1=C(C=C(C=C1)C2=NC(=NO2)C3=C4CCC(C4=CC=C3)NCCO)C#N.Cl,CC(=O)O.C(C(C(C(C(C=O)O)O)O)O)O.[Na]
91618104,11177,0,CC(C)OC1=C(C=C(C=C1)C2=NC(=NO2)C3=C4CCC(C4=CC=C3)NCCO)C#N.Cl,CCCCCCCCCCCCCCCCCC(=O)[O-].CCCCCCCCCCCCCCCCCC(=O)[O-].[Mg+2]
91618104,14055602,0,CC(C)OC1=C(C=C(C=C1)C2=NC(=NO2)C3=C4CCC(C4=CC=C3)NCCO)C#N.Cl,COC1C(OC(C(C1O)O)OC2C(OC(C(C2O)O)OC)CO)CO
91618104,56841934,0,CC(C)OC1=C(C=C(C=C1)C2=NC(=NO2)C3=C4CCC(C4=CC=C3)NCCO)C#N.Cl,O.O.O.[Fe].[Fe]
91618104,16211978,0,CC(C)OC1=C(C=C(C=C1)C2=NC(=NO2)C3=C4CCC(C4=CC=C3)NCCO)C#N.Cl,O=[Fe].O=[Fe]O[Fe]=O
91618104,24261,0,CC(C)OC1=C(C=C(C=C1)C2=NC(=NO2)C3=C4CCC(C4=CC=C3)NCCO)C#N.Cl,O=[Si]=O
91618104,26042,0,CC(C)OC1=C(C=C(C=C1)C2=NC(=NO2)C3=C4CCC(C4=CC=C3)NCCO)C#N.Cl,O=[Ti]=O
118023034,14923,0,CC(C1=CC=C(C=C1)F)(C2=CN=C(N=C2)N3CCN(CC3)C4=NC=NN5C4=CC(=C5)C6=CN(N=C6)C)N,[NH4+].[OH-]
118023034,174,0,CC(C1=CC=C(C=C1)F)(C2=CN=C(N=C2)N3CCN(CC3)C4=NC=NN5C4=CC(=C5)C6=CN(N=C6)C)N,C(CO)O
118023034,6850749,0,CC(C1=CC=C(C=C1)F)(C2=CN=C(N=C2)N3CCN(CC3)C4=NC=NN5C4=CC(=C5)C6=CN(N=C6)C)N,CC1(C2CCC(C23CC1C(=CC3O)C(=O)O)C(=O)O)CO.C(CCCC(C(CCCCCO)O)O)CCCC(=O)O
118023034,11199,0,CC(C1=CC=C(C=C1)F)(C2=CN=C(N=C2)N3CCN(CC3)C4=NC=NN5C4=CC(=C5)C6=CN(N=C6)C)N,C=CO
118023034,6328154,0,CC(C1=CC=C(C=C1)F)(C2=CN=C(N=C2)N3CCN(CC3)C4=NC=NN5C4=CC(=C5)C6=CN(N=C6)C)N,CC(=O)O.C(C(C(C(C(C=O)O)O)O)O)O.[Na]
118023034,270885,0,CC(C1=CC=C(C=C1)F)(C2=CN=C(N=C2)N3CCN(CC3)C4=NC=NN5C4=CC(=C5)C6=CN(N=C6)C)N,CC(=O)OC=C.C=CN1CCCC1=O
118023034,3776,0,CC(C1=CC=C(C=C1)F)(C2=CN=C(N=C2)N3CCN(CC3)C4=NC=NN5C4=CC(=C5)C6=CN(N=C6)C)N,CC(C)O
118023034,1030,0,CC(C1=CC=C(C=C1)F)(C2=CN=C(N=C2)N3CCN(CC3)C4=NC=NN5C4=CC(=C5)C6=CN(N=C6)C)N,CC(CO)O
118023034,11177,0,CC(C1=CC=C(C=C1)F)(C2=CN=C(N=C2)N3CCN(CC3)C4=NC=NN5C4=CC(=C5)C6=CN(N=C6)C)N,CCCCCCCCCCCCCCCCCC(=O)[O-].CCCCCCCCCCCCCCCCCC(=O)[O-].[Mg+2]
118023034,263,0,CC(C1=CC=C(C=C1)F)(C2=CN=C(N=C2)N3CCN(CC3)C4=NC=NN5C4=CC(=C5)C6=CN(N=C6)C)N,CCCCO
118023034,19700,0,CC(C1=CC=C(C=C1)F)(C2=CN=C(N=C2)N3CCN(CC3)C4=NC=NN5C4=CC(=C5)C6=CN(N=C6)C)N,CCN(CC1=CC(=CC=C1)S(=O)(=O)[O-])C2=CC=C(C=C2)C(=C3C=CC(=[N+](CC)CC4=CC(=CC=C4)S(=O)(=O)[O-])C=C3)C5=CC=CC=C5S(=O)(=O)[O-].[Na+].[Na+]
118023034,14055602,0,CC(C1=CC=C(C=C1)F)(C2=CN=C(N=C2)N3CCN(CC3)C4=NC=NN5C4=CC(=C5)C6=CN(N=C6)C)N,COC1C(OC(C(C1O)O)OC2C(OC(C(C2O)O)OC)CO)CO
118023034,26924,0,CC(C1=CC=C(C=C1)F)(C2=CN=C(N=C2)N3CCN(CC3)C4=NC=NN5C4=CC(=C5)C6=CN(N=C6)C)N,O[Si](=O)[O-].O[Si](=O)[O-].[O-][Si](=O)[O-].[O-][Si](=O)[O-].[Mg+2].[Mg+2].[Mg+2]
118023034,16211978,0,CC(C1=CC=C(C=C1)F)(C2=CN=C(N=C2)N3CCN(CC3)C4=NC=NN5C4=CC(=C5)C6=CN(N=C6)C)N,O=[Fe].O=[Fe]O[Fe]=O
118023034,26042,0,CC(C1=CC=C(C=C1)F)(C2=CN=C(N=C2)N3CCN(CC3)C4=NC=NN5C4=CC(=C5)C6=CN(N=C6)C)N,O=[Ti]=O
118988661,54670067,0,C1=CC=NC(=C1)C(C2=CC=C(C=C2)OS(=O)(=O)[O-])C3=CC=C(C=C3)OS(=O)(=O)[O-].C(C(=O)O)C(CC(=O)O)(C(=O)O)O.O=[Mg].[Na+].[Na+],C(C(C1C(=C(C(=O)O1)O)O)O)O
118988661,104938,0,C1=CC=NC(=C1)C(C2=CC=C(C=C2)OS(=O)(=O)[O-])C3=CC=C(C=C3)OS(=O)(=O)[O-].C(C(=O)O)C(CC(=O)O)(C(=O)O)O.O=[Mg].[Na+].[Na+],C(C1C(C(C(C(O1)OC2C(OC(C(C2O)O)O)CO)O)O)O)O.O
118988661,516893,0,C1=CC=NC(=C1)C(C2=CC=C(C=C2)OS(=O)(=O)[O-])C3=CC=C(C=C3)OS(=O)(=O)[O-].C(C(=O)O)C(CC(=O)O)(C(=O)O)O.O=[Mg].[Na+].[Na+],C(=O)(O)[O-].[K+]
118988661,656582,0,C1=CC=NC(=C1)C(C2=CC=C(C=C2)OS(=O)(=O)[O-])C3=CC=C(C=C3)OS(=O)(=O)[O-].C(C(=O)O)C(CC(=O)O)(C(=O)O)O.O=[Mg].[Na+].[Na+],C1=CC=C2C(=C1)C(=O)[N-]S2(=O)=O.[Na+]
118988661,14109413,0,C1=CC=NC(=C1)C(C2=CC=C(C=C2)OS(=O)(=O)[O-])C3=CC=C(C=C3)OS(=O)(=O)[O-].C(C(=O)O)C(CC(=O)O)(C(=O)O)O.O=[Mg].[Na+].[Na+],CC(=O)C1CC(=O)C2(C1(CC(=O)C3=C2C(CC4C3(CCC(C4(C)C)O)C)O)C)C
118988661,8456,0,C1=CC=NC(=C1)C(C2=CC=C(C=C2)OS(=O)(=O)[O-])C3=CC=C(C=C3)OS(=O)(=O)[O-].C(C(=O)O)C(CC(=O)O)(C(=O)O)O.O=[Mg].[Na+].[Na+],CC(C)(C)C1=C(C=CC(=C1)OC)O
124081896,104938,0,COC(=O)OCOC1=C2C(=O)N3CCOCC3N(N2C=CC1=O)C4C5=C(CSC6=CC=CC=C46)C(=C(C=C5)F)F,C(C1C(C(C(C(O1)OC2C(OC(C(C2O)O)O)CO)O)O)O)O.O
124081896,6917,0,COC(=O)OCOC1=C2C(=O)N3CCOCC3N(N2C=CC1=O)C4C5=C(CSC6=CC=CC=C46)C(=C(C=C5)F)F,C=CN1CCCC1=O
124081896,6328154,0,COC(=O)OCOC1=C2C(=O)N3CCOCC3N(N2C=CC1=O)C4C5=C(CSC6=CC=CC=C46)C(=C(C=C5)F)F,CC(=O)O.C(C(C(C(C(C=O)O)O)O)O)O.[Na]
124081896,23665634,0,COC(=O)OCOC1=C2C(=O)N3CCOCC3N(N2C=CC1=O)C4C5=C(CSC6=CC=CC=C46)C(=C(C=C5)F)F,CCCCCCCCCCCCCCCCCCOC(=O)C=CC(=O)[O-].[Na+]
124081896,14055602,0,COC(=O)OCOC1=C2C(=O)N3CCOCC3N(N2C=CC1=O)C4C5=C(CSC6=CC=CC=C46)C(=C(C=C5)F)F,COC1C(OC(C(C1O)O)OC2C(OC(C(C2O)O)OC)CO)CO
124081896,26924,0,COC(=O)OCOC1=C2C(=O)N3CCOCC3N(N2C=CC1=O)C4C5=C(CSC6=CC=CC=C46)C(=C(C=C5)F)F,O[Si](=O)[O-].O[Si](=O)[O-].[O-][Si](=O)[O-].[O-][Si](=O)[O-].[Mg+2].[Mg+2].[Mg+2]
124081896,26042,0,COC(=O)OCOC1=C2C(=O)N3CCOCC3N(N2C=CC1=O)C4C5=C(CSC6=CC=CC=C46)C(=C(C=C5)F)F,O=[Ti]=O
129073603,14797,0,CC1=CC(=NN1)NC2=NC(=NC(=C2)C)C3CCC(CC3)(C(=O)NC(C)C4=CN=C(C=C4)N5C=C(C=N5)F)OC,[OH-].[K+]
129073603,516892,0,CC1=CC(=NN1)NC2=NC(=NC(=C2)C)C3CCC(CC3)(C(=O)NC(C)C4=CN=C(C=C4)N5C=C(C=N5)F)OC,C(=O)(O)[O-].[Na+]
129073603,311,0,CC1=CC(=NN1)NC2=NC(=NC(=C2)C)C3CCC(CC3)(C(=O)NC(C)C4=CN=C(C=C4)N5C=C(C=N5)F)OC,C(C(=O)O)C(CC(=O)O)(C(=O)O)O
129073603,6850749,0,CC1=CC(=NN1)NC2=NC(=NC(=C2)C)C3CCC(CC3)(C(=O)NC(C)C4=CN=C(C=C4)N5C=C(C=N5)F)OC,CC1(C2CCC(C23CC1C(=CC3O)C(=O)O)C(=O)O)CO.C(CCCC(C(CCCCCO)O)O)CCCC(=O)O
129073603,3776,0,CC1=CC(=NN1)NC2=NC(=NC(=C2)C)C3CCC(CC3)(C(=O)NC(C)C4=CN=C(C=C4)N5C=C(C=N5)F)OC,CC(C)O
129073603,1030,0,CC1=CC(=NN1)NC2=NC(=NC(=C2)C)C3CCC(CC3)(C(=O)NC(C)C4=CN=C(C=C4)N5C=C(C=N5)F)OC,CC(CO)O
129073603,11177,0,CC1=CC(=NN1)NC2=NC(=NC(=C2)C)C3CCC(CC3)(C(=O)NC(C)C4=CN=C(C=C4)N5C=C(C=N5)F)OC,CCCCCCCCCCCCCCCCCC(=O)[O-].CCCCCCCCCCCCCCCCCC(=O)[O-].[Mg+2]
129073603,263,0,CC1=CC(=NN1)NC2=NC(=NC(=C2)C)C3CCC(CC3)(C(=O)NC(C)C4=CN=C(C=C4)N5C=C(C=N5)F)OC,CCCCO
129073603,19700,0,CC1=CC(=NN1)NC2=NC(=NC(=C2)C)C3CCC(CC3)(C(=O)NC(C)C4=CN=C(C=C4)N5C=C(C=N5)F)OC,CCN(CC1=CC(=CC=C1)S(=O)(=O)[O-])C2=CC=C(C=C2)C(=C3C=CC(=[N+](CC)CC4=CC(=CC=C4)S(=O)(=O)[O-])C=C3)C5=CC=CC=C5S(=O)(=O)[O-].[Na+].[Na+]
129073603,14055602,0,CC1=CC(=NN1)NC2=NC(=NC(=C2)C)C3CCC(CC3)(C(=O)NC(C)C4=CN=C(C=C4)N5C=C(C=N5)F)OC,COC1C(OC(C(C1O)O)OC2C(OC(C(C2O)O)OC)CO)CO
129073603,222,0,CC1=CC(=NN1)NC2=NC(=NC(=C2)C)C3CCC(CC3)(C(=O)NC(C)C4=CN=C(C=C4)N5C=C(C=N5)F)OC,N
129073603,26042,0,CC1=CC(=NN1)NC2=NC(=NC(=C2)C)C3CCC(CC3)(C(=O)NC(C)C4=CN=C(C=C4)N5C=C(C=N5)F)OC,O=[Ti]=O
135398513,6134,1,C1=NC2=C(N1COCCO)N=C(NC2=O)N,C(C1C(C(C(C(O1)OC2C(OC(C(C2O)O)O)CO)O)O)O)O
135398739,6917,0,C1CC(OC1CO)N2C=NC3=C2N=CNC3=O,C=CN1CCCC1=O
135398739,6658,0,C1CC(OC1CO)N2C=NC3=C2N=CNC3=O,CC(=C)C(=O)OC
135398739,11177,0,C1CC(OC1CO)N2C=NC3=C2N=CNC3=O,CCCCCCCCCCCCCCCCCC(=O)[O-].CCCCCCCCCCCCCCCCCC(=O)[O-].[Mg+2]
135398739,6781,0,C1CC(OC1CO)N2C=NC3=C2N=CNC3=O,CCOC(=O)C1=CC=CC=C1C(=O)OCC
135398739,24832091,0,C1CC(OC1CO)N2C=NC3=C2N=CNC3=O,CCOCC1C(C(C(C(O1)OC)OCC)OCC)OC2C(C(C(C(O2)CO)OC)O)O
135398739,14055602,0,C1CC(OC1CO)N2C=NC3=C2N=CNC3=O,COC1C(OC(C(C1O)O)OC2C(OC(C(C2O)O)OC)CO)CO
135398739,24261,0,C1CC(OC1CO)N2C=NC3=C2N=CNC3=O,O=[Si]=O
135401907,6251,0,C1=NNC2=C1C(=O)NC=N2,C(C(C(C(C(CO)O)O)O)O)O
135401907,23706213,0,C1=NNC2=C1C(=O)NC=N2,CC(=O)[O-].C(C(C(C(C(C=O)O)O)O)O)O.[Na+]
135401907,11177,0,C1=NNC2=C1C(=O)NC=N2,CCCCCCCCCCCCCCCCCC(=O)[O-].CCCCCCCCCCCCCCCCCC(=O)[O-].[Mg+2]
135401907,134601,0,C1=NNC2=C1C(=O)NC=N2,COC(=O)C(CC1=CC=CC=C1)NC(=O)C(CC(=O)O)N
135401907,14055602,0,C1=NNC2=C1C(=O)NC=N2,COC1C(OC(C(C1O)O)OC2C(OC(C(C2O)O)OC)CO)CO
135401907,26924,0,C1=NNC2=C1C(=O)NC=N2,O[Si](=O)[O-].O[Si](=O)[O-].[O-][Si](=O)[O-].[O-][Si](=O)[O-].[Mg+2].[Mg+2].[Mg+2]
135413536,5988,0,CC(C1=CC(=CC(=C1)C(F)(F)F)C(F)(F)F)OC2C(N(CCO2)CC3=NNC(=O)N3)C4=CC=C(C=C4)F,C(C1C(C(C(C(O1)OC2(C(C(C(O2)CO)O)O)CO)O)O)O)O
135413536,123706,0,CC(C1=CC(=CC(=C1)C(F)(F)F)C(F)(F)F)OC2C(N(CCO2)CC3=NNC(=O)N3)C4=CC=C(C=C4)F,CCC(C1=C(C=C(C=C1)N(C)C)C)N
135413536,3423265,0,CC(C1=CC(=CC(=C1)C(F)(F)F)C(F)(F)F)OC2C(N(CCO2)CC3=NNC(=O)N3)C4=CC=C(C=C4)F,CCCCCCCCCCCCOS(=O)(=O)[O-].[Na+]
135413536,14055602,0,CC(C1=CC(=CC(=C1)C(F)(F)F)C(F)(F)F)OC2C(N(CCO2)CC3=NNC(=O)N3)C4=CC=C(C=C4)F,COC1C(OC(C(C1O)O)OC2C(OC(C(C2O)O)OC)CO)CO
135413536,56841934,0,CC(C1=CC(=CC(=C1)C(F)(F)F)C(F)(F)F)OC2C(N(CCO2)CC3=NNC(=O)N3)C4=CC=C(C=C4)F,O.O.O.[Fe].[Fe]
135413536,518696,0,CC(C1=CC(=CC(=C1)C(F)(F)F)C(F)(F)F)OC2C(N(CCO2)CC3=NNC(=O)N3)C4=CC=C(C=C4)F,O=[Fe]O[Fe]=O
135413536,26042,0,CC(C1=CC(=CC(=C1)C(F)(F)F)C(F)(F)F)OC2C(N(CCO2)CC3=NNC(=O)N3)C4=CC=C(C=C4)F,O=[Ti]=O
135476717,135436510,0,CCS(=O)(=O)O.CN1CCN(CC1)CC(=O)N(C)C2=CC=C(C=C2)N=C(C3=CC=CC=C3)C4=C(NC5=C4C=CC(=C5)C(=O)OC)O,C1=CC=C(C=C1)N=NC2=C(C3=C(C(=C(C=C3C=C2S(=O)(=O)O)S(=O)(=O)O)N=NC4=CC=C(C=C4)[N+](=O)[O-])N)O.[Na+]
135476717,6438359,0,CCS(=O)(=O)O.CN1CCN(CC1)CC(=O)N(C)C2=CC=C(C=C2)N=C(C3=CC=CC=C3)C4=C(NC5=C4C=CC(=C5)C(=O)OC)O,CCCCCCCCCCCCCCCC(=O)OCC(COP(=O)([O-])OCC[N+](C)(C)C)OC(=O)CCCCCCCC=CCC=CCCCCC
135476717,56841934,0,CCS(=O)(=O)O.CN1CCN(CC1)CC(=O)N(C)C2=CC=C(C=C2)N=C(C3=CC=CC=C3)C4=C(NC5=C4C=CC(=C5)C(=O)OC)O,O.O.O.[Fe].[Fe]
135476717,518696,0,CCS(=O)(=O)O.CN1CCN(CC1)CC(=O)N(C)C2=CC=C(C=C2)N=C(C3=CC=CC=C3)C4=C(NC5=C4C=CC(=C5)C(=O)OC)O,O=[Fe]O[Fe]=O
135476717,26042,0,CCS(=O)(=O)O.CN1CCN(CC1)CC(=O)N(C)C2=CC=C(C=C2)N=C(C3=CC=CC=C3)C4=C(NC5=C4C=CC(=C5)C(=O)OC)O,O=[Ti]=O
135565082,14923,0,CN1C(=NC=N1)C2C(NC3=CC(=CC4=C3C2=NNC4=O)F)C5=CC=C(C=C5)F,[NH4+].[OH-]
135565082,14797,0,CN1C(=NC=N1)C2C(NC3=CC(=CC4=C3C2=NNC4=O)F)C5=CC=C(C=C5)F,[OH-].[K+]
135565082,294,0,CN1C(=NC=N1)C2C(NC3=CC(=CC4=C3C2=NNC4=O)F)C5=CC=C(C=C5)F,C(C1C(C(C(C(O1)OC2C(OC(C(C2O)O)O)CO)O)O)O)O
135565082,6850749,0,CN1C(=NC=N1)C2C(NC3=CC(=CC4=C3C2=NNC4=O)F)C5=CC=C(C=C5)F,CC1(C2CCC(C23CC1C(=CC3O)C(=O)O)C(=O)O)CO.C(CCCC(C(CCCCCO)O)O)CCCC(=O)O
135565082,1030,0,CN1C(=NC=N1)C2C(NC3=CC(=CC4=C3C2=NNC4=O)F)C5=CC=C(C=C5)F,CC(CO)O
135565082,445709,0,CN1C(=NC=N1)C2C(NC3=CC(=CC4=C3C2=NNC4=O)F)C5=CC=C(C=C5)F,O.O.O.[Fe]
135565082,56841934,0,CN1C(=NC=N1)C2C(NC3=CC(=CC4=C3C2=NNC4=O)F)C5=CC=C(C=C5)F,O.O.O.[Fe].[Fe]
135565082,16211978,0,CN1C(=NC=N1)C2C(NC3=CC(=CC4=C3C2=NNC4=O)F)C5=CC=C(C=C5)F,O=[Fe].O=[Fe]O[Fe]=O
135565082,26042,0,CN1C(=NC=N1)C2C(NC3=CC(=CC4=C3C2=NNC4=O)F)C5=CC=C(C=C5)F,O=[Ti]=O
135565903,104938,0,CC1=C(C(=[N+](C(=C1Cl)C)[O-])Cl)C2=NOC(=N2)C3=CC(=C(C(=C3)O)O)[N+](=O)[O-],C(C1C(C(C(C(O1)OC2C(OC(C(C2O)O)O)CO)O)O)O)O.O
135565903,3259,0,CC1=C(C(=[N+](C(=C1Cl)C)[O-])Cl)C2=NOC(=N2)C3=CC(=C(C(=C3)O)O)[N+](=O)[O-],C1=CC=C2C(=C1)C(=O)OC23C4=CC(=C(C(=C4OC5=C(C(=C(C=C35)I)O)I)I)O)I
135565903,2723854,0,CC1=C(C(=[N+](C(=C1Cl)C)[O-])Cl)C2=NOC(=N2)C3=CC(=C(C(=C3)O)O)[N+](=O)[O-],C1=CC2=C(C=C1S(=O)(=O)[O-])C(=C(N2)C3=NC4=C(C3=O)C=C(C=C4)S(=O)(=O)[O-])O.[Na+].[Na+]
135565903,11177,0,CC1=C(C(=[N+](C(=C1Cl)C)[O-])Cl)C2=NOC(=N2)C3=CC(=C(C(=C3)O)O)[N+](=O)[O-],CCCCCCCCCCCCCCCCCC(=O)[O-].CCCCCCCCCCCCCCCCCC(=O)[O-].[Mg+2]
135565903,26042,0,CC1=C(C(=[N+](C(=C1Cl)C)[O-])Cl)C2=NOC(=N2)C3=CC(=C(C(=C3)O)O)[N+](=O)[O-],O=[Ti]=O
